model,fold,series,cutoff,test_start,test_end,smape,mae,rmse,mase,n_obs,fit_time_s
Naive,0,s1_i1,2014-12-31,2015-01-01,2015-03-31,30.20860820327091,4.433333333333334,5.679397464129056,0.9914321061810067,90,0.0010111331939697266
SeasonalNaive,0,s1_i1,2014-12-31,2015-01-01,2015-03-31,29.445181291505435,4.344444444444444,5.620399353149995,0.9715537682124651,90,0.000701904296875
ETS,0,s1_i1,2014-12-31,2015-01-01,2015-03-31,23.47128447466615,3.4370650130274623,4.408059637104893,0.7686353244241051,90,0.38590073585510254
SARIMA,0,s1_i1,2014-12-31,2015-01-01,2015-03-31,25.592716069505904,3.69816824949157,4.75492129037413,0.8270261811891324,90,1.5201361179351807
Prophet,0,s1_i1,2014-12-31,2015-01-01,2015-03-31,22.80784916272658,3.476905513445066,4.35318776109508,0.7775449074106457,90,0.6510841846466064
LightGBM,0,s1_i1,2014-12-31,2015-01-01,2015-03-31,21.07262872782854,3.145574875329864,3.9681155008129725,0.7034490053680477,90,0.09961676597595215
Naive,0,s1_i2,2014-12-31,2015-01-01,2015-03-31,21.721879000775285,9.166666666666666,11.067971810589327,1.1282771534191787,90,0.0008950233459472656
SeasonalNaive,0,s1_i2,2014-12-31,2015-01-01,2015-03-31,20.217969983079055,8.566666666666666,10.589827403902504,1.0544262851953778,90,0.0006237030029296875
ETS,0,s1_i2,2014-12-31,2015-01-01,2015-03-31,15.65687725346751,6.509939712786865,8.427508907294659,0.8012744997898505,90,0.38866090774536133
SARIMA,0,s1_i2,2014-12-31,2015-01-01,2015-03-31,20.322188928890938,8.26419074048941,10.7668862411596,1.0171961022537301,90,1.6132307052612305
Prophet,0,s1_i2,2014-12-31,2015-01-01,2015-03-31,18.322342849445736,7.729070826476851,9.306404795028211,0.951330985164275,90,0.5393967628479004
LightGBM,0,s1_i2,2014-12-31,2015-01-01,2015-03-31,15.85261361187354,6.533064128745187,7.9374789309908955,0.8041207634493346,90,0.09861087799072266
Naive,0,s1_i3,2014-12-31,2015-01-01,2015-03-31,20.88859621785326,5.3,6.639109712738431,0.8468287291464625,90,0.0010600090026855469
SeasonalNaive,0,s1_i3,2014-12-31,2015-01-01,2015-03-31,21.84707451344601,5.4,6.912147117775907,0.8628066296963958,90,0.0008287429809570312
ETS,0,s1_i3,2014-12-31,2015-01-01,2015-03-31,16.48926241602333,4.1454817473159915,5.429115124686202,0.6623609509017845,90,0.3542499542236328
SARIMA,0,s1_i3,2014-12-31,2015-01-01,2015-03-31,25.08097535718524,5.934717985220478,7.543229860193465,0.9482433375975304,90,1.7897429466247559
Prophet,0,s1_i3,2014-12-31,2015-01-01,2015-03-31,18.774817064795666,4.797724478142062,5.965902799463433,0.7665756457773428,90,0.49091291427612305
LightGBM,0,s1_i3,2014-12-31,2015-01-01,2015-03-31,17.483152658376486,4.435498535050197,5.5254938245977465,0.7086995448240668,90,0.19399213790893555
Naive,0,s1_i4,2014-12-31,2015-01-01,2015-03-31,26.313753591024636,3.966666666666667,5.128352561983234,0.8083145432400193,90,0.0009350776672363281
SeasonalNaive,0,s1_i4,2014-12-31,2015-01-01,2015-03-31,32.184167881080555,4.488888888888889,5.60357029044876,0.9147313038346436,90,0.0006330013275146484
ETS,0,s1_i4,2014-12-31,2015-01-01,2015-03-31,23.33395361863652,3.4826050487990554,4.370356187412271,0.7096740275559815,90,0.38723206520080566
SARIMA,0,s1_i4,2014-12-31,2015-01-01,2015-03-31,23.594817761239213,3.5208582620563247,4.412935308317976,0.7174691440101444,90,2.0223872661590576
Prophet,0,s1_i4,2014-12-31,2015-01-01,2015-03-31,24.659125941992574,3.766870748789649,4.690618310966965,0.7676007753156541,90,0.4743919372558594
LightGBM,0,s1_i4,2014-12-31,2015-01-01,2015-03-31,22.30803690681289,3.3198606947474,4.0857776652834366,0.6765105078391355,90,0.1763167381286621
Naive,0,s1_i5,2014-12-31,2015-01-01,2015-03-31,31.994178364631626,3.9555555555555557,5.0508525133002165,0.9536067575782623,90,0.0009021759033203125
SeasonalNaive,0,s1_i5,2014-12-31,2015-01-01,2015-03-31,39.475796220494274,4.477777777777778,5.576737397439475,1.0795042789439317,90,0.0006208419799804688
ETS,0,s1_i5,2014-12-31,2015-01-01,2015-03-31,27.790321375057836,3.4529632838645763,4.334005374091903,0.8324416317546626,90,0.33970212936401367
SARIMA,0,s1_i5,2014-12-31,2015-01-01,2015-03-31,31.784795330021836,3.8435224721991044,4.895046568963381,0.926597781503842,90,1.7979998588562012
Prophet,0,s1_i5,2014-12-31,2015-01-01,2015-03-31,26.90413389354359,3.4713744447751997,4.14511007597889,0.8368802010561537,90,0.45650267601013184
LightGBM,0,s1_i5,2014-12-31,2015-01-01,2015-03-31,25.47951658952711,3.231378985115302,3.9036538110835313,0.7790220092281195,90,0.17787528038024902
Naive,0,s1_i6,2014-12-31,2015-01-01,2015-03-31,17.43131088114498,7.033333333333333,9.217736526212207,0.8329402128415698,90,0.0009429454803466797
SeasonalNaive,0,s1_i6,2014-12-31,2015-01-01,2015-03-31,17.020904028279297,6.877777777777778,8.587458555617282,0.8145181544216932,90,0.0006232261657714844
ETS,0,s1_i6,2014-12-31,2015-01-01,2015-03-31,14.94739734600176,6.03540081110983,7.720508879128644,0.7147575406905221,90,0.3248898983001709
SARIMA,0,s1_i6,2014-12-31,2015-01-01,2015-03-31,16.057475324364823,6.434764627217904,8.15912641232463,0.762053206376344,90,1.8919308185577393
Prophet,0,s1_i6,2014-12-31,2015-01-01,2015-03-31,17.097278030251694,7.1251836784885985,8.627658864981747,0.8438178212837307,90,0.49416589736938477
LightGBM,0,s1_i6,2014-12-31,2015-01-01,2015-03-31,16.207235687091213,6.692219915021747,8.154852552570123,0.7925429972133848,90,0.17224717140197754
Naive,0,s1_i7,2014-12-31,2015-01-01,2015-03-31,36.161431701425784,13.322222222222223,16.127616066858735,1.7471370697267343,90,0.0009431838989257812
SeasonalNaive,0,s1_i7,2014-12-31,2015-01-01,2015-03-31,23.94749511366267,9.177777777777777,11.125546178852424,1.2036156960752982,90,0.0006208419799804688
ETS,0,s1_i7,2014-12-31,2015-01-01,2015-03-31,19.112838687091692,7.3677379159830165,8.92723272616122,0.9662388014796173,90,0.35065221786499023
SARIMA,0,s1_i7,2014-12-31,2015-01-01,2015-03-31,34.04769144298024,12.001677870522085,14.768871484109429,1.5739548520314706,90,1.6855652332305908
Prophet,0,s1_i7,2014-12-31,2015-01-01,2015-03-31,16.74728128548358,6.679525382653471,8.07915012610782,0.8759834665382048,90,0.5006270408630371
LightGBM,0,s1_i7,2014-12-31,2015-01-01,2015-03-31,14.677527838052443,5.747969475633202,6.888308370594582,0.7538149701320146,90,0.11779522895812988
Naive,0,s1_i8,2014-12-31,2015-01-01,2015-03-31,42.42734198872818,20.122222222222224,22.920393636332786,2.137579586412165,90,0.0009672641754150391
SeasonalNaive,0,s1_i8,2014-12-31,2015-01-01,2015-03-31,19.92453664798311,10.344444444444445,13.16181345154737,1.0988882357535759,90,0.000720977783203125
ETS,0,s1_i8,2014-12-31,2015-01-01,2015-03-31,19.49349159967965,10.102522749617588,11.951561589254576,1.0731889431674406,90,0.36751317977905273
SARIMA,0,s1_i8,2014-12-31,2015-01-01,2015-03-31,24.69549005820847,12.394459195187645,14.741005354672916,1.3166608870362506,90,1.9043641090393066
Prophet,0,s1_i8,2014-12-31,2015-01-01,2015-03-31,14.968299841946184,8.253920031880789,10.732084906513876,0.8768122513100022,90,0.5081820487976074
LightGBM,0,s1_i8,2014-12-31,2015-01-01,2015-03-31,12.160705760851888,6.472589253540422,8.074060318041777,0.6875818439336766,90,0.17330718040466309
Naive,0,s1_i9,2014-12-31,2015-01-01,2015-03-31,22.9664288764463,8.077777777777778,10.246408584908611,1.0719958393095228,90,0.0007867813110351562
SeasonalNaive,0,s1_i9,2014-12-31,2015-01-01,2015-03-31,23.35989440975178,7.7555555555555555,10.151080949556281,1.029233969515883,90,0.0005581378936767578
ETS,0,s1_i9,2014-12-31,2015-01-01,2015-03-31,18.05622604427454,6.311799152098926,7.975189851335471,0.8376341384658432,90,0.08009982109069824
SARIMA,0,s1_i9,2014-12-31,2015-01-01,2015-03-31,20.574064189704057,7.105331052186951,8.920146273933419,0.9429431626375584,90,1.7253599166870117
Prophet,0,s1_i9,2014-12-31,2015-01-01,2015-03-31,20.429008720008174,7.411835555114651,8.942849912420252,0.9836191456748782,90,0.09689116477966309
LightGBM,0,s1_i9,2014-12-31,2015-01-01,2015-03-31,17.593507383462715,6.239424957163099,7.684374772240045,0.8280294132581232,90,0.10498619079589844
Naive,0,s1_i10,2014-12-31,2015-01-01,2015-03-31,28.24219360308883,13.522222222222222,16.318700928689147,1.3910880286939258,90,0.0008218288421630859
SeasonalNaive,0,s1_i10,2014-12-31,2015-01-01,2015-03-31,23.849898297998305,11.377777777777778,13.803381228283646,1.1704799847022023,90,0.0005528926849365234
ETS,0,s1_i10,2014-12-31,2015-01-01,2015-03-31,17.80397712848426,8.776137107357544,11.199368262177963,0.9028382367624861,90,0.07074594497680664
SARIMA,0,s1_i10,2014-12-31,2015-01-01,2015-03-31,24.86758940591725,11.582233438652858,14.404241117731006,1.1915132008088436,90,1.8679301738739014
Prophet,0,s1_i10,2014-12-31,2015-01-01,2015-03-31,17.290887078260088,9.235796162684528,11.315776849791481,0.9501253023525859,90,0.09357810020446777
LightGBM,0,s1_i10,2014-12-31,2015-01-01,2015-03-31,13.594740100160527,7.134940067364246,9.126535071226492,0.7340013756650067,90,0.11133193969726562
Naive,0,s1_i11,2014-12-31,2015-01-01,2015-03-31,19.875775526436225,9.811111111111112,11.884163131383435,1.1293477682720612,90,0.0007262229919433594
SeasonalNaive,0,s1_i11,2014-12-31,2015-01-01,2015-03-31,24.18840772747291,10.411111111111111,13.051606967896499,1.1984132037043276,90,0.0005438327789306641
ETS,0,s1_i11,2014-12-31,2015-01-01,2015-03-31,14.377361649495569,6.858807647121077,8.762812036585334,0.7895108944909605,90,0.07525777816772461
SARIMA,0,s1_i11,2014-12-31,2015-01-01,2015-03-31,14.9961598461234,7.119268616578501,9.113078048434701,0.8194923116054392,90,1.8049860000610352
Prophet,0,s1_i11,2014-12-31,2015-01-01,2015-03-31,16.025917429915477,8.141299918198454,9.953548954453739,0.9371373730584195,90,0.10330700874328613
LightGBM,0,s1_i11,2014-12-31,2015-01-01,2015-03-31,13.220347256428802,6.696602088640598,8.381956895183322,0.7708395652809801,90,0.11756181716918945
Naive,0,s1_i12,2014-12-31,2015-01-01,2015-03-31,18.976129860467545,9.38888888888889,12.268749823116543,1.0759497013613497,90,0.0013802051544189453
SeasonalNaive,0,s1_i12,2014-12-31,2015-01-01,2015-03-31,20.937580248415756,9.933333333333334,12.716568370087549,1.1383420509077475,90,0.0007233619689941406
ETS,0,s1_i12,2014-12-31,2015-01-01,2015-03-31,17.20347331294135,8.26893992332851,10.636838571103068,0.9476055736061808,90,0.10740828514099121
SARIMA,0,s1_i12,2014-12-31,2015-01-01,2015-03-31,17.304943973122505,8.311736688431335,10.683513815413349,0.9525100055551103,90,1.901486873626709
Prophet,0,s1_i12,2014-12-31,2015-01-01,2015-03-31,14.9532257200071,7.464941093693012,9.103567929753448,0.855468760520137,90,0.10736370086669922
LightGBM,0,s1_i12,2014-12-31,2015-01-01,2015-03-31,12.48467109832356,6.124263673332281,7.772671704834851,0.7018295506913642,90,0.11485099792480469
Naive,0,s1_i13,2014-12-31,2015-01-01,2015-03-31,19.58746930573391,11.233333333333333,15.060249370814253,1.1248891965632555,90,0.0008740425109863281
SeasonalNaive,0,s1_i13,2014-12-31,2015-01-01,2015-03-31,21.435437863624003,11.155555555555555,13.59166411199649,1.117100646240859,90,0.0006821155548095703
ETS,0,s1_i13,2014-12-31,2015-01-01,2015-03-31,15.329014357481968,8.690099272787549,10.831760871960066,0.8702135420493398,90,0.06546616554260254
SARIMA,0,s1_i13,2014-12-31,2015-01-01,2015-03-31,26.718466934083295,13.871961218786439,17.001935287577766,1.3891174460080697,90,1.4997379779815674
Prophet,0,s1_i13,2014-12-31,2015-01-01,2015-03-31,19.861902260417047,11.955884873001972,14.137655078136222,1.1972444269134097,90,0.10777497291564941
LightGBM,0,s1_i13,2014-12-31,2015-01-01,2015-03-31,13.437193071629622,7.760991650247694,9.642664486573823,0.7771740945383914,90,0.11347198486328125
Naive,0,s1_i14,2014-12-31,2015-01-01,2015-03-31,30.01004551485673,11.8,14.788133380818856,1.431442952846488,90,0.0009059906005859375
SeasonalNaive,0,s1_i14,2014-12-31,2015-01-01,2015-03-31,18.728758244857733,7.655555555555556,9.485075996884088,0.9286856822139644,90,0.000682830810546875
ETS,0,s1_i14,2014-12-31,2015-01-01,2015-03-31,17.18997191464096,7.102592303579407,8.468636048679974,0.8616064152458004,90,0.07587504386901855
SARIMA,0,s1_i14,2014-12-31,2015-01-01,2015-03-31,17.158682590500195,7.09010021764724,8.467519259532267,0.8600910162310587,90,2.082545042037964
Prophet,0,s1_i14,2014-12-31,2015-01-01,2015-03-31,18.623797245750346,7.908795122117761,9.468834298327044,0.9594058511069616,90,0.09615087509155273
LightGBM,0,s1_i14,2014-12-31,2015-01-01,2015-03-31,15.325340575677405,6.373750449457382,7.64243147200696,0.7731915393286359,90,0.11341166496276855
Naive,0,s1_i15,2014-12-31,2015-01-01,2015-03-31,18.993638316985713,11.566666666666666,14.339146108158292,1.0877601455792858,90,0.0008692741394042969
SeasonalNaive,0,s1_i15,2014-12-31,2015-01-01,2015-03-31,17.542749928293976,10.533333333333333,13.23547421809199,0.990582726233586,90,0.0006449222564697266
ETS,0,s1_i15,2014-12-31,2015-01-01,2015-03-31,15.52061908221049,9.404913901420722,11.214320446604008,0.8844631568792554,90,0.11354494094848633
SARIMA,0,s1_i15,2014-12-31,2015-01-01,2015-03-31,17.952048126907723,10.74303137161248,12.868802469439403,1.0103032883643825,90,1.7593190670013428
Prophet,0,s1_i15,2014-12-31,2015-01-01,2015-03-31,16.471385530932988,10.190729975456186,12.405693878102433,0.9583633938035804,90,0.08906435966491699
LightGBM,0,s1_i15,2014-12-31,2015-01-01,2015-03-31,13.075344348082973,7.932699138036361,10.001950047196852,0.7460121587228047,90,0.11353492736816406
Naive,0,s1_i16,2014-12-31,2015-01-01,2015-03-31,34.80867925521942,5.9222222222222225,7.487025815072068,1.098734068738076,90,0.0010459423065185547
SeasonalNaive,0,s1_i16,2014-12-31,2015-01-01,2015-03-31,27.409421961209567,4.7444444444444445,5.945119380167604,0.8802241038483272,90,0.0007131099700927734
ETS,0,s1_i16,2014-12-31,2015-01-01,2015-03-31,25.039394387382963,4.375018677652426,5.362179881304178,0.8116855281898524,90,0.07625985145568848
SARIMA,0,s1_i16,2014-12-31,2015-01-01,2015-03-31,24.847676286567907,4.348709123487126,5.33462547425227,0.8068043868868032,90,1.8744680881500244
Prophet,0,s1_i16,2014-12-31,2015-01-01,2015-03-31,25.24303552999226,4.554338218648733,5.5443491838899615,0.8449542036110167,90,0.09211492538452148
LightGBM,0,s1_i16,2014-12-31,2015-01-01,2015-03-31,22.511123926596365,3.9266838245550577,4.8590306924660185,0.7285071605405686,90,0.11085200309753418
Naive,0,s1_i17,2014-12-31,2015-01-01,2015-03-31,19.094616602136504,4.266666666666667,5.647024782032472,0.7163957267724212,90,0.0008668899536132812
SeasonalNaive,0,s1_i17,2014-12-31,2015-01-01,2015-03-31,23.010959660260205,4.833333333333333,6.076365872972284,0.8115420342343833,90,0.0006051063537597656
ETS,0,s1_i17,2014-12-31,2015-01-01,2015-03-31,36.907280529441024,7.166066845333316,8.85143625889516,1.203220234163042,90,0.061292171478271484
SARIMA,0,s1_i17,2014-12-31,2015-01-01,2015-03-31,17.974776720635806,3.9458133847007204,4.935027425878521,0.6625227767439891,90,1.7909252643585205
Prophet,0,s1_i17,2014-12-31,2015-01-01,2015-03-31,20.311858351191667,4.661049840275478,5.812601923010546,0.7826147315265536,90,0.1001121997833252
LightGBM,0,s1_i17,2014-12-31,2015-01-01,2015-03-31,19.195968389414382,4.368632944084203,5.512020377421338,0.733516399916987,90,0.11213183403015137
Naive,0,s1_i18,2014-12-31,2015-01-01,2015-03-31,51.797321804086984,26.0,28.734416066220426,2.6490980831573703,90,0.0007700920104980469
SeasonalNaive,0,s1_i18,2014-12-31,2015-01-01,2015-03-31,21.099767493408468,11.71111111111111,13.870832707519762,1.193226230618747,90,0.0006868839263916016
ETS,0,s1_i18,2014-12-31,2015-01-01,2015-03-31,16.432003114946802,9.70459057190631,11.600581735425678,0.9887850877640036,90,0.10492706298828125
SARIMA,0,s1_i18,2014-12-31,2015-01-01,2015-03-31,25.547510986407936,14.091430548634758,16.888965315684082,1.435753140589752,90,1.8399357795715332
Prophet,0,s1_i18,2014-12-31,2015-01-01,2015-03-31,13.172214636531418,8.145540978335582,10.157594909055492,0.8299360381534078,90,0.1037449836730957
LightGBM,0,s1_i18,2014-12-31,2015-01-01,2015-03-31,11.814548880216574,7.292472247208656,9.30176717961196,0.7430182404445682,90,0.12523984909057617
Naive,0,s1_i19,2014-12-31,2015-01-01,2015-03-31,35.22036469161723,10.777777777777779,12.637686145458396,1.5375559061210893,90,0.0009641647338867188
SeasonalNaive,0,s1_i19,2014-12-31,2015-01-01,2015-03-31,26.47842494544476,7.544444444444444,9.416887903005843,1.0762891342847625,90,0.0006940364837646484
ETS,0,s1_i19,2014-12-31,2015-01-01,2015-03-31,20.38184079695535,5.625991446509311,7.1115613576153365,0.8026029627557123,90,0.08900928497314453
SARIMA,0,s1_i19,2014-12-31,2015-01-01,2015-03-31,21.947533151141222,6.045715417121947,7.81527845723935,0.8624807115145213,90,1.784383773803711
Prophet,0,s1_i19,2014-12-31,2015-01-01,2015-03-31,23.942278928576098,6.861400507632839,8.272966404583268,0.9788462048758556,90,0.11388230323791504
LightGBM,0,s1_i19,2014-12-31,2015-01-01,2015-03-31,19.86220922335691,5.484277438400198,6.764647011029215,0.7823860669687606,90,0.11694216728210449
Naive,0,s1_i20,2014-12-31,2015-01-01,2015-03-31,22.448485803972353,7.333333333333333,9.802494013713494,1.0120251955083615,90,0.0009799003601074219
SeasonalNaive,0,s1_i20,2014-12-31,2015-01-01,2015-03-31,26.427086245832637,8.1,10.294011203931472,1.1178278295842357,90,0.0006940364837646484
ETS,0,s1_i20,2014-12-31,2015-01-01,2015-03-31,15.985459375899975,5.207798366760556,6.708182967168479,0.7186940673121333,90,0.0739450454711914
SARIMA,0,s1_i20,2014-12-31,2015-01-01,2015-03-31,16.034325411856898,5.224046291385407,6.733460418010836,0.7209363367341882,90,2.268090009689331
Prophet,0,s1_i20,2014-12-31,2015-01-01,2015-03-31,17.203760048479523,5.719338051940105,7.071163275353695,0.7892883013899676,90,0.09720993041992188
LightGBM,0,s1_i20,2014-12-31,2015-01-01,2015-03-31,18.018631849735307,5.98069666630049,7.367510987974175,0.8253566881348581,90,0.12747979164123535
Naive,0,s1_i21,2014-12-31,2015-01-01,2015-03-31,24.70316009536205,6.9222222222222225,8.649341657670318,0.9788317359591182,90,0.0009410381317138672
SeasonalNaive,0,s1_i21,2014-12-31,2015-01-01,2015-03-31,20.039384507706504,5.566666666666666,6.654154925892376,0.787150400827477,90,0.0007090568542480469
ETS,0,s1_i21,2014-12-31,2015-01-01,2015-03-31,18.454772942875714,5.152830128219378,6.235947822630389,0.7286321498485838,90,0.06103873252868652
SARIMA,0,s1_i21,2014-12-31,2015-01-01,2015-03-31,22.23862535566261,6.078281936247149,7.295439490835897,0.8594949812801239,90,1.9406120777130127
Prophet,0,s1_i21,2014-12-31,2015-01-01,2015-03-31,15.9577095460029,4.603441774345366,5.708691245494154,0.6509462942266899,90,0.1066129207611084
LightGBM,0,s1_i21,2014-12-31,2015-01-01,2015-03-31,14.540043841552885,4.126072322770678,5.204062685918316,0.5834442184512753,90,0.11126112937927246
Naive,0,s1_i22,2014-12-31,2015-01-01,2015-03-31,23.23683502466479,12.855555555555556,16.479954153118538,1.3023072251261172,90,0.0007696151733398438
SeasonalNaive,0,s1_i22,2014-12-31,2015-01-01,2015-03-31,16.937028447246146,9.6,12.726175998922676,0.9725094576568412,90,0.0006551742553710938
ETS,0,s1_i22,2014-12-31,2015-01-01,2015-03-31,14.848598625684648,8.355527558075558,10.826155347976178,0.8464405806188386,90,0.10034632682800293
SARIMA,0,s1_i22,2014-12-31,2015-01-01,2015-03-31,23.77072092293445,12.467394156826614,15.650353039487428,1.2629852843593252,90,1.7722220420837402
Prophet,0,s1_i22,2014-12-31,2015-01-01,2015-03-31,15.860604386972522,9.287919248816639,11.085014473270933,0.9408947199403338,90,0.10714197158813477
LightGBM,0,s1_i22,2014-12-31,2015-01-01,2015-03-31,11.53867868131608,6.693052119873496,8.576298249212417,0.6780267174132442,90,0.119110107421875
Naive,0,s1_i23,2014-12-31,2015-01-01,2015-03-31,22.989768541280927,4.611111111111111,6.041522986797286,0.7747695405003892,90,0.0008981227874755859
SeasonalNaive,0,s1_i23,2014-12-31,2015-01-01,2015-03-31,27.86001082556777,5.433333333333334,6.330701207431747,0.9129212176016634,90,0.0006852149963378906
ETS,0,s1_i23,2014-12-31,2015-01-01,2015-03-31,19.075119699343222,3.8352212150699136,4.7201520787402425,0.6444027278711699,90,0.08108806610107422
SARIMA,0,s1_i23,2014-12-31,2015-01-01,2015-03-31,24.540558065276212,4.6978757732424095,5.887614667210246,0.7893479394570214,90,1.7448937892913818
Prophet,0,s1_i23,2014-12-31,2015-01-01,2015-03-31,20.247868664766063,4.252430216497144,5.252572078131561,0.7145031480387751,90,0.1009371280670166
LightGBM,0,s1_i23,2014-12-31,2015-01-01,2015-03-31,17.515609500538247,3.590640637360136,4.624288375868531,0.6033077342261647,90,0.1212608814239502
Naive,0,s1_i24,2014-12-31,2015-01-01,2015-03-31,22.688039559761666,10.266666666666667,12.901334986909086,1.1389903328489352,90,0.0008809566497802734
SeasonalNaive,0,s1_i24,2014-12-31,2015-01-01,2015-03-31,18.37451497222412,8.4,10.65520217233504,0.9319011814218561,90,0.0006840229034423828
ETS,0,s1_i24,2014-12-31,2015-01-01,2015-03-31,15.341414362035,7.1217746715549515,9.121051384022884,0.7900940750288464,90,0.08543109893798828
SARIMA,0,s1_i24,2014-12-31,2015-01-01,2015-03-31,15.24970051545804,7.081216705396631,9.068024070811356,0.7855945492456313,90,1.8649330139160156
Prophet,0,s1_i24,2014-12-31,2015-01-01,2015-03-31,18.52470969452189,8.744793927113923,10.335911812910656,0.9701528323771591,90,0.14651799201965332
LightGBM,0,s1_i24,2014-12-31,2015-01-01,2015-03-31,14.842400196273358,6.815409174935634,8.381173974634608,0.7561056978566516,90,0.13102507591247559
Naive,0,s1_i25,2014-12-31,2015-01-01,2015-03-31,18.00667291164078,10.088888888888889,13.005981529879072,1.0522600498998678,90,0.0010671615600585938
SeasonalNaive,0,s1_i25,2014-12-31,2015-01-01,2015-03-31,19.43651027360708,10.766666666666667,14.421819888241874,1.1229515290230967,90,0.0007419586181640625
ETS,0,s1_i25,2014-12-31,2015-01-01,2015-03-31,15.348829070403585,8.606110710310874,11.254247877922605,0.8976079115559422,90,0.10841488838195801
SARIMA,0,s1_i25,2014-12-31,2015-01-01,2015-03-31,21.68096585327906,11.478042526593471,14.694993081500934,1.197147251278353,90,1.7838249206542969
Prophet,0,s1_i25,2014-12-31,2015-01-01,2015-03-31,20.04051425514476,11.729784740098049,13.577743594318555,1.2234036881428692,90,0.09833121299743652
LightGBM,0,s1_i25,2014-12-31,2015-01-01,2015-03-31,13.540137577944162,7.6483643564429675,9.51311299050739,0.7977160168972183,90,0.10593914985656738
Naive,0,s1_i26,2014-12-31,2015-01-01,2015-03-31,35.24108820333785,10.633333333333333,12.909514148702714,1.4635256042150906,90,0.0009160041809082031
SeasonalNaive,0,s1_i26,2014-12-31,2015-01-01,2015-03-31,25.84499605733695,8.2,10.257788368952745,1.1286122214323269,90,0.0006978511810302734
ETS,0,s1_i26,2014-12-31,2015-01-01,2015-03-31,19.56250159719118,6.275611851831094,8.043094024265386,0.8637478332856257,90,0.11341714859008789
SARIMA,0,s1_i26,2014-12-31,2015-01-01,2015-03-31,21.445031513376996,6.801961064754895,8.706660662803976,0.9361922423645388,90,1.753532886505127
Prophet,0,s1_i26,2014-12-31,2015-01-01,2015-03-31,21.046782212743448,7.082066773783978,8.48079537238863,0.9747447699868791,90,0.09173417091369629
LightGBM,0,s1_i26,2014-12-31,2015-01-01,2015-03-31,18.094152259332613,5.977941220118377,7.283834693916911,0.8227777463450825,90,0.10771298408508301
Naive,0,s1_i27,2014-12-31,2015-01-01,2015-03-31,26.770899498197437,3.966666666666667,4.897845331254233,0.7808058805977341,90,0.0008108615875244141
SeasonalNaive,0,s1_i27,2014-12-31,2015-01-01,2015-03-31,31.058400562232457,4.811111111111111,6.141841924229427,0.9470278607810052,90,0.0008318424224853516
ETS,0,s1_i27,2014-12-31,2015-01-01,2015-03-31,24.55942603005218,3.6205850548982466,4.639112945357326,0.712682546740039,90,0.09762191772460938
SARIMA,0,s1_i27,2014-12-31,2015-01-01,2015-03-31,24.56890943355211,3.622022860085432,4.639513403446743,0.7129655669279318,90,2.063690185546875
Prophet,0,s1_i27,2014-12-31,2015-01-01,2015-03-31,28.396042934182237,4.37401898616799,5.304049783161954,0.8609898519948166,90,0.0977928638458252
LightGBM,0,s1_i27,2014-12-31,2015-01-01,2015-03-31,23.92213907163116,3.51139696855632,4.406775812415006,0.6911897652508819,90,0.10018110275268555
Naive,0,s1_i28,2014-12-31,2015-01-01,2015-03-31,30.513359841658094,18.044444444444444,22.588591023887357,1.7355505297430531,90,0.0007731914520263672
SeasonalNaive,0,s1_i28,2014-12-31,2015-01-01,2015-03-31,17.25943779196381,10.8,13.805795884337853,1.0387654648462117,90,0.0005750656127929688
ETS,0,s1_i28,2014-12-31,2015-01-01,2015-03-31,29.2068264355875,16.4893619171033,21.415466588834683,1.5859796015590024,90,0.07448601722717285
SARIMA,0,s1_i28,2014-12-31,2015-01-01,2015-03-31,14.454066732670945,9.04090686126213,11.466516318018916,0.8695723905898388,90,2.1156558990478516
Prophet,0,s1_i28,2014-12-31,2015-01-01,2015-03-31,15.706371828718169,9.93324546894976,11.54067893103449,0.9553992913875113,90,0.12354826927185059
LightGBM,0,s1_i28,2014-12-31,2015-01-01,2015-03-31,11.187843080676721,6.96362453053651,8.74165124221075,0.6697752474515962,90,0.10827016830444336
Naive,0,s1_i29,2014-12-31,2015-01-01,2015-03-31,19.97567840986919,9.71111111111111,12.051740307708444,1.0823390369278252,90,0.0008969306945800781
SeasonalNaive,0,s1_i29,2014-12-31,2015-01-01,2015-03-31,16.92231087007859,8.244444444444444,10.764137989949155,0.9188736446229362,90,0.0008890628814697266
ETS,0,s1_i29,2014-12-31,2015-01-01,2015-03-31,14.648601404277908,7.092447483944308,8.60576486613335,0.7904793479759855,90,0.10382986068725586
SARIMA,0,s1_i29,2014-12-31,2015-01-01,2015-03-31,19.387474456848842,9.045351212844784,11.35931970223838,1.0081376485521651,90,1.812995195388794
Prophet,0,s1_i29,2014-12-31,2015-01-01,2015-03-31,17.97692000167837,8.871006045796717,10.431766408865858,0.9887062386921831,90,0.08887004852294922
LightGBM,0,s1_i29,2014-12-31,2015-01-01,2015-03-31,13.491632236520527,6.3811349187113855,7.786978216126613,0.7112009473892605,90,0.10732412338256836
Naive,0,s1_i30,2014-12-31,2015-01-01,2015-03-31,21.105954991347613,5.955555555555556,7.883879473682709,0.9118734997897887,90,0.0008938312530517578
SeasonalNaive,0,s1_i30,2014-12-31,2015-01-01,2015-03-31,26.254641076861446,6.888888888888889,8.731806482306192,1.0547790482643078,90,0.0006949901580810547
ETS,0,s1_i30,2014-12-31,2015-01-01,2015-03-31,20.54095135308789,5.692755788774173,7.191379226772003,0.8716354160638574,90,0.06584000587463379
SARIMA,0,s1_i30,2014-12-31,2015-01-01,2015-03-31,27.229630429988934,7.16194161598898,9.082010983376378,1.0965869944022026,90,1.8819148540496826
Prophet,0,s1_i30,2014-12-31,2015-01-01,2015-03-31,22.854740835990597,6.750594731276318,8.049549171514613,1.0336044027881157,90,0.09462094306945801
LightGBM,0,s1_i30,2014-12-31,2015-01-01,2015-03-31,18.240144547759837,5.1942941535001355,6.244366436287999,0.7953144160113481,90,0.10137009620666504
Naive,0,s1_i31,2014-12-31,2015-01-01,2015-03-31,24.200677957802053,10.333333333333334,12.046207333061767,1.2510046883950976,90,0.0010170936584472656
SeasonalNaive,0,s1_i31,2014-12-31,2015-01-01,2015-03-31,19.61545565376396,8.144444444444444,10.122033173012008,0.986006921068394,90,0.0008320808410644531
ETS,0,s1_i31,2014-12-31,2015-01-01,2015-03-31,16.317188925964125,6.803344963951296,8.400770147429132,0.8236467529037659,90,0.09238910675048828
SARIMA,0,s1_i31,2014-12-31,2015-01-01,2015-03-31,17.32131111176937,7.203033427550658,9.047767933531105,0.8720350246966918,90,1.726754903793335
Prophet,0,s1_i31,2014-12-31,2015-01-01,2015-03-31,16.02027386615204,6.630802348489417,8.16010520732646,0.8027578863659501,90,0.09334802627563477
LightGBM,0,s1_i31,2014-12-31,2015-01-01,2015-03-31,15.652506899927221,6.412022044050071,8.031305370462928,0.7762712554063892,90,0.10813403129577637
Naive,0,s1_i32,2014-12-31,2015-01-01,2015-03-31,19.730144039699418,6.3,7.782458908768274,0.8835887486636596,90,0.0009107589721679688
SeasonalNaive,0,s1_i32,2014-12-31,2015-01-01,2015-03-31,18.980402507060457,5.9222222222222225,7.524035560197142,0.8306045908954683,90,0.0006940364837646484
ETS,0,s1_i32,2014-12-31,2015-01-01,2015-03-31,15.97450656450778,5.081653368764554,6.628074759587539,0.7127129748014512,90,0.06501078605651855
SARIMA,0,s1_i32,2014-12-31,2015-01-01,2015-03-31,17.85447136104986,5.6566360264530555,7.42915366561626,0.7933555473427668,90,1.8643889427185059
Prophet,0,s1_i32,2014-12-31,2015-01-01,2015-03-31,15.503846675149937,4.910259176110458,6.0723125477171545,0.6886745652434431,90,0.09557199478149414
LightGBM,0,s1_i32,2014-12-31,2015-01-01,2015-03-31,14.897194250639286,4.702852482386049,5.8542092957181255,0.65958532381925,90,0.11037993431091309
Naive,0,s1_i33,2014-12-31,2015-01-01,2015-03-31,23.836277586182888,11.155555555555555,14.421434664338282,1.239506172701783,90,0.0009210109710693359
SeasonalNaive,0,s1_i33,2014-12-31,2015-01-01,2015-03-31,17.130221152175487,8.3,11.272877972273886,0.9222222221197531,90,0.0006780624389648438
ETS,0,s1_i33,2014-12-31,2015-01-01,2015-03-31,14.752121060786399,7.157206697756497,8.996426921257243,0.7952451885512503,90,0.05851411819458008
SARIMA,0,s1_i33,2014-12-31,2015-01-01,2015-03-31,15.822672209270083,7.626916514550577,9.524262631029062,0.8474351681892379,90,1.931541919708252
Prophet,0,s1_i33,2014-12-31,2015-01-01,2015-03-31,17.350866270436928,8.62159056000233,10.336036835489786,0.9579545065604862,90,0.11823534965515137
LightGBM,0,s1_i33,2014-12-31,2015-01-01,2015-03-31,15.301094135325865,7.450401628806129,9.046292907603616,0.8278224031087007,90,0.12131690979003906
Naive,0,s1_i34,2014-12-31,2015-01-01,2015-03-31,37.990527819053696,6.144444444444445,7.67897562612792,1.156281450415758,90,0.0008909702301025391
SeasonalNaive,0,s1_i34,2014-12-31,2015-01-01,2015-03-31,26.608698422597342,4.588888888888889,5.55077572156461,0.8635519692978445,90,0.0006799697875976562
ETS,0,s1_i34,2014-12-31,2015-01-01,2015-03-31,19.190647829627608,3.29822072087174,4.370866225624077,0.6206698544355865,90,0.0760958194732666
SARIMA,0,s1_i34,2014-12-31,2015-01-01,2015-03-31,19.632091618026063,3.3625297184742906,4.446847274755395,0.6327717298280631,90,1.8638741970062256
Prophet,0,s1_i34,2014-12-31,2015-01-01,2015-03-31,24.650380896842428,4.494279946979686,5.456793869394132,0.8457481522787187,90,0.1191110610961914
LightGBM,0,s1_i34,2014-12-31,2015-01-01,2015-03-31,19.875031208151164,3.4937616728891183,4.525547813936001,0.6574673839207401,90,0.12160801887512207
Naive,0,s1_i35,2014-12-31,2015-01-01,2015-03-31,26.06734636051151,11.666666666666666,14.473730994076437,1.3148869834839183,90,0.0008749961853027344
SeasonalNaive,0,s1_i35,2014-12-31,2015-01-01,2015-03-31,17.29271095567587,7.933333333333334,10.427527671185214,0.8941231487690645,90,0.0006740093231201172
ETS,0,s1_i35,2014-12-31,2015-01-01,2015-03-31,15.366346287191194,7.14829890625053,9.233209019542157,0.805646158789813,90,0.06088399887084961
SARIMA,0,s1_i35,2014-12-31,2015-01-01,2015-03-31,15.43989335182204,7.180780208148179,9.27785446471679,0.8093069508816843,90,2.169287919998169
Prophet,0,s1_i35,2014-12-31,2015-01-01,2015-03-31,18.856271357709282,9.085351486492923,10.984776775578707,1.023960892282784,90,0.10518789291381836
LightGBM,0,s1_i35,2014-12-31,2015-01-01,2015-03-31,14.339807963925127,6.729290236076564,8.393173102145095,0.7584219548144998,90,0.10574698448181152
Naive,0,s1_i36,2014-12-31,2015-01-01,2015-03-31,22.931093617034154,12.011111111111111,15.534549308628886,1.3664883292439594,90,0.001522064208984375
SeasonalNaive,0,s1_i36,2014-12-31,2015-01-01,2015-03-31,19.503882014287335,10.366666666666667,12.880217389469792,1.1794020454991805,90,0.0011620521545410156
ETS,0,s1_i36,2014-12-31,2015-01-01,2015-03-31,14.649336942687638,7.779642799852362,9.936189337508305,0.8850797393632328,90,0.09376096725463867
SARIMA,0,s1_i36,2014-12-31,2015-01-01,2015-03-31,22.3843448633264,11.200903188878769,14.34337595976823,1.2743120384953615,90,1.8367972373962402
Prophet,0,s1_i36,2014-12-31,2015-01-01,2015-03-31,16.170268490155156,8.92672506493532,10.772397801244166,1.015581781465613,90,0.10348725318908691
LightGBM,0,s1_i36,2014-12-31,2015-01-01,2015-03-31,11.145438577561231,5.974225102144015,7.631811261171248,0.6796797401036528,90,0.1013021469116211
Naive,0,s1_i37,2014-12-31,2015-01-01,2015-03-31,22.803867271424522,4.7,5.915140648276158,0.8277953713523761,90,0.0009670257568359375
SeasonalNaive,0,s1_i37,2014-12-31,2015-01-01,2015-03-31,29.728613553501283,6.2,7.29992389610254,1.091985383486113,90,0.000705718994140625
ETS,0,s1_i37,2014-12-31,2015-01-01,2015-03-31,18.795434395382784,3.8627384422061266,4.960446651587868,0.6803312772772594,90,0.08090376853942871
SARIMA,0,s1_i37,2014-12-31,2015-01-01,2015-03-31,18.9775545061252,3.9032964302247306,5.122101396837789,0.6874746208417627,90,1.820390224456787
Prophet,0,s1_i37,2014-12-31,2015-01-01,2015-03-31,20.691965784124804,4.329071091247995,5.340160684230487,0.7624648960830787,90,0.10281991958618164
LightGBM,0,s1_i37,2014-12-31,2015-01-01,2015-03-31,16.99591055473456,3.4324629019789503,4.375004012589869,0.6045482771482807,90,0.09950613975524902
Naive,0,s1_i38,2014-12-31,2015-01-01,2015-03-31,23.20094204328675,12.78888888888889,16.45836497887253,1.3226100222729824,90,0.0007266998291015625
SeasonalNaive,0,s1_i38,2014-12-31,2015-01-01,2015-03-31,16.90582023707169,9.5,12.02358792817962,0.9824774709325803,90,0.0005371570587158203
ETS,0,s1_i38,2014-12-31,2015-01-01,2015-03-31,35.95885700017576,17.35923738991087,22.342823762232563,1.795269436648202,90,0.13071489334106445
SARIMA,0,s1_i38,2014-12-31,2015-01-01,2015-03-31,21.362226620607196,11.495308439858409,14.716550378595148,1.188829638271793,90,1.823714017868042
Prophet,0,s1_i38,2014-12-31,2015-01-01,2015-03-31,14.900407158840562,8.359118561074789,10.064795003072728,0.8644890171695104,90,0.08783292770385742
LightGBM,0,s1_i38,2014-12-31,2015-01-01,2015-03-31,11.621919585709147,6.48685356984138,8.157561926626956,0.670861841011341,90,0.10062408447265625
Naive,0,s1_i39,2014-12-31,2015-01-01,2015-03-31,76.84424306190354,17.41111111111111,18.77084027006901,2.474588820826461,90,0.0008540153503417969
SeasonalNaive,0,s1_i39,2014-12-31,2015-01-01,2015-03-31,27.284090121588022,7.266666666666667,9.122621455602673,1.032789463191133,90,0.0007569789886474609
ETS,0,s1_i39,2014-12-31,2015-01-01,2015-03-31,21.357533192110598,6.059952189989537,7.299129178633233,0.8612827664123703,90,0.09433579444885254
SARIMA,0,s1_i39,2014-12-31,2015-01-01,2015-03-31,27.842449838291216,7.626759667779395,9.131413185201085,1.0839683976844492,90,1.7306609153747559
Prophet,0,s1_i39,2014-12-31,2015-01-01,2015-03-31,18.00371075554589,5.448992338459973,6.519626041086449,0.7744488814913769,90,0.10659384727478027
LightGBM,0,s1_i39,2014-12-31,2015-01-01,2015-03-31,15.622891509365425,4.640135163861088,5.591319219595663,0.659488445644733,90,0.10340499877929688
Naive,0,s1_i40,2014-12-31,2015-01-01,2015-03-31,29.76177545666672,5.833333333333333,7.554983638485115,1.0504358653152017,90,0.0008840560913085938
SeasonalNaive,0,s1_i40,2014-12-31,2015-01-01,2015-03-31,25.236372868237684,5.033333333333333,6.495297444219848,0.9063760895005455,90,0.0006768703460693359
ETS,0,s1_i40,2014-12-31,2015-01-01,2015-03-31,56.75746490462947,9.136536889802182,11.254040825415133,1.6452593200840486,90,0.05533409118652344
SARIMA,0,s1_i40,2014-12-31,2015-01-01,2015-03-31,23.07594425594218,4.547415895964967,5.790077517692272,0.8188746431358966,90,1.949310064315796
Prophet,0,s1_i40,2014-12-31,2015-01-01,2015-03-31,23.110210034792416,4.68043873722193,5.680468022186785,0.8428286939980301,90,0.0935521125793457
LightGBM,0,s1_i40,2014-12-31,2015-01-01,2015-03-31,21.34798606214695,4.251417999478939,5.170728520610569,0.7655729048741627,90,0.10468888282775879
Naive,0,s1_i41,2014-12-31,2015-01-01,2015-03-31,35.93775533659185,5.066666666666666,6.37529955723215,1.0330513252264815,90,0.0012826919555664062
SeasonalNaive,0,s1_i41,2014-12-31,2015-01-01,2015-03-31,26.909200017852392,4.022222222222222,4.846533698313557,0.8200977625701454,90,0.0007359981536865234
ETS,0,s1_i41,2014-12-31,2015-01-01,2015-03-31,40.00468705059031,5.325892502476053,6.842494860639332,1.0859053238875005,90,0.09390115737915039
SARIMA,0,s1_i41,2014-12-31,2015-01-01,2015-03-31,26.45916148345775,3.7964379717731167,4.795314155415908,0.7740622258974383,90,1.8652448654174805
Prophet,0,s1_i41,2014-12-31,2015-01-01,2015-03-31,22.825402285020502,3.3730814247139094,4.245786899381549,0.6877433360324078,90,0.10770273208618164
LightGBM,0,s1_i41,2014-12-31,2015-01-01,2015-03-31,20.63532861283253,2.967669057211306,3.7692077083786986,0.6050831156024531,90,0.12358880043029785
Naive,0,s1_i42,2014-12-31,2015-01-01,2015-03-31,51.32336662364874,11.155555555555555,12.591884511682736,1.9557387646102489,90,0.0008881092071533203
SeasonalNaive,0,s1_i42,2014-12-31,2015-01-01,2015-03-31,27.001469990740144,6.266666666666667,7.815938132360625,1.0986420948607376,90,0.0010890960693359375
ETS,0,s1_i42,2014-12-31,2015-01-01,2015-03-31,20.131976330512337,5.0440160662259155,6.395557446354566,0.8842928261983494,90,0.08669805526733398
SARIMA,0,s1_i42,2014-12-31,2015-01-01,2015-03-31,28.023160306257022,6.666414683484101,8.291783885570215,1.1687240095329818,90,1.7954177856445312
Prophet,0,s1_i42,2014-12-31,2015-01-01,2015-03-31,19.57674861116839,5.204684894893742,6.282049100485922,0.9124605185132071,90,0.1158912181854248
LightGBM,0,s1_i42,2014-12-31,2015-01-01,2015-03-31,16.76859132859477,4.3957402790218145,5.548723504907074,0.7706402088204652,90,0.10785579681396484
Naive,0,s1_i43,2014-12-31,2015-01-01,2015-03-31,38.70399704451618,12.3,14.343019982633443,1.66533707842621,90,0.0007901191711425781
SeasonalNaive,0,s1_i43,2014-12-31,2015-01-01,2015-03-31,19.905283399033895,6.833333333333333,8.407007658957959,0.9251872657923388,90,0.0006508827209472656
ETS,0,s1_i43,2014-12-31,2015-01-01,2015-03-31,17.70877133999508,6.170853340074273,7.45000572110414,0.8354919408744641,90,0.10129880905151367
SARIMA,0,s1_i43,2014-12-31,2015-01-01,2015-03-31,25.583406062539215,8.483357619644778,10.298623301902502,1.1485894303694277,90,1.5752739906311035
Prophet,0,s1_i43,2014-12-31,2015-01-01,2015-03-31,17.62889274171161,6.330117324324961,8.071584302783076,0.8570552106493063,90,0.10146903991699219
LightGBM,0,s1_i43,2014-12-31,2015-01-01,2015-03-31,16.153836109030802,5.747147864691188,7.336221925683016,0.7781250759567686,90,0.10143613815307617
Naive,0,s1_i44,2014-12-31,2015-01-01,2015-03-31,29.461292265236374,6.055555555555555,7.115710318255889,1.0367432313324891,90,0.0008530616760253906
SeasonalNaive,0,s1_i44,2014-12-31,2015-01-01,2015-03-31,26.608371223864275,5.277777777777778,6.602188189448169,0.9035835502439125,90,0.0006818771362304688
ETS,0,s1_i44,2014-12-31,2015-01-01,2015-03-31,22.872140975318086,4.550985877031799,5.674554329090387,0.7791529217453619,90,0.07524490356445312
SARIMA,0,s1_i44,2014-12-31,2015-01-01,2015-03-31,22.79136508062019,4.531573215445507,5.6483725045838735,0.7758293711120475,90,1.8513600826263428
Prophet,0,s1_i44,2014-12-31,2015-01-01,2015-03-31,26.456161184189607,5.441344357019294,6.612568865508256,0.9315870162091907,90,0.09348893165588379
LightGBM,0,s1_i44,2014-12-31,2015-01-01,2015-03-31,22.258377395952742,4.423747720010361,5.474712765448581,0.7573690743594396,90,0.1026151180267334
Naive,0,s1_i45,2014-12-31,2015-01-01,2015-03-31,18.938835215227538,10.733333333333333,13.548267621934382,1.1290848245574963,90,0.0017430782318115234
SeasonalNaive,0,s1_i45,2014-12-31,2015-01-01,2015-03-31,20.65356262375499,10.977777777777778,13.91322312685949,1.1547989717006277,90,0.0009088516235351562
ETS,0,s1_i45,2014-12-31,2015-01-01,2015-03-31,17.39087580170172,9.48628014597736,11.613716491285606,0.9979020143780225,90,0.058194875717163086
SARIMA,0,s1_i45,2014-12-31,2015-01-01,2015-03-31,31.37428589865675,15.541607003152917,18.55657533708709,1.634887510853708,90,1.8676338195800781
Prophet,0,s1_i45,2014-12-31,2015-01-01,2015-03-31,14.064402210270554,8.084747347294265,9.609911043350873,0.850468839150133,90,0.0897219181060791
LightGBM,0,s1_i45,2014-12-31,2015-01-01,2015-03-31,11.163771109039883,6.249496089059513,7.6263088788499305,0.6574109809275018,90,0.10688900947570801
Naive,0,s1_i46,2014-12-31,2015-01-01,2015-03-31,20.620430379308164,8.544444444444444,10.622303579418794,1.0056378532648962,90,0.000823974609375
SeasonalNaive,0,s1_i46,2014-12-31,2015-01-01,2015-03-31,27.8578688401155,10.6,12.56361589847622,1.2475663355197801,90,0.0006620883941650391
ETS,0,s1_i46,2014-12-31,2015-01-01,2015-03-31,16.4862505985285,6.625973227651911,8.133451344962918,0.7798435036673457,90,0.07227683067321777
SARIMA,0,s1_i46,2014-12-31,2015-01-01,2015-03-31,17.52112292788533,7.027923590997695,8.675964728775341,0.8271510264843404,90,1.7172739505767822
Prophet,0,s1_i46,2014-12-31,2015-01-01,2015-03-31,17.783872246153745,7.379208136895224,8.881031771080657,0.8684954390928414,90,0.1123650074005127
LightGBM,0,s1_i46,2014-12-31,2015-01-01,2015-03-31,14.988570958201,6.068629286900896,7.521766912994211,0.7142469434987706,90,0.10017991065979004
Naive,0,s1_i47,2014-12-31,2015-01-01,2015-03-31,24.56160572670555,3.7111111111111112,4.711687595755898,0.7813434282959878,90,0.0009119510650634766
SeasonalNaive,0,s1_i47,2014-12-31,2015-01-01,2015-03-31,35.05533759817611,4.788888888888889,5.920773222777204,1.0082605317232656,90,0.0006878376007080078
ETS,0,s1_i47,2014-12-31,2015-01-01,2015-03-31,22.025377997891297,3.257128539176818,4.153959522854386,0.6857611920003012,90,0.06937026977539062
SARIMA,0,s1_i47,2014-12-31,2015-01-01,2015-03-31,22.123360266222345,3.2688736081670577,4.162235901979088,0.6882340181150814,90,1.9166700839996338
Prophet,0,s1_i47,2014-12-31,2015-01-01,2015-03-31,20.934304278044916,3.1451846576987754,3.915138217893005,0.6621923433422975,90,0.09399008750915527
LightGBM,0,s1_i47,2014-12-31,2015-01-01,2015-03-31,19.503388349802936,2.883420445918439,3.5969740548683267,0.6070800762842494,90,0.09439611434936523
Naive,0,s1_i48,2014-12-31,2015-01-01,2015-03-31,18.159613989639357,6.766666666666667,9.12566588133588,0.9093494422569777,90,0.0008590221405029297
SeasonalNaive,0,s1_i48,2014-12-31,2015-01-01,2015-03-31,21.387201288751832,7.5777777777777775,9.73995208749338,1.0183519205570752,90,0.0007698535919189453
ETS,0,s1_i48,2014-12-31,2015-01-01,2015-03-31,18.165426121688522,6.7076984203137995,8.414835829464446,0.9014248991143395,90,0.053681135177612305
SARIMA,0,s1_i48,2014-12-31,2015-01-01,2015-03-31,19.503415794111234,7.132149299757493,8.920684033191424,0.9584654169203897,90,1.8808093070983887
Prophet,0,s1_i48,2014-12-31,2015-01-01,2015-03-31,18.90489109725183,7.2474905185083385,8.57814053367261,0.9739657331184668,90,0.08041715621948242
LightGBM,0,s1_i48,2014-12-31,2015-01-01,2015-03-31,15.0669040214233,5.646448232608828,7.040461636841947,0.7588070765106998,90,0.08495020866394043
Naive,0,s1_i49,2014-12-31,2015-01-01,2015-03-31,46.44693219310107,8.044444444444444,9.571949760744788,1.503265270676266,90,0.0009329319000244141
SeasonalNaive,0,s1_i49,2014-12-31,2015-01-01,2015-03-31,38.6089720668605,6.533333333333333,8.367928191746284,1.2208839491127685,90,0.0006887912750244141
ETS,0,s1_i49,2014-12-31,2015-01-01,2015-03-31,22.157476419784704,4.2059116677158075,5.46940189013842,0.7859586805867875,90,0.0910651683807373
SARIMA,0,s1_i49,2014-12-31,2015-01-01,2015-03-31,22.25002977917941,4.222173654876383,5.494888322103597,0.7889975580008219,90,1.5976231098175049
Prophet,0,s1_i49,2014-12-31,2015-01-01,2015-03-31,23.381572514015918,4.670665253388263,5.580084491539027,0.8728071795214977,90,0.07381176948547363
LightGBM,0,s1_i49,2014-12-31,2015-01-01,2015-03-31,20.626940730753805,3.9886658792461924,4.834913637421558,0.745361961787568,90,0.07667684555053711
Naive,0,s1_i50,2014-12-31,2015-01-01,2015-03-31,20.419316410065175,9.177777777777777,12.036056940155554,1.0436510431863435,90,0.0009047985076904297
SeasonalNaive,0,s1_i50,2014-12-31,2015-01-01,2015-03-31,20.059703351897245,8.733333333333333,10.714476188783099,0.9931110410949953,90,0.0006890296936035156
ETS,0,s1_i50,2014-12-31,2015-01-01,2015-03-31,16.622984520061625,7.48740463375063,9.289124466920212,0.8514302531591886,90,0.11856722831726074
SARIMA,0,s1_i50,2014-12-31,2015-01-01,2015-03-31,20.278407043832136,8.821790158983426,11.223227421665158,1.0031699094400321,90,1.5601699352264404
Prophet,0,s1_i50,2014-12-31,2015-01-01,2015-03-31,16.77729905131076,7.804899365220595,9.666535582827656,0.8875341680422778,90,0.08018898963928223
LightGBM,0,s1_i50,2014-12-31,2015-01-01,2015-03-31,14.318078780759,6.649543516246605,8.472437576560385,0.7561528722396346,90,0.07811307907104492
Naive,1,s1_i1,2015-03-31,2015-04-01,2015-06-29,28.129998906119248,6.2,7.786027371016764,1.391662064844997,90,0.0007758140563964844
SeasonalNaive,1,s1_i1,2015-03-31,2015-04-01,2015-06-29,41.826906428839216,8.144444444444444,10.117641358867523,1.8281152213824063,90,0.0005638599395751953
ETS,1,s1_i1,2015-03-31,2015-04-01,2015-06-29,25.151278097198528,5.537002951561548,6.8703676840176175,1.2428446710682237,90,0.06514811515808105
SARIMA,1,s1_i1,2015-03-31,2015-04-01,2015-06-29,25.074518491160724,5.521710180202111,6.851011900259323,1.239412030783179,90,1.8448171615600586
Prophet,1,s1_i1,2015-03-31,2015-04-01,2015-06-29,18.11178561005461,4.068708377347985,5.030620042971087,0.9132688873664894,90,0.12053394317626953
LightGBM,1,s1_i1,2015-03-31,2015-04-01,2015-06-29,19.48702662829511,4.350207583224885,5.3522273643313945,0.9764546560927594,90,0.11434388160705566
Naive,1,s1_i2,2015-03-31,2015-04-01,2015-06-29,31.923151536789106,17.333333333333332,20.19460874149886,2.1573790566818816,90,0.0006897449493408203
SeasonalNaive,1,s1_i2,2015-03-31,2015-04-01,2015-06-29,24.08489155229929,12.811111111111112,15.424007261409079,1.5945243925347496,90,0.0005180835723876953
ETS,1,s1_i2,2015-03-31,2015-04-01,2015-06-29,19.9290383233025,11.344809569829994,13.40918145497438,1.4120223789228123,90,0.08909296989440918
SARIMA,1,s1_i2,2015-03-31,2015-04-01,2015-06-29,21.832882227451318,12.248674562762535,14.327610650721656,1.5245211907970766,90,1.775399923324585
Prophet,1,s1_i2,2015-03-31,2015-04-01,2015-06-29,11.034446694934406,6.501078644147314,8.377283503790142,0.8091513988110726,90,0.10634684562683105
LightGBM,1,s1_i2,2015-03-31,2015-04-01,2015-06-29,11.45034332490912,6.809727468957984,8.972825389659624,0.8475671205716119,90,0.1090691089630127
Naive,1,s1_i3,2015-03-31,2015-04-01,2015-06-29,18.662428961543846,7.111111111111111,9.00123448323741,1.158351699537486,90,0.0006580352783203125
SeasonalNaive,1,s1_i3,2015-03-31,2015-04-01,2015-06-29,32.393387685285816,10.988888888888889,12.894012391631845,1.7900153606915215,90,0.0005078315734863281
ETS,1,s1_i3,2015-03-31,2015-04-01,2015-06-29,24.100723129351394,8.778554590460061,10.895336443705212,1.4299669166262206,90,0.042430877685546875
SARIMA,1,s1_i3,2015-03-31,2015-04-01,2015-06-29,25.31930383156627,9.154408145276882,11.303077755187203,1.4911909078136178,90,2.291846752166748
Prophet,1,s1_i3,2015-03-31,2015-04-01,2015-06-29,14.235009414142501,5.458133974575648,6.907010800318908,0.889092951434015,90,0.10878896713256836
LightGBM,1,s1_i3,2015-03-31,2015-04-01,2015-06-29,14.79954320589266,5.703173777079284,7.111100427289051,0.9290082708896361,90,0.12300515174865723
Naive,1,s1_i4,2015-03-31,2015-04-01,2015-06-29,20.65315157804543,4.588888888888889,5.6774407379851475,0.9392665322011687,90,0.0007112026214599609
SeasonalNaive,1,s1_i4,2015-03-31,2015-04-01,2015-06-29,28.71298446797373,5.977777777777778,6.96658692139367,1.2235481702765831,90,0.0005230903625488281
ETS,1,s1_i4,2015-03-31,2015-04-01,2015-06-29,21.5683588217528,4.773771067760995,5.837882911948558,0.977108730436883,90,0.07970905303955078
SARIMA,1,s1_i4,2015-03-31,2015-04-01,2015-06-29,21.171495683149566,4.694622848896117,5.75224700317266,0.9609084530139285,90,2.2260630130767822
Prophet,1,s1_i4,2015-03-31,2015-04-01,2015-06-29,16.310971837904134,3.5576497570544134,4.401029151192911,0.7281896404565004,90,0.10336518287658691
LightGBM,1,s1_i4,2015-03-31,2015-04-01,2015-06-29,17.275731432076398,3.822783141141931,4.641072632002343,0.7824578784270522,90,0.10889697074890137
Naive,1,s1_i5,2015-03-31,2015-04-01,2015-06-29,42.00595480954248,6.911111111111111,8.331999893316263,1.6589115240580568,90,0.000701904296875
SeasonalNaive,1,s1_i5,2015-03-31,2015-04-01,2015-06-29,36.35597386916378,6.055555555555555,7.4139508136125825,1.4535478787968503,90,0.0005240440368652344
ETS,1,s1_i5,2015-03-31,2015-04-01,2015-06-29,26.33607205150715,4.626597214653186,5.9388848376394945,1.1105472496634676,90,0.07336306571960449
SARIMA,1,s1_i5,2015-03-31,2015-04-01,2015-06-29,26.300060426322986,4.620620848877892,5.930582729050593,1.10911271013759,90,2.0680220127105713
Prophet,1,s1_i5,2015-03-31,2015-04-01,2015-06-29,23.46686924127657,4.197112690232771,5.164320160895375,1.0074557473694068,90,0.11527585983276367
LightGBM,1,s1_i5,2015-03-31,2015-04-01,2015-06-29,22.374773758425555,3.987048711017057,4.956020558583709,0.9570329498904043,90,0.12152290344238281
Naive,1,s1_i6,2015-03-31,2015-04-01,2015-06-29,22.04824834704277,12.433333333333334,14.652644812456213,1.4935431440286275,90,0.0007107257843017578
SeasonalNaive,1,s1_i6,2015-03-31,2015-04-01,2015-06-29,29.11145846124684,15.433333333333334,18.15458313729315,1.85391548441087,90,0.0005280971527099609
ETS,1,s1_i6,2015-03-31,2015-04-01,2015-06-29,23.6730767726981,12.953753392676191,14.765758049716414,1.5560581422843778,90,0.0923299789428711
SARIMA,1,s1_i6,2015-03-31,2015-04-01,2015-06-29,24.322964683499812,13.255700413049052,15.059130512770007,1.592329260418782,90,2.4103429317474365
Prophet,1,s1_i6,2015-03-31,2015-04-01,2015-06-29,10.231211491488237,5.935011724036569,7.397944925893576,0.7129380217290355,90,0.1119239330291748
LightGBM,1,s1_i6,2015-03-31,2015-04-01,2015-06-29,10.252112153020459,5.981605644128034,7.500462470197532,0.7185350750726837,90,0.1151430606842041
Naive,1,s1_i7,2015-03-31,2015-04-01,2015-06-29,36.26844552788249,19.7,22.509010541459958,2.5895068711228344,90,0.0007421970367431641
SeasonalNaive,1,s1_i7,2015-03-31,2015-04-01,2015-06-29,36.8921109299082,18.244444444444444,20.90348190028531,2.3981783882592747,90,0.0005440711975097656
ETS,1,s1_i7,2015-03-31,2015-04-01,2015-06-29,29.5234755209561,16.10947484452536,17.696508428434335,2.1175429340141556,90,0.06515383720397949
SARIMA,1,s1_i7,2015-03-31,2015-04-01,2015-06-29,31.43297004634501,17.010270263018963,18.61734629665083,2.235949833794113,90,1.7528560161590576
Prophet,1,s1_i7,2015-03-31,2015-04-01,2015-06-29,10.393170258352164,6.348080397137202,7.879052387028722,0.8344364368947693,90,0.11239290237426758
LightGBM,1,s1_i7,2015-03-31,2015-04-01,2015-06-29,10.740885935535081,6.4056870708546105,7.987882282843359,0.8420086641746556,90,0.11540794372558594
Naive,1,s1_i8,2015-03-31,2015-04-01,2015-06-29,22.90150571659635,16.88888888888889,20.316933276894368,1.8368784836352219,90,0.0007450580596923828
SeasonalNaive,1,s1_i8,2015-03-31,2015-04-01,2015-06-29,19.91433303768211,14.78888888888889,17.69400400637961,1.6084771458674214,90,0.0005419254302978516
ETS,1,s1_i8,2015-03-31,2015-04-01,2015-06-29,17.130598001611446,12.786737250615154,15.521282752899667,1.3907180446313667,90,0.10849404335021973
SARIMA,1,s1_i8,2015-03-31,2015-04-01,2015-06-29,17.214741453811452,12.842958099518457,15.578907861444874,1.396832767059917,90,2.356091022491455
Prophet,1,s1_i8,2015-03-31,2015-04-01,2015-06-29,10.101297735143284,7.648128204129682,9.542218813229974,0.8318298634489837,90,0.12523484230041504
LightGBM,1,s1_i8,2015-03-31,2015-04-01,2015-06-29,10.587316386068906,8.141324862223579,10.441207803454224,0.8854711855876763,90,0.11375999450683594
Naive,1,s1_i9,2015-03-31,2015-04-01,2015-06-29,16.422886111294112,8.8,11.404677403007359,1.1667318980840586,90,0.0009150505065917969
SeasonalNaive,1,s1_i9,2015-03-31,2015-04-01,2015-06-29,33.191568145782554,15.811111111111112,18.352414312866607,2.096287236077797,90,0.0007941722869873047
ETS,1,s1_i9,2015-03-31,2015-04-01,2015-06-29,26.752887665589952,13.170055914162218,15.077570725238868,1.7461277652958709,90,0.08380794525146484
SARIMA,1,s1_i9,2015-03-31,2015-04-01,2015-06-29,26.726594605373887,13.15940962518137,15.0693056726492,1.744716246551533,90,2.1273109912872314
Prophet,1,s1_i9,2015-03-31,2015-04-01,2015-06-29,10.77682256266154,5.765330058580719,7.293221383902581,0.7643857366282907,90,0.09786605834960938
LightGBM,1,s1_i9,2015-03-31,2015-04-01,2015-06-29,11.6940236661562,6.186505691898734,7.420884849210392,0.8202265373200956,90,0.1124720573425293
Naive,1,s1_i10,2015-03-31,2015-04-01,2015-06-29,57.533411039923685,34.98888888888889,37.996344853449024,3.659115855890379,90,0.0007369518280029297
SeasonalNaive,1,s1_i10,2015-03-31,2015-04-01,2015-06-29,25.85893141546319,17.77777777777778,21.51227040035007,1.8591887486264231,90,0.0007090568542480469
ETS,1,s1_i10,2015-03-31,2015-04-01,2015-06-29,23.547849662257644,16.680459814891275,19.108561724078527,1.744431930549059,90,0.09120011329650879
SARIMA,1,s1_i10,2015-03-31,2015-04-01,2015-06-29,23.838348044436415,16.851240279581667,19.28165593459332,1.7622920434611722,90,2.090446949005127
Prophet,1,s1_i10,2015-03-31,2015-04-01,2015-06-29,11.074795601995207,8.316046874278745,10.428563158473144,0.86968691897113,90,0.11951589584350586
LightGBM,1,s1_i10,2015-03-31,2015-04-01,2015-06-29,9.2157674853451,6.798055568064476,8.510412096615394,0.7109363488884008,90,0.11756396293640137
Naive,1,s1_i11,2015-03-31,2015-04-01,2015-06-29,35.549131398845475,22.3,25.179135983764194,2.600760292337625,90,0.0008718967437744141
SeasonalNaive,1,s1_i11,2015-03-31,2015-04-01,2015-06-29,31.040813727878646,19.322222222222223,21.42195135836136,2.2534739154833727,90,0.0006890296936035156
ETS,1,s1_i11,2015-03-31,2015-04-01,2015-06-29,25.7557899415671,16.620724570154756,18.867026480987025,1.9384089906699025,90,0.09302306175231934
SARIMA,1,s1_i11,2015-03-31,2015-04-01,2015-06-29,25.30194503348727,16.369953877276256,18.622493127377847,1.909162602305759,90,2.126621961593628
Prophet,1,s1_i11,2015-03-31,2015-04-01,2015-06-29,11.109767183762651,7.755345420978414,9.463984058268219,0.9044750862889274,90,0.09338998794555664
LightGBM,1,s1_i11,2015-03-31,2015-04-01,2015-06-29,11.217441475254969,7.988109940806249,10.11187569093339,0.9316214863173249,90,0.12026619911193848
Naive,1,s1_i12,2015-03-31,2015-04-01,2015-06-29,13.91591084855347,9.88888888888889,12.881511298498067,1.1331454074341676,90,0.0009210109710693359
SeasonalNaive,1,s1_i12,2015-03-31,2015-04-01,2015-06-29,23.722305537747378,15.677777777777777,18.61331661890367,1.7964810897636072,90,0.0006937980651855469
ETS,1,s1_i12,2015-03-31,2015-04-01,2015-06-29,15.361583015217118,10.701466371692986,13.143826124626594,1.2262568230006272,90,0.11353898048400879
SARIMA,1,s1_i12,2015-03-31,2015-04-01,2015-06-29,15.287598386088755,10.654461546901889,13.094978104548455,1.2208706464607,90,2.097484827041626
Prophet,1,s1_i12,2015-03-31,2015-04-01,2015-06-29,10.657225702922961,7.525778387454385,9.016056905352078,0.8623619208314749,90,0.11122822761535645
LightGBM,1,s1_i12,2015-03-31,2015-04-01,2015-06-29,10.424011110342631,7.42393074648619,9.26894784316846,0.8506914300495644,90,0.11635684967041016
Naive,1,s1_i13,2015-03-31,2015-04-01,2015-06-29,37.36415339297115,28.177777777777777,31.9203870764612,2.8254234498071362,90,0.00092315673828125
SeasonalNaive,1,s1_i13,2015-03-31,2015-04-01,2015-06-29,25.235897293680853,19.677777777777777,22.65612499965517,1.9731170858077438,90,0.0007178783416748047
ETS,1,s1_i13,2015-03-31,2015-04-01,2015-06-29,23.71814602925096,18.77492775724767,21.215392347375403,1.882587107191886,90,0.06322622299194336
SARIMA,1,s1_i13,2015-03-31,2015-04-01,2015-06-29,25.45885566857874,19.936037968875713,22.458480426206567,1.999013180447799,90,1.6252861022949219
Prophet,1,s1_i13,2015-03-31,2015-04-01,2015-06-29,9.65891509198487,8.193232727816062,10.169141650717167,0.8215463994877331,90,0.11726069450378418
LightGBM,1,s1_i13,2015-03-31,2015-04-01,2015-06-29,8.722879857386781,7.298959770900079,9.215354888021682,0.7318764545074924,90,0.10708403587341309
Naive,1,s1_i14,2015-03-31,2015-04-01,2015-06-29,25.981678454966783,14.366666666666667,16.967616214424464,1.7569344161509648,90,0.0009229183197021484
SeasonalNaive,1,s1_i14,2015-03-31,2015-04-01,2015-06-29,26.297214458537287,14.077777777777778,16.396815408961448,1.7216054951765447,90,0.0006988048553466797
ETS,1,s1_i14,2015-03-31,2015-04-01,2015-06-29,19.8149822024013,11.08841497728756,13.175654283302572,1.3560290877605798,90,0.07101583480834961
SARIMA,1,s1_i14,2015-03-31,2015-04-01,2015-06-29,19.857245345286596,11.108181663223125,13.194031370968533,1.3584464035944621,90,2.0816071033477783
Prophet,1,s1_i14,2015-03-31,2015-04-01,2015-06-29,10.757155483913374,6.327584217830166,7.745985987706385,0.7738155788909166,90,0.1097111701965332
LightGBM,1,s1_i14,2015-03-31,2015-04-01,2015-06-29,10.918880889699103,6.398617240170717,8.135953329322925,0.7825023790046057,90,0.11243891716003418
Naive,1,s1_i15,2015-03-31,2015-04-01,2015-06-29,41.16719214681323,32.166666666666664,35.66339548862079,3.0429951125815737,90,0.0009567737579345703
SeasonalNaive,1,s1_i15,2015-03-31,2015-04-01,2015-06-29,21.922842972410855,17.877777777777776,21.732464195300082,1.6912535876144221,90,0.0006959438323974609
ETS,1,s1_i15,2015-03-31,2015-04-01,2015-06-29,19.12851590871634,16.495974988669584,19.488727066309433,1.5605338217965625,90,0.12354302406311035
SARIMA,1,s1_i15,2015-03-31,2015-04-01,2015-06-29,19.194930826393843,16.54581654427176,19.534401354257977,1.5652488770328594,90,1.982861042022705
Prophet,1,s1_i15,2015-03-31,2015-04-01,2015-06-29,9.764342963369979,8.773076886881647,10.628417017735169,0.8299408317849706,90,0.1343228816986084
LightGBM,1,s1_i15,2015-03-31,2015-04-01,2015-06-29,9.505561261832725,8.583453562117814,10.592051036058852,0.8120022975729143,90,0.10515403747558594
Naive,1,s1_i16,2015-03-31,2015-04-01,2015-06-29,19.02470620380416,4.977777777777778,6.027713773341708,0.9250133331614395,90,0.0008997917175292969
SeasonalNaive,1,s1_i16,2015-03-31,2015-04-01,2015-06-29,26.52040876292286,6.233333333333333,7.683315256667094,1.1583314283561776,90,0.0006840229034423828
ETS,1,s1_i16,2015-03-31,2015-04-01,2015-06-29,20.081740545658437,5.159764800409145,6.395321815981591,0.9588317215892811,90,0.0592498779296875
SARIMA,1,s1_i16,2015-03-31,2015-04-01,2015-06-29,20.191294157279962,5.183719383905559,6.420413096706866,0.9632831676187589,90,2.273458957672119
Prophet,1,s1_i16,2015-03-31,2015-04-01,2015-06-29,16.15659159473264,4.175561812113763,4.959110168230898,0.775938686312606,90,0.1117699146270752
LightGBM,1,s1_i16,2015-03-31,2015-04-01,2015-06-29,14.64960294745239,3.7933067197867794,4.678198552269676,0.704904768597386,90,0.11378598213195801
Naive,1,s1_i17,2015-03-31,2015-04-01,2015-06-29,30.82885475811547,9.266666666666667,11.077504733066519,1.582731092166647,90,0.0007169246673583984
SeasonalNaive,1,s1_i17,2015-03-31,2015-04-01,2015-06-29,29.605337713409735,8.555555555555555,10.554619841567009,1.4612745095543382,90,0.0006010532379150391
ETS,1,s1_i17,2015-03-31,2015-04-01,2015-06-29,23.633800081686633,7.235998299576339,8.626346909771797,1.2358963480148697,90,0.06535005569458008
SARIMA,1,s1_i17,2015-03-31,2015-04-01,2015-06-29,23.572562937080356,7.219943120233381,8.611111321498603,1.2331541503670556,90,2.3264009952545166
Prophet,1,s1_i17,2015-03-31,2015-04-01,2015-06-29,15.160612804934297,4.807597980029508,5.721677504611487,0.8211296548521873,90,0.10693907737731934
LightGBM,1,s1_i17,2015-03-31,2015-04-01,2015-06-29,14.37824343423332,4.5572283441337165,5.673731277605425,0.778366941837794,90,0.1144707202911377
Naive,1,s1_i18,2015-03-31,2015-04-01,2015-06-29,23.150556140642735,18.655555555555555,22.23185902158332,1.9313595651466282,90,0.0010781288146972656
SeasonalNaive,1,s1_i18,2015-03-31,2015-04-01,2015-06-29,24.68891044243635,19.155555555555555,22.832725052724946,1.983123222342339,90,0.0007848739624023438
ETS,1,s1_i18,2015-03-31,2015-04-01,2015-06-29,18.6569514178174,15.098996522262754,17.751753404328447,1.5631585599552744,90,0.13756704330444336
SARIMA,1,s1_i18,2015-03-31,2015-04-01,2015-06-29,19.510919323177692,15.712506790771029,18.400245965093006,1.626673630405496,90,1.7591381072998047
Prophet,1,s1_i18,2015-03-31,2015-04-01,2015-06-29,9.963424846803113,8.150132367157722,10.195200762245351,0.8437613159064371,90,0.11246514320373535
LightGBM,1,s1_i18,2015-03-31,2015-04-01,2015-06-29,9.561661771286404,7.921035132419973,9.691179823686133,0.8200434944595367,90,0.10786771774291992
Naive,1,s1_i19,2015-03-31,2015-04-01,2015-06-29,16.66453325067626,6.7,8.36991968632648,0.9663118678755347,90,0.0008838176727294922
SeasonalNaive,1,s1_i19,2015-03-31,2015-04-01,2015-06-29,23.155791109855688,8.566666666666666,10.764654094664527,1.2355330847960815,90,0.0006957054138183594
ETS,1,s1_i19,2015-03-31,2015-04-01,2015-06-29,14.92881416239695,5.95739272753006,7.522414856910697,0.859208849881746,90,0.09627389907836914
SARIMA,1,s1_i19,2015-03-31,2015-04-01,2015-06-29,14.849511080815416,5.9280085729149885,7.490481665338306,0.8549709010262186,90,2.071347951889038
Prophet,1,s1_i19,2015-03-31,2015-04-01,2015-06-29,13.145711001546237,5.253831753192981,6.674231612174405,0.7577373096912992,90,0.12033224105834961
LightGBM,1,s1_i19,2015-03-31,2015-04-01,2015-06-29,12.256788410075325,4.922009912919654,6.156103941958627,0.7098800884560131,90,0.11487174034118652
Naive,1,s1_i20,2015-03-31,2015-04-01,2015-06-29,25.35093681426038,11.655555555555555,13.99325234215088,1.6448475378110405,90,0.0008559226989746094
SeasonalNaive,1,s1_i20,2015-03-31,2015-04-01,2015-06-29,27.520168080329967,12.177777777777777,13.94831730193845,1.7185442339760728,90,0.0006620883941650391
ETS,1,s1_i20,2015-03-31,2015-04-01,2015-06-29,22.511228543929096,10.236773655146305,11.910831147267066,1.4446271446727068,90,0.07903289794921875
SARIMA,1,s1_i20,2015-03-31,2015-04-01,2015-06-29,22.686077343326644,10.306257648855025,11.977530520029212,1.454432818492741,90,2.3903918266296387
Prophet,1,s1_i20,2015-03-31,2015-04-01,2015-06-29,9.98982978899389,4.841440088214942,6.078271252243912,0.683230479285416,90,0.11227130889892578
LightGBM,1,s1_i20,2015-03-31,2015-04-01,2015-06-29,10.212904254532761,4.927405029963459,6.213461267140109,0.6953619664632811,90,0.1113429069519043
Naive,1,s1_i21,2015-03-31,2015-04-01,2015-06-29,32.494317846000776,12.2,13.887644388688338,1.7677062909575574,90,0.0010230541229248047
SeasonalNaive,1,s1_i21,2015-03-31,2015-04-01,2015-06-29,19.84895943778839,7.844444444444444,9.368979548370131,1.1366126060255333,90,0.0016717910766601562
ETS,1,s1_i21,2015-03-31,2015-04-01,2015-06-29,17.85099493428252,7.125550230737639,8.720076363390607,1.03244917782041,90,0.10406899452209473
SARIMA,1,s1_i21,2015-03-31,2015-04-01,2015-06-29,18.09725643209782,7.210728639521819,8.790830013115334,1.0447910146287336,90,1.9537999629974365
Prophet,1,s1_i21,2015-03-31,2015-04-01,2015-06-29,11.413962196488676,4.691600653682558,5.877851280863221,0.6797845893586268,90,0.10311412811279297
LightGBM,1,s1_i21,2015-03-31,2015-04-01,2015-06-29,12.549058828811546,5.086449220520269,6.45404595990722,0.7369957611270364,90,0.11109709739685059
Naive,1,s1_i22,2015-03-31,2015-04-01,2015-06-29,23.042874591899498,17.933333333333334,21.617379839173644,1.84134882527191,90,0.0010068416595458984
SeasonalNaive,1,s1_i22,2015-03-31,2015-04-01,2015-06-29,20.833423908890953,15.222222222222221,18.34908414305436,1.5629788665567015,90,0.0012080669403076172
ETS,1,s1_i22,2015-03-31,2015-04-01,2015-06-29,18.964966361330003,14.746826113988204,17.224343915702296,1.5141664093762808,90,0.11188673973083496
SARIMA,1,s1_i22,2015-03-31,2015-04-01,2015-06-29,19.851274388006125,15.334844242955286,17.7680553008113,1.5745426077598565,90,1.86397385597229
Prophet,1,s1_i22,2015-03-31,2015-04-01,2015-06-29,9.387718331458839,7.5860256183998445,9.630243030803282,0.7789137190105855,90,0.11530709266662598
LightGBM,1,s1_i22,2015-03-31,2015-04-01,2015-06-29,9.072806104694378,7.368392796710809,9.402901042158101,0.7565677371950995,90,0.11317110061645508
Naive,1,s1_i23,2015-03-31,2015-04-01,2015-06-29,73.87804097889389,16.344444444444445,17.73978579352073,2.8045659204417945,90,0.0010678768157958984
SeasonalNaive,1,s1_i23,2015-03-31,2015-04-01,2015-06-29,32.53732610592597,8.366666666666667,10.265909062956329,1.435647952476323,90,0.0007281303405761719
ETS,1,s1_i23,2015-03-31,2015-04-01,2015-06-29,27.065180099012792,7.386465206993463,8.856183848392604,1.2674538227638763,90,0.10859489440917969
SARIMA,1,s1_i23,2015-03-31,2015-04-01,2015-06-29,31.371839575305145,8.317604796018275,9.812541217191278,1.4272293579574757,90,2.003446102142334
Prophet,1,s1_i23,2015-03-31,2015-04-01,2015-06-29,15.49186132224227,4.383442205308999,5.42943152833943,0.7521609354800991,90,0.12728476524353027
LightGBM,1,s1_i23,2015-03-31,2015-04-01,2015-06-29,14.693472459629184,4.216308439139955,5.303061307861188,0.7234822204374404,90,0.1197061538696289
Naive,1,s1_i24,2015-03-31,2015-04-01,2015-06-29,29.219841740341547,18.455555555555556,21.63202358644342,2.0891627213823694,90,0.0009000301361083984
SeasonalNaive,1,s1_i24,2015-03-31,2015-04-01,2015-06-29,22.878577374503475,14.222222222222221,16.67866234977427,1.609950802751013,90,0.0006799697875976562
ETS,1,s1_i24,2015-03-31,2015-04-01,2015-06-29,21.164307380217235,13.670906844474562,15.846190940907928,1.547542086229416,90,0.09544610977172852
SARIMA,1,s1_i24,2015-03-31,2015-04-01,2015-06-29,21.017316290016502,13.587674468994212,15.762222528492051,1.5381202091397663,90,1.9392621517181396
Prophet,1,s1_i24,2015-03-31,2015-04-01,2015-06-29,10.023338976550319,6.739823896948773,8.402704159289613,0.7629458128096738,90,0.11179900169372559
LightGBM,1,s1_i24,2015-03-31,2015-04-01,2015-06-29,9.584295295568241,6.399434231539194,7.860460752972099,0.7244138164372621,90,0.11357975006103516
Naive,1,s1_i25,2015-03-31,2015-04-01,2015-06-29,40.68055092691544,28.488888888888887,31.76301133219092,2.986649473144877,90,0.0011701583862304688
SeasonalNaive,1,s1_i25,2015-03-31,2015-04-01,2015-06-29,27.314372524933265,19.833333333333332,22.44227162199842,2.079239200297818,90,0.0007557868957519531
ETS,1,s1_i25,2015-03-31,2015-04-01,2015-06-29,23.161230829286136,17.380643350437204,19.61694407025429,1.8221099990230911,90,0.10132002830505371
SARIMA,1,s1_i25,2015-03-31,2015-04-01,2015-06-29,24.09728385684984,17.976334606801974,20.232184873423236,1.8845596433008198,90,2.036257028579712
Prophet,1,s1_i25,2015-03-31,2015-04-01,2015-06-29,9.93457128104437,7.834519584263424,9.641787473316757,0.8213364824420912,90,0.1356668472290039
LightGBM,1,s1_i25,2015-03-31,2015-04-01,2015-06-29,9.914067317028133,7.880141705356891,9.878288549926829,0.8261193044208276,90,0.1121668815612793
Naive,1,s1_i26,2015-03-31,2015-04-01,2015-06-29,62.00495442353545,23.81111111111111,25.838171589938618,3.310831765117432,90,0.0009379386901855469
SeasonalNaive,1,s1_i26,2015-03-31,2015-04-01,2015-06-29,22.65399863642492,10.0,12.95805197979662,1.3904566442397055,90,0.0007452964782714844
ETS,1,s1_i26,2015-03-31,2015-04-01,2015-06-29,20.107549491172815,9.441289314187063,11.682909775151131,1.3127703457100734,90,0.08227705955505371
SARIMA,1,s1_i26,2015-03-31,2015-04-01,2015-06-29,20.159164697341303,9.461805444390373,11.70201108635317,1.3156230246656015,90,2.0666630268096924
Prophet,1,s1_i26,2015-03-31,2015-04-01,2015-06-29,12.533459583721667,6.001790485523369,7.403969342410166,0.8345229457930616,90,0.09810471534729004
LightGBM,1,s1_i26,2015-03-31,2015-04-01,2015-06-29,12.44119919316117,5.986703564056378,7.342274964460253,0.8324251747735717,90,0.11321878433227539
Naive,1,s1_i27,2015-03-31,2015-04-01,2015-06-29,39.11642404365425,7.766666666666667,9.078056571266293,1.5237210421721077,90,0.0009222030639648438
SeasonalNaive,1,s1_i27,2015-03-31,2015-04-01,2015-06-29,32.76895440714062,6.588888888888889,8.2334008094401,1.292656048652446,90,0.0007128715515136719
ETS,1,s1_i27,2015-03-31,2015-04-01,2015-06-29,27.178529307485594,5.640651800701797,6.660762442586529,1.1066240137719294,90,0.07680797576904297
SARIMA,1,s1_i27,2015-03-31,2015-04-01,2015-06-29,27.162652970948887,5.6377501247642,6.6573733291060915,1.1060547419242452,90,2.1804428100585938
Prophet,1,s1_i27,2015-03-31,2015-04-01,2015-06-29,18.039826458542024,3.7873364879707285,4.663583770326575,0.7430271631554346,90,0.10920500755310059
LightGBM,1,s1_i27,2015-03-31,2015-04-01,2015-06-29,17.373254961586284,3.641492171614114,4.397335759303608,0.7144143665399265,90,0.12192201614379883
Naive,1,s1_i28,2015-03-31,2015-04-01,2015-06-29,20.975146924872153,18.344444444444445,22.445242010031635,1.7929830887083,90,0.0008821487426757812
SeasonalNaive,1,s1_i28,2015-03-31,2015-04-01,2015-06-29,24.75696432819693,19.9,22.749603171142226,1.9450228418392277,90,0.0006818771362304688
ETS,1,s1_i28,2015-03-31,2015-04-01,2015-06-29,19.189010542343407,16.51232912931571,19.11859519700636,1.613912428567151,90,0.08092403411865234
SARIMA,1,s1_i28,2015-03-31,2015-04-01,2015-06-29,19.020764481767525,16.38543861397719,19.0007481338085,1.601510169735685,90,2.380270004272461
Prophet,1,s1_i28,2015-03-31,2015-04-01,2015-06-29,8.515762316458234,7.686949772858692,9.555600407276298,0.751321250868393,90,0.10940217971801758
LightGBM,1,s1_i28,2015-03-31,2015-04-01,2015-06-29,8.877608521510027,8.06571011467359,9.883663642866937,0.7883412265675293,90,0.10476303100585938
Naive,1,s1_i29,2015-03-31,2015-04-01,2015-06-29,33.929344644473844,21.522222222222222,24.425624067996935,2.4403858667618734,90,0.0018732547760009766
SeasonalNaive,1,s1_i29,2015-03-31,2015-04-01,2015-06-29,26.625577911263292,16.92222222222222,19.182457263517275,1.91879590866202,90,0.0008780956268310547
ETS,1,s1_i29,2015-03-31,2015-04-01,2015-06-29,24.319443183361273,15.797939081472313,17.51706791064174,1.7913144312106906,90,0.10215306282043457
SARIMA,1,s1_i29,2015-03-31,2015-04-01,2015-06-29,26.15126050383923,16.75000739916343,18.45942222506017,1.8992686211960617,90,2.0398199558258057
Prophet,1,s1_i29,2015-03-31,2015-04-01,2015-06-29,8.881258000613489,6.227239763698866,7.678977424375529,0.7061012450924851,90,0.1052701473236084
LightGBM,1,s1_i29,2015-03-31,2015-04-01,2015-06-29,8.644430842435815,5.992585822444166,7.688531067515861,0.6794940408779189,90,0.10880804061889648
Naive,1,s1_i30,2015-03-31,2015-04-01,2015-06-29,65.15935353497295,20.488888888888887,22.110831935702667,3.1375902550604264,90,0.0008759498596191406
SeasonalNaive,1,s1_i30,2015-03-31,2015-04-01,2015-06-29,28.543611137253468,10.2,12.716568370087549,1.5619890749161993,90,0.0006930828094482422
ETS,1,s1_i30,2015-03-31,2015-04-01,2015-06-29,19.949237817624848,7.730029296239634,9.34992157796522,1.1837471872067125,90,0.06688809394836426
SARIMA,1,s1_i30,2015-03-31,2015-04-01,2015-06-29,20.555545204494287,7.931771323448548,9.61413673001307,1.2146411913686508,90,1.9235961437225342
Prophet,1,s1_i30,2015-03-31,2015-04-01,2015-06-29,12.726751817207028,5.090367878344042,6.505163832702187,0.7795195111056614,90,0.12429475784301758
LightGBM,1,s1_i30,2015-03-31,2015-04-01,2015-06-29,13.839484667767051,5.5330009222751695,6.752535845664007,0.8473026462838305,90,0.1112220287322998
Naive,1,s1_i31,2015-03-31,2015-04-01,2015-06-29,25.368554659879095,13.88888888888889,16.242605155030464,1.7150162006792768,90,0.001744985580444336
SeasonalNaive,1,s1_i31,2015-03-31,2015-04-01,2015-06-29,15.771346573903521,8.811111111111112,10.737783756436894,1.0880062777109332,90,0.0012729167938232422
ETS,1,s1_i31,2015-03-31,2015-04-01,2015-06-29,14.046015329710244,8.065302197821442,9.919496660680865,0.9959129231499324,90,0.10345196723937988
SARIMA,1,s1_i31,2015-03-31,2015-04-01,2015-06-29,14.534850821427451,8.319680452832326,10.256597910911738,1.0273238467979142,90,2.0289299488067627
Prophet,1,s1_i31,2015-03-31,2015-04-01,2015-06-29,11.532105054767769,6.583596998900837,7.817962892128851,0.8129502368538049,90,0.10750794410705566
LightGBM,1,s1_i31,2015-03-31,2015-04-01,2015-06-29,11.993008890450845,7.002677058965303,8.558906141633782,0.8646987315060436,90,0.11101818084716797
Naive,1,s1_i32,2015-03-31,2015-04-01,2015-06-29,30.422479131369336,12.666666666666666,15.276707033185449,1.8092059027633722,90,0.0008749961853027344
SeasonalNaive,1,s1_i32,2015-03-31,2015-04-01,2015-06-29,19.96258503635408,8.38888888888889,10.488618169764361,1.1982021549003037,90,0.0007171630859375
ETS,1,s1_i32,2015-03-31,2015-04-01,2015-06-29,16.534530802931535,7.380387970550615,9.492485794488168,1.0541559063950494,90,0.09265589714050293
SARIMA,1,s1_i32,2015-03-31,2015-04-01,2015-06-29,16.95677277003547,7.5355225019030625,9.657016152958777,1.0763140887512554,90,1.9354209899902344
Prophet,1,s1_i32,2015-03-31,2015-04-01,2015-06-29,13.19941425191353,5.95036081823443,7.750233645499878,0.8499022038885491,90,0.10788202285766602
LightGBM,1,s1_i32,2015-03-31,2015-04-01,2015-06-29,12.449971280977733,5.590527777010984,7.280235704127208,0.7985065147682263,90,0.12087774276733398
Naive,1,s1_i33,2015-03-31,2015-04-01,2015-06-29,35.42406858583625,22.055555555555557,25.647395362665755,2.481135556198908,90,0.0008909702301025391
SeasonalNaive,1,s1_i33,2015-03-31,2015-04-01,2015-06-29,24.23020304250997,15.455555555555556,18.54693745309152,1.7386698028577736,90,0.0006799697875976562
ETS,1,s1_i33,2015-03-31,2015-04-01,2015-06-29,20.782090234621965,13.780441385500954,16.456699128372694,1.5502281507059554,90,0.09654879570007324
SARIMA,1,s1_i33,2015-03-31,2015-04-01,2015-06-29,20.962858056201117,13.882652298136504,16.54971371580457,1.561726348016507,90,2.343487024307251
Prophet,1,s1_i33,2015-03-31,2015-04-01,2015-06-29,11.006331304744105,7.64960460724475,9.443134005637438,0.8605408253757246,90,0.11359572410583496
LightGBM,1,s1_i33,2015-03-31,2015-04-01,2015-06-29,12.38325345338988,8.673233196582819,10.177612348084274,0.9756937301824538,90,0.11588621139526367
Naive,1,s1_i34,2015-03-31,2015-04-01,2015-06-29,36.189821044784054,8.511111111111111,10.309650279659776,1.6227798621045997,90,0.0009028911590576172
SeasonalNaive,1,s1_i34,2015-03-31,2015-04-01,2015-06-29,27.517309045939097,6.644444444444445,8.342661445845684,1.266869918457638,90,0.0007128715515136719
ETS,1,s1_i34,2015-03-31,2015-04-01,2015-06-29,25.985351270393505,6.315571328802524,7.865937807573249,1.2041649834281112,90,0.10382485389709473
SARIMA,1,s1_i34,2015-03-31,2015-04-01,2015-06-29,25.471111001930364,6.209147876504182,7.755833809431238,1.1838736450833514,90,2.0979630947113037
Prophet,1,s1_i34,2015-03-31,2015-04-01,2015-06-29,17.94812514262248,4.516253313290942,5.70594566102931,0.8610961404797056,90,0.11351180076599121
LightGBM,1,s1_i34,2015-03-31,2015-04-01,2015-06-29,17.161452927539493,4.3114903181549185,5.5608257138072315,0.8220547908047885,90,0.11317086219787598
Naive,1,s1_i35,2015-03-31,2015-04-01,2015-06-29,26.770015725175416,16.58888888888889,20.380546279888247,1.8841529289095909,90,0.0011599063873291016
SeasonalNaive,1,s1_i35,2015-03-31,2015-04-01,2015-06-29,21.398568670424076,13.566666666666666,16.97743600586771,1.5408913102468924,90,0.0007560253143310547
ETS,1,s1_i35,2015-03-31,2015-04-01,2015-06-29,17.604183473315512,11.268586521750901,14.131274485723939,1.2798771781423504,90,0.09732413291931152
SARIMA,1,s1_i35,2015-03-31,2015-04-01,2015-06-29,17.730932073534824,11.339890175744985,14.205307778824393,1.2879757909798197,90,2.1319029331207275
Prophet,1,s1_i35,2015-03-31,2015-04-01,2015-06-29,10.907973686894055,7.306545114348717,9.212149022534481,0.8298716369503802,90,0.11399507522583008
LightGBM,1,s1_i35,2015-03-31,2015-04-01,2015-06-29,12.558704890262447,8.458870927276921,10.293519154205052,0.9607518948162959,90,0.11581993103027344
Naive,1,s1_i36,2015-03-31,2015-04-01,2015-06-29,42.111413824683616,28.1,31.235485518165962,3.2249153017191055,90,0.0009219646453857422
SeasonalNaive,1,s1_i36,2015-03-31,2015-04-01,2015-06-29,30.05634816147788,20.333333333333332,23.0299322139206,2.333568605039922,90,0.0007078647613525391
ETS,1,s1_i36,2015-03-31,2015-04-01,2015-06-29,24.599695594181693,17.632561213462896,20.232624518050585,2.023612685615491,90,0.11370515823364258
SARIMA,1,s1_i36,2015-03-31,2015-04-01,2015-06-29,27.11958457974417,19.10391173175795,21.642138063552423,2.192473212328731,90,1.9350862503051758
Prophet,1,s1_i36,2015-03-31,2015-04-01,2015-06-29,9.74711712363803,7.536065193561754,9.335252722737,0.8648815643227777,90,0.11720085144042969
LightGBM,1,s1_i36,2015-03-31,2015-04-01,2015-06-29,9.57212523114389,7.622484020979797,9.586978123759433,0.8747994788742748,90,0.10826706886291504
Naive,1,s1_i37,2015-03-31,2015-04-01,2015-06-29,21.448425623308793,6.166666666666667,7.629620640052237,1.106732891633604,90,0.0008828639984130859
SeasonalNaive,1,s1_i37,2015-03-31,2015-04-01,2015-06-29,27.47897353478604,7.188888888888889,8.951101732313303,1.2901913169134087,90,0.0006818771362304688
ETS,1,s1_i37,2015-03-31,2015-04-01,2015-06-29,23.28100310601883,6.550185093067146,7.916101570486051,1.1755630198030589,90,0.13652396202087402
SARIMA,1,s1_i37,2015-03-31,2015-04-01,2015-06-29,23.73086678963211,6.655325887397137,8.021867855607585,1.1944326590469754,90,1.997164249420166
Prophet,1,s1_i37,2015-03-31,2015-04-01,2015-06-29,16.0769567973791,4.6112674168555525,5.920938019983104,0.8275850793003836,90,0.10239911079406738
LightGBM,1,s1_i37,2015-03-31,2015-04-01,2015-06-29,16.368669463042345,4.69049091301712,6.042386621325331,0.8418033358937158,90,0.11433196067810059
Naive,1,s1_i38,2015-03-31,2015-04-01,2015-06-29,16.726679122484388,13.5,16.240894885032247,1.4253896102391115,90,0.0009891986846923828
SeasonalNaive,1,s1_i38,2015-03-31,2015-04-01,2015-06-29,20.75599378126924,15.655555555555555,19.037098284956958,1.6529826838081547,90,0.0006902217864990234
ETS,1,s1_i38,2015-03-31,2015-04-01,2015-06-29,15.330811710816278,12.301750875476207,14.70918930579324,1.2988731767150872,90,0.11828088760375977
SARIMA,1,s1_i38,2015-03-31,2015-04-01,2015-06-29,16.058888705464366,12.835757085415395,15.3468643716773,1.355255910304012,90,2.028468132019043
Prophet,1,s1_i38,2015-03-31,2015-04-01,2015-06-29,9.613231525636863,7.726868107463884,9.899087636203793,0.8158368533382937,90,0.10952019691467285
LightGBM,1,s1_i38,2015-03-31,2015-04-01,2015-06-29,9.438074062288694,7.677265424266723,10.150141942793597,0.8105995830220556,90,0.09955096244812012
Naive,1,s1_i39,2015-03-31,2015-04-01,2015-06-29,37.23280869416057,14.877777777777778,17.76544711261473,2.1484251033013613,90,0.0008730888366699219
SeasonalNaive,1,s1_i39,2015-03-31,2015-04-01,2015-06-29,30.932519343136423,12.71111111111111,15.311578770474469,1.8355476610730075,90,0.0008881092071533203
ETS,1,s1_i39,2015-03-31,2015-04-01,2015-06-29,28.600622540081766,11.739627002882445,14.09795701668397,1.6952605243277408,90,0.09692597389221191
SARIMA,1,s1_i39,2015-03-31,2015-04-01,2015-06-29,29.849737253496833,12.162754649388425,14.550122422163255,1.7563622608392304,90,1.9524149894714355
Prophet,1,s1_i39,2015-03-31,2015-04-01,2015-06-29,13.899105472839093,6.178320503534461,7.722546462951914,0.8921802075751641,90,0.11495018005371094
LightGBM,1,s1_i39,2015-03-31,2015-04-01,2015-06-29,13.442269625360376,5.983937753078385,7.39753319980711,0.8641103716785444,90,0.11184906959533691
Naive,1,s1_i40,2015-03-31,2015-04-01,2015-06-29,26.27772750238886,7.4222222222222225,9.27242027616187,1.336197224442059,90,0.0008788108825683594
SeasonalNaive,1,s1_i40,2015-03-31,2015-04-01,2015-06-29,33.99015936070414,8.977777777777778,10.804320123604878,1.6162385589059636,90,0.0006759166717529297
ETS,1,s1_i40,2015-03-31,2015-04-01,2015-06-29,22.459656377991628,6.367644338661379,7.84654788729408,1.1463451829937383,90,0.06194710731506348
SARIMA,1,s1_i40,2015-03-31,2015-04-01,2015-06-29,22.239603100786447,6.313867255928217,7.790817668262854,1.1366638791287715,90,1.9704911708831787
Prophet,1,s1_i40,2015-03-31,2015-04-01,2015-06-29,14.20348089858002,4.226578020378028,5.134129540986506,0.7608963529558742,90,0.10520172119140625
LightGBM,1,s1_i40,2015-03-31,2015-04-01,2015-06-29,14.639766661471235,4.328798820516488,5.472918458216227,0.7792988132077799,90,0.10677123069763184
Naive,1,s1_i41,2015-03-31,2015-04-01,2015-06-29,19.166056685737317,4.266666666666667,5.1229331875835005,0.8775107511476306,90,0.0007228851318359375
SeasonalNaive,1,s1_i41,2015-03-31,2015-04-01,2015-06-29,27.417702518010316,5.711111111111111,6.886379471262256,1.174584703359068,90,0.0005309581756591797
ETS,1,s1_i41,2015-03-31,2015-04-01,2015-06-29,15.998768824368575,3.5297644364938368,4.2924666671474485,0.7259545879785703,90,0.08999204635620117
SARIMA,1,s1_i41,2015-03-31,2015-04-01,2015-06-29,19.752968138171152,4.344849834448126,5.394940076800036,0.8935904160586484,90,1.9264798164367676
Prophet,1,s1_i41,2015-03-31,2015-04-01,2015-06-29,15.667754609140246,3.4640174035725737,4.141124536134924,0.7124326204212736,90,0.11204290390014648
LightGBM,1,s1_i41,2015-03-31,2015-04-01,2015-06-29,14.735198993064543,3.2331599531494395,4.073218410039052,0.6649529575942038,90,0.12188005447387695
Naive,1,s1_i42,2015-03-31,2015-04-01,2015-06-29,40.140461860537336,13.322222222222223,15.235557824452055,2.343857750435211,90,0.0007650852203369141
SeasonalNaive,1,s1_i42,2015-03-31,2015-04-01,2015-06-29,25.732597913500754,8.622222222222222,10.279429296739517,1.5169588109572343,90,0.0005521774291992188
ETS,1,s1_i42,2015-03-31,2015-04-01,2015-06-29,22.87128578469751,8.21253394196917,9.798775759645213,1.4448799163917438,90,0.0839381217956543
SARIMA,1,s1_i42,2015-03-31,2015-04-01,2015-06-29,24.606194568992446,8.758761490891427,10.374125985218319,1.5409809761614182,90,2.0448498725891113
Prophet,1,s1_i42,2015-03-31,2015-04-01,2015-06-29,12.654205370248247,4.699202931130732,6.052020451805927,0.8267587064135751,90,0.10520386695861816
LightGBM,1,s1_i42,2015-03-31,2015-04-01,2015-06-29,12.489441329229201,4.644231868312674,6.054057672421632,0.8170873205526752,90,0.10733795166015625
Naive,1,s1_i43,2015-03-31,2015-04-01,2015-06-29,32.63839900330256,15.233333333333333,17.652510051296137,2.078667337749252,90,0.0009458065032958984
SeasonalNaive,1,s1_i43,2015-03-31,2015-04-01,2015-06-29,25.681902537882145,12.2,14.102009313096723,1.6647532726832084,90,0.0007081031799316406
ETS,1,s1_i43,2015-03-31,2015-04-01,2015-06-29,22.196485858527065,10.736075886548733,12.633687868907176,1.4649932350743673,90,0.0951089859008789
SARIMA,1,s1_i43,2015-03-31,2015-04-01,2015-06-29,24.3841136676627,11.649504954803241,13.551336096811319,1.5896353687416351,90,1.73919677734375
Prophet,1,s1_i43,2015-03-31,2015-04-01,2015-06-29,11.155679415211353,5.74385299706955,7.294008497256843,0.783778530711704,90,0.10637307167053223
LightGBM,1,s1_i43,2015-03-31,2015-04-01,2015-06-29,12.138374982316538,6.198375412859547,7.536147115278969,0.8458004716292675,90,0.11216211318969727
Naive,1,s1_i44,2015-03-31,2015-04-01,2015-06-29,25.52995016224345,7.111111111111111,8.711422896914653,1.2298092602283552,90,0.0008139610290527344
SeasonalNaive,1,s1_i44,2015-03-31,2015-04-01,2015-06-29,26.74208650408539,7.011111111111111,8.263036837493694,1.212515067506394,90,0.0006489753723144531
ETS,1,s1_i44,2015-03-31,2015-04-01,2015-06-29,23.664605257233593,6.481011995825138,7.664173040500969,1.1208387048914263,90,0.08185505867004395
SARIMA,1,s1_i44,2015-03-31,2015-04-01,2015-06-29,23.34737550142529,6.405903091974545,7.586188977941357,1.107849226308152,90,2.0312659740448
Prophet,1,s1_i44,2015-03-31,2015-04-01,2015-06-29,13.42824373497436,3.8988657999570018,4.866345336119838,0.6742773654151999,90,0.10135388374328613
LightGBM,1,s1_i44,2015-03-31,2015-04-01,2015-06-29,13.110020788618119,3.7627275504525164,4.757837618957558,0.6507333541775898,90,0.1067667007446289
Naive,1,s1_i45,2015-03-31,2015-04-01,2015-06-29,25.633228159437156,19.344444444444445,22.824207422043038,2.058781690229028,90,0.0008230209350585938
SeasonalNaive,1,s1_i45,2015-03-31,2015-04-01,2015-06-29,26.12827129678746,18.833333333333332,22.015398651348058,2.0043853905446305,90,0.0005650520324707031
ETS,1,s1_i45,2015-03-31,2015-04-01,2015-06-29,22.97564922747942,17.058453229745734,19.394995280819135,1.8154892622473213,90,0.05716419219970703
SARIMA,1,s1_i45,2015-03-31,2015-04-01,2015-06-29,25.343378440942004,18.58224793023874,20.920626095383483,1.9776629880450654,90,2.0138397216796875
Prophet,1,s1_i45,2015-03-31,2015-04-01,2015-06-29,8.824761962582095,7.034643841728993,10.040945976500955,0.7486798589759124,90,0.11225080490112305
LightGBM,1,s1_i45,2015-03-31,2015-04-01,2015-06-29,10.117291467510267,8.245928296254268,10.600092201555237,0.8775938871764938,90,0.10569882392883301
Naive,1,s1_i46,2015-03-31,2015-04-01,2015-06-29,32.50921125415071,17.544444444444444,20.036910385031366,2.0768248881253455,90,0.0007970333099365234
SeasonalNaive,1,s1_i46,2015-03-31,2015-04-01,2015-06-29,20.541495733806883,11.533333333333333,13.686164952648754,1.3652591728145085,90,0.0006439685821533203
ETS,1,s1_i46,2015-03-31,2015-04-01,2015-06-29,19.497690624542226,11.003033094883023,12.820283834912695,1.3024848434887852,90,0.07885217666625977
SARIMA,1,s1_i46,2015-03-31,2015-04-01,2015-06-29,19.226709426551547,10.866034719644437,12.685055426232148,1.2862676508481643,90,1.9990959167480469
Prophet,1,s1_i46,2015-03-31,2015-04-01,2015-06-29,10.412577643155602,6.078766637091262,7.6501425358088415,0.7195744431232065,90,0.09858584403991699
LightGBM,1,s1_i46,2015-03-31,2015-04-01,2015-06-29,11.018895428217283,6.476621802709792,8.022075773473048,0.7666705773121371,90,0.09727096557617188
Naive,1,s1_i47,2015-03-31,2015-04-01,2015-06-29,30.876511805419522,6.233333333333333,7.515169843574912,1.3350105371218748,90,0.0008502006530761719
SeasonalNaive,1,s1_i47,2015-03-31,2015-04-01,2015-06-29,24.56550267005082,4.944444444444445,6.019413038937712,1.0589655775743927,90,0.0006542205810546875
ETS,1,s1_i47,2015-03-31,2015-04-01,2015-06-29,20.104007536857264,4.240100044561537,5.325395358666944,0.9081141558193447,90,0.05687904357910156
SARIMA,1,s1_i47,2015-03-31,2015-04-01,2015-06-29,19.689257355395593,4.162368884209163,5.243651753680861,0.8914662545145646,90,2.157618999481201
Prophet,1,s1_i47,2015-03-31,2015-04-01,2015-06-29,15.50993120609715,3.3471678042971518,4.153551133106042,0.7168723457088428,90,0.0958259105682373
LightGBM,1,s1_i47,2015-03-31,2015-04-01,2015-06-29,15.724817045818856,3.3795691126451737,4.171002259948351,0.7238118250769408,90,0.09334087371826172
Naive,1,s1_i48,2015-03-31,2015-04-01,2015-06-29,25.562688121887817,12.922222222222222,15.650701084757975,1.751252986371545,90,0.0009181499481201172
SeasonalNaive,1,s1_i48,2015-03-31,2015-04-01,2015-06-29,20.44348122829442,10.28888888888889,12.469518390414638,1.3943768403955723,90,0.0006487369537353516
ETS,1,s1_i48,2015-03-31,2015-04-01,2015-06-29,16.75113788728226,8.770475346721424,10.661590684164912,1.1885975089045153,90,0.05926513671875
SARIMA,1,s1_i48,2015-03-31,2015-04-01,2015-06-29,16.599315366178935,8.697869232405685,10.583552841405677,1.1787577404546576,90,2.0497941970825195
Prophet,1,s1_i48,2015-03-31,2015-04-01,2015-06-29,11.558452016320548,6.074489466179817,7.50818188828653,0.823230527643758,90,0.09091711044311523
LightGBM,1,s1_i48,2015-03-31,2015-04-01,2015-06-29,10.960681670470672,5.750574841740227,7.148813794747216,0.7793327797468256,90,0.09288907051086426
Naive,1,s1_i49,2015-03-31,2015-04-01,2015-06-29,39.316366033491235,10.555555555555555,12.416834450767949,1.989720998156509,90,0.0008602142333984375
SeasonalNaive,1,s1_i49,2015-03-31,2015-04-01,2015-06-29,27.66238251030217,7.866666666666666,10.111599499804392,1.4828657544155877,90,0.0006411075592041016
ETS,1,s1_i49,2015-03-31,2015-04-01,2015-06-29,23.38623086433239,6.7839992659679735,8.606267259754647,1.2787830749344566,90,0.07977104187011719
SARIMA,1,s1_i49,2015-03-31,2015-04-01,2015-06-29,23.130233166528257,6.721316036608512,8.550339669264682,1.2669672934692036,90,1.7822661399841309
Prophet,1,s1_i49,2015-03-31,2015-04-01,2015-06-29,13.823504511177138,4.206454392886604,5.544971155407081,0.792916165261342,90,0.08648395538330078
LightGBM,1,s1_i49,2015-03-31,2015-04-01,2015-06-29,14.566864663494025,4.466389830836573,6.160999730649166,0.8419139651717268,90,0.08226919174194336
Naive,1,s1_i50,2015-03-31,2015-04-01,2015-06-29,22.16485291663974,14.366666666666667,17.81416415228187,1.6810736900738754,90,0.0009112358093261719
SeasonalNaive,1,s1_i50,2015-03-31,2015-04-01,2015-06-29,25.28956176725734,15.144444444444444,18.677080428518085,1.7720830932487952,90,0.0006651878356933594
ETS,1,s1_i50,2015-03-31,2015-04-01,2015-06-29,18.75627414151604,12.17389614189059,14.91062356918386,1.4244930285260415,90,0.11611223220825195
SARIMA,1,s1_i50,2015-03-31,2015-04-01,2015-06-29,19.17833799275856,12.409951373113598,15.135268914442687,1.4521143444388005,90,1.8048861026763916
Prophet,1,s1_i50,2015-03-31,2015-04-01,2015-06-29,10.759022059244398,7.2252024063240885,9.190366317011511,0.8454360327654208,90,0.08184599876403809
LightGBM,1,s1_i50,2015-03-31,2015-04-01,2015-06-29,11.401040663101575,7.761465694216934,9.711316274797657,0.9081853207628112,90,0.07713007926940918
Naive,2,s1_i1,2015-06-29,2015-06-30,2015-09-27,21.587600094383962,5.288888888888889,6.5404722901161945,1.1696954850870513,90,0.0007522106170654297
SeasonalNaive,2,s1_i1,2015-06-29,2015-06-30,2015-09-27,23.571090737029905,5.911111111111111,7.3136098398047515,1.3073067186267047,90,0.0005240440368652344
ETS,2,s1_i1,2015-06-29,2015-06-30,2015-09-27,20.871401557504264,5.139196358400427,6.374924134149495,1.1365893486674614,90,0.06868314743041992
SARIMA,2,s1_i1,2015-06-29,2015-06-30,2015-09-27,21.016031604637657,5.180710334910174,6.42641331439651,1.1457706175334939,90,2.037321090698242
Prophet,2,s1_i1,2015-06-29,2015-06-30,2015-09-27,17.32233137845877,4.195636229801061,5.441736445643543,0.9279107309998664,90,0.11225485801696777
LightGBM,2,s1_i1,2015-06-29,2015-06-30,2015-09-27,16.452747092235246,4.003366673912125,5.216531340334437,0.8853882208530842,90,0.11679840087890625
Naive,2,s1_i2,2015-06-29,2015-06-30,2015-09-27,17.783901249782474,10.677777777777777,13.351237978388205,1.3199224273978705,90,0.0007529258728027344
SeasonalNaive,2,s1_i2,2015-06-29,2015-06-30,2015-09-27,22.365381882068103,13.21111111111111,15.570270817597661,1.6330778003913298,90,0.0005371570587158203
ETS,2,s1_i2,2015-06-29,2015-06-30,2015-09-27,13.162401358825113,7.817289200367868,9.71602754085441,0.9663260981601085,90,0.09603381156921387
SARIMA,2,s1_i2,2015-06-29,2015-06-30,2015-09-27,13.911020084896405,8.323559589325985,10.279744429905401,1.0289081873007886,90,2.275484800338745
Prophet,2,s1_i2,2015-06-29,2015-06-30,2015-09-27,11.41873720730273,6.811472926266941,8.600287641614301,0.8419931624447267,90,0.11943602561950684
LightGBM,2,s1_i2,2015-06-29,2015-06-30,2015-09-27,11.538946796039042,6.921018056081708,8.660026951891176,0.8555344700710795,90,0.11424112319946289
Naive,2,s1_i3,2015-06-29,2015-06-30,2015-09-27,42.14642280335742,14.455555555555556,16.82887729799915,2.309104310026808,90,0.0008981227874755859
SeasonalNaive,2,s1_i3,2015-06-29,2015-06-30,2015-09-27,26.47496559374785,10.688888888888888,12.988884136488057,1.7074237865071398,90,0.0005738735198974609
ETS,2,s1_i3,2015-06-29,2015-06-30,2015-09-27,15.488327495024892,5.9806648702637,7.48992688621273,0.9553405938414025,90,0.05910968780517578
SARIMA,2,s1_i3,2015-06-29,2015-06-30,2015-09-27,16.73626430535402,6.515776302129125,7.994526813859302,1.0408183265315303,90,2.314880132675171
Prophet,2,s1_i3,2015-06-29,2015-06-30,2015-09-27,15.068981887309615,5.79614435297138,7.056027532180472,0.9258656200065627,90,0.1240839958190918
LightGBM,2,s1_i3,2015-06-29,2015-06-30,2015-09-27,14.716730833550528,5.668075605527949,6.92281439027603,0.9054081498273755,90,0.11587405204772949
Naive,2,s1_i4,2015-06-29,2015-06-30,2015-09-27,59.74551737226383,11.2,12.682446311514369,2.3016841142288524,90,0.0006847381591796875
SeasonalNaive,2,s1_i4,2015-06-29,2015-06-30,2015-09-27,22.48449097315085,4.9222222222222225,6.080021929785013,1.011553633535101,90,0.0005040168762207031
ETS,2,s1_i4,2015-06-29,2015-06-30,2015-09-27,19.332128151534413,4.463760857959354,5.523373646239741,0.9173363800429999,90,0.09319090843200684
SARIMA,2,s1_i4,2015-06-29,2015-06-30,2015-09-27,19.297173467444733,4.456538154019209,5.525844992581578,0.9158520601393562,90,2.2486228942871094
Prophet,2,s1_i4,2015-06-29,2015-06-30,2015-09-27,19.603667963612402,4.50870799579744,5.378066384724663,0.9265733544306765,90,0.11176204681396484
LightGBM,2,s1_i4,2015-06-29,2015-06-30,2015-09-27,19.893717482112223,4.597028573615882,5.503840381501417,0.9447238964774819,90,0.10465669631958008
Naive,2,s1_i5,2015-06-29,2015-06-30,2015-09-27,44.60947858846608,7.433333333333334,8.605553762283725,1.716261825223783,90,0.0007398128509521484
SeasonalNaive,2,s1_i5,2015-06-29,2015-06-30,2015-09-27,28.54795192872842,5.933333333333334,7.596782944846529,1.3699309636315398,90,0.0005609989166259766
ETS,2,s1_i5,2015-06-29,2015-06-30,2015-09-27,26.726134781060097,5.322291825390515,6.644498033040288,1.2288492756885665,90,0.07725811004638672
SARIMA,2,s1_i5,2015-06-29,2015-06-30,2015-09-27,19.75304361790908,3.6503982661822763,4.69431024846453,0.8428303844544923,90,2.3833301067352295
Prophet,2,s1_i5,2015-06-29,2015-06-30,2015-09-27,17.695137955267363,3.246538056079801,3.968136501088401,0.7495842147694158,90,0.10430693626403809
LightGBM,2,s1_i5,2015-06-29,2015-06-30,2015-09-27,19.28044879285689,3.582044317164538,4.526005841609047,0.8270483297501285,90,0.114288330078125
Naive,2,s1_i6,2015-06-29,2015-06-30,2015-09-27,32.92480786966831,18.122222222222224,21.48720549536398,2.16804009866308,90,0.0006861686706542969
SeasonalNaive,2,s1_i6,2015-06-29,2015-06-30,2015-09-27,13.224295936170687,8.011111111111111,10.435516278555651,0.9584039921128635,90,0.0005128383636474609
ETS,2,s1_i6,2015-06-29,2015-06-30,2015-09-27,13.958428116612604,8.405448650610706,10.462303466633877,1.0055803034702475,90,0.09745907783508301
SARIMA,2,s1_i6,2015-06-29,2015-06-30,2015-09-27,14.180137367461738,8.553246736593193,10.613440739659351,1.0232620299708066,90,2.5793330669403076
Prophet,2,s1_i6,2015-06-29,2015-06-30,2015-09-27,10.707383704900412,6.445599207330031,8.226831692229803,0.7711150084158321,90,0.1193997859954834
LightGBM,2,s1_i6,2015-06-29,2015-06-30,2015-09-27,11.120313817924563,6.698699244615,8.495863034392416,0.8013944643831061,90,0.11764097213745117
Naive,2,s1_i7,2015-06-29,2015-06-30,2015-09-27,18.747990934966683,11.222222222222221,14.340308380381659,1.460392947881241,90,0.0007569789886474609
SeasonalNaive,2,s1_i7,2015-06-29,2015-06-30,2015-09-27,19.44177634814665,12.311111111111112,15.028861123407411,1.6020944418340746,90,0.0005578994750976562
ETS,2,s1_i7,2015-06-29,2015-06-30,2015-09-27,18.550150546409995,11.486707608985633,14.063275105325456,1.4948114958299772,90,0.09824109077453613
SARIMA,2,s1_i7,2015-06-29,2015-06-30,2015-09-27,22.700117386922418,14.623907050271814,17.83103946107954,1.9030678865365296,90,1.8859541416168213
Prophet,2,s1_i7,2015-06-29,2015-06-30,2015-09-27,11.985664553877417,7.141543472840125,9.035891346938538,0.9293577972525469,90,0.11764407157897949
LightGBM,2,s1_i7,2015-06-29,2015-06-30,2015-09-27,12.86872967859238,7.763573909120698,9.757178486916777,1.0103051216347723,90,0.11287498474121094
Naive,2,s1_i8,2015-06-29,2015-06-30,2015-09-27,14.470850358637918,11.422222222222222,14.232201360139461,1.2302321881626632,90,0.0007517337799072266
SeasonalNaive,2,s1_i8,2015-06-29,2015-06-30,2015-09-27,15.5517368192426,12.311111111111112,15.273069981724914,1.325970101638357,90,0.0005509853363037109
ETS,2,s1_i8,2015-06-29,2015-06-30,2015-09-27,12.272393137783624,9.704472210757869,11.77156170074507,1.0452216609459113,90,0.12361383438110352
SARIMA,2,s1_i8,2015-06-29,2015-06-30,2015-09-27,12.47131302297781,9.881230710950724,11.97441305043467,1.064259462193163,90,2.4105541706085205
Prophet,2,s1_i8,2015-06-29,2015-06-30,2015-09-27,8.949349767752373,7.074436374572141,8.963107419591806,0.7619532497078483,90,0.10690808296203613
LightGBM,2,s1_i8,2015-06-29,2015-06-30,2015-09-27,8.649064886423941,6.903335927721487,8.664320769038254,0.7435248499595778,90,0.11604499816894531
Naive,2,s1_i9,2015-06-29,2015-06-30,2015-09-27,22.690674797259543,11.71111111111111,14.127986409959489,1.5462981915392637,90,0.0009520053863525391
SeasonalNaive,2,s1_i9,2015-06-29,2015-06-30,2015-09-27,17.989183378376378,10.311111111111112,13.147031773158702,1.3614466050744185,90,0.0016918182373046875
ETS,2,s1_i9,2015-06-29,2015-06-30,2015-09-27,19.15698629752721,10.526182395209714,12.547443090984508,1.3898439394091742,90,0.09474468231201172
SARIMA,2,s1_i9,2015-06-29,2015-06-30,2015-09-27,19.034956972150237,10.450060909532144,12.465015964605854,1.379793098415203,90,2.5507519245147705
Prophet,2,s1_i9,2015-06-29,2015-06-30,2015-09-27,11.701584430153748,6.090756526900819,7.743968533928238,0.8042042905490924,90,0.1354508399963379
LightGBM,2,s1_i9,2015-06-29,2015-06-30,2015-09-27,12.405163070526747,6.544488910841051,8.034374375087374,0.8641136841218269,90,0.11652040481567383
Naive,2,s1_i10,2015-06-29,2015-06-30,2015-09-27,18.68520854106017,14.144444444444444,17.777326383158222,1.490191731651813,90,0.0008730888366699219
SeasonalNaive,2,s1_i10,2015-06-29,2015-06-30,2015-09-27,14.1432961653055,11.311111111111112,14.485241531373312,1.1916851396869959,90,0.000682830810546875
ETS,2,s1_i10,2015-06-29,2015-06-30,2015-09-27,12.652404492396302,9.823811797977774,12.195694155216183,1.0349903223240384,90,0.08831906318664551
SARIMA,2,s1_i10,2015-06-29,2015-06-30,2015-09-27,13.449010669840547,10.551541727402393,13.031535003823926,1.1116605038899232,90,2.3591763973236084
Prophet,2,s1_i10,2015-06-29,2015-06-30,2015-09-27,9.30963650641804,7.160064076083188,9.202502800080238,0.754350467859286,90,0.12858009338378906
LightGBM,2,s1_i10,2015-06-29,2015-06-30,2015-09-27,9.726904207181445,7.5400392777448575,9.577724585949602,0.794382856969581,90,0.1110837459564209
Naive,2,s1_i11,2015-06-29,2015-06-30,2015-09-27,17.435496456956088,12.822222222222223,16.808727891584578,1.4511175166507466,90,0.0008139610290527344
SeasonalNaive,2,s1_i11,2015-06-29,2015-06-30,2015-09-27,14.663115675287234,10.944444444444445,13.768321127380297,1.2386055059800567,90,0.0005559921264648438
ETS,2,s1_i11,2015-06-29,2015-06-30,2015-09-27,15.071742962360155,11.134895103314348,13.355161931744918,1.260159202551063,90,0.12682604789733887
SARIMA,2,s1_i11,2015-06-29,2015-06-30,2015-09-27,15.170947816865423,11.212002434127772,13.442256662126463,1.268885599307128,90,2.5080151557922363
Prophet,2,s1_i11,2015-06-29,2015-06-30,2015-09-27,11.225829791379692,8.269128262543315,10.452786977650376,0.9358344178758685,90,0.11472487449645996
LightGBM,2,s1_i11,2015-06-29,2015-06-30,2015-09-27,11.091171358414712,8.123073571733453,10.042306525188033,0.9193051052068149,90,0.10010504722595215
Naive,2,s1_i12,2015-06-29,2015-06-30,2015-09-27,21.500294436163493,15.422222222222222,19.253282548409477,1.745583688279068,90,0.0008177757263183594
SeasonalNaive,2,s1_i12,2015-06-29,2015-06-30,2015-09-27,13.879869861173919,10.477777777777778,12.966195364185372,1.185940502915822,90,0.0005939006805419922
ETS,2,s1_i12,2015-06-29,2015-06-30,2015-09-27,13.97700263030068,10.44302432705753,12.576238365829502,1.1820068897299572,90,0.1449270248413086
SARIMA,2,s1_i12,2015-06-29,2015-06-30,2015-09-27,14.015693509585244,10.473396337823905,12.605721105527294,1.185444584104353,90,2.3529980182647705
Prophet,2,s1_i12,2015-06-29,2015-06-30,2015-09-27,10.884667078252003,8.026067361622244,10.019128599777016,0.9084405648940291,90,0.1313159465789795
LightGBM,2,s1_i12,2015-06-29,2015-06-30,2015-09-27,10.225377546251904,7.548963559573466,9.51695813762607,0.8544389688547608,90,0.10955095291137695
Naive,2,s1_i13,2015-06-29,2015-06-30,2015-09-27,21.614708910850588,18.31111111111111,22.729813999336738,1.811253514261997,90,0.0008990764617919922
SeasonalNaive,2,s1_i13,2015-06-29,2015-06-30,2015-09-27,15.732790925548223,14.5,19.10235587565052,1.4342753859902344,90,0.0006799697875976562
ETS,2,s1_i13,2015-06-29,2015-06-30,2015-09-27,15.057800535516828,13.24116905251368,16.64598422711948,1.3097574381900692,90,0.08529520034790039
SARIMA,2,s1_i13,2015-06-29,2015-06-30,2015-09-27,16.891907932635245,15.13814281920052,19.022095250965272,1.4973976300126979,90,1.9065027236938477
Prophet,2,s1_i13,2015-06-29,2015-06-30,2015-09-27,10.662032721698385,9.259721550595858,11.706106173458338,0.9159303931822734,90,0.12105989456176758
LightGBM,2,s1_i13,2015-06-29,2015-06-30,2015-09-27,10.673200623646082,9.22785120824405,11.532280616495722,0.9127779209354956,90,0.11762094497680664
Naive,2,s1_i14,2015-06-29,2015-06-30,2015-09-27,40.25578628210702,22.011111111111113,25.134526938942862,2.6625630717922357,90,0.0008950233459472656
SeasonalNaive,2,s1_i14,2015-06-29,2015-06-30,2015-09-27,16.163346343674924,9.811111111111112,11.417822325937056,1.1867961597135508,90,0.0006840229034423828
ETS,2,s1_i14,2015-06-29,2015-06-30,2015-09-27,14.639801002820315,9.301536734468723,11.56704295119609,1.1251557495256854,90,0.08292078971862793
SARIMA,2,s1_i14,2015-06-29,2015-06-30,2015-09-27,13.1913080506134,8.33506900180814,10.511365114130122,1.008247462521407,90,2.4073519706726074
Prophet,2,s1_i14,2015-06-29,2015-06-30,2015-09-27,11.430260229649859,7.151620928065047,9.004917886727183,0.8650922568334306,90,0.12315011024475098
LightGBM,2,s1_i14,2015-06-29,2015-06-30,2015-09-27,10.648389743356683,6.658716065619324,8.571392842350543,0.8054682661121114,90,0.11408400535583496
Naive,2,s1_i15,2015-06-29,2015-06-30,2015-09-27,26.206182659954663,22.88888888888889,27.474028139721742,2.1179082554313142,90,0.0008909702301025391
SeasonalNaive,2,s1_i15,2015-06-29,2015-06-30,2015-09-27,12.913206171173597,12.577777777777778,15.866106432686417,1.1638214296836153,90,0.0006811618804931641
ETS,2,s1_i15,2015-06-29,2015-06-30,2015-09-27,14.516385188400946,13.76751090029041,16.47605610110444,1.2739074025834516,90,0.1261439323425293
SARIMA,2,s1_i15,2015-06-29,2015-06-30,2015-09-27,14.961606949759403,14.251496159994272,16.99601625653371,1.3186905452693976,90,2.2941157817840576
Prophet,2,s1_i15,2015-06-29,2015-06-30,2015-09-27,9.24793594071126,8.637156980423496,11.282944547992791,0.7991958963624084,90,0.11388492584228516
LightGBM,2,s1_i15,2015-06-29,2015-06-30,2015-09-27,8.852451580114593,8.299140117155714,10.833760963064611,0.7679192053589691,90,0.11439299583435059
Naive,2,s1_i16,2015-06-29,2015-06-30,2015-09-27,37.60157679649674,9.577777777777778,11.427063392568442,1.7628889791564297,90,0.0009121894836425781
SeasonalNaive,2,s1_i16,2015-06-29,2015-06-30,2015-09-27,20.2884819122578,5.677777777777778,7.026141662866375,1.0450536755788116,90,0.0006840229034423828
ETS,2,s1_i16,2015-06-29,2015-06-30,2015-09-27,17.409140407976107,4.926629486390608,5.9825189424309615,0.9067970699942685,90,0.07175493240356445
SARIMA,2,s1_i16,2015-06-29,2015-06-30,2015-09-27,17.434613944343695,4.933989345031323,5.99086049481263,0.9081517280357162,90,2.30098295211792
Prophet,2,s1_i16,2015-06-29,2015-06-30,2015-09-27,15.95917713489732,4.515811473789669,5.556124605261857,0.8311817692787431,90,0.11463093757629395
LightGBM,2,s1_i16,2015-06-29,2015-06-30,2015-09-27,16.500990917742588,4.640240230520321,5.725132719954719,0.8540841678329825,90,0.1161808967590332
Naive,2,s1_i17,2015-06-29,2015-06-30,2015-09-27,22.419053009028826,7.822222222222222,9.57078889120432,1.3244827799494954,90,0.0008871555328369141
SeasonalNaive,2,s1_i17,2015-06-29,2015-06-30,2015-09-27,16.60434319521154,5.944444444444445,7.346200832176225,1.0065316580582102,90,0.0007128715515136719
ETS,2,s1_i17,2015-06-29,2015-06-30,2015-09-27,18.024902335457753,6.6090106688493035,8.311885545826197,1.1190580598088151,90,0.07829093933105469
SARIMA,2,s1_i17,2015-06-29,2015-06-30,2015-09-27,13.89441854800598,4.924829811252565,6.28334288656516,0.8338873652368396,90,2.345705986022949
Prophet,2,s1_i17,2015-06-29,2015-06-30,2015-09-27,13.535428756599128,4.814261667911601,6.123381182605752,0.8151656263619128,90,0.12838125228881836
LightGBM,2,s1_i17,2015-06-29,2015-06-30,2015-09-27,13.237759167402402,4.689930213033111,5.994520384033282,0.7941134411497871,90,0.11110401153564453
Naive,2,s1_i18,2015-06-29,2015-06-30,2015-09-27,35.76297909935385,28.155555555555555,32.31649045851909,2.877698547149757,90,0.0009298324584960938
SeasonalNaive,2,s1_i18,2015-06-29,2015-06-30,2015-09-27,13.951839477189907,12.255555555555556,14.780993802102001,1.2526051687080437,90,0.0007002353668212891
ETS,2,s1_i18,2015-06-29,2015-06-30,2015-09-27,12.367813880320355,11.07227503744612,13.079167548542223,1.131665462115671,90,0.13934993743896484
SARIMA,2,s1_i18,2015-06-29,2015-06-30,2015-09-27,12.612586690514904,11.310141555214157,13.356620746191494,1.155977116391006,90,2.417715072631836
Prophet,2,s1_i18,2015-06-29,2015-06-30,2015-09-27,7.738809188694729,7.006458899902027,8.94783385797635,0.7161100606638238,90,0.10899090766906738
LightGBM,2,s1_i18,2015-06-29,2015-06-30,2015-09-27,8.27718688650614,7.35920129461599,9.069371619529146,0.7521628487107002,90,0.11158609390258789
Naive,2,s1_i19,2015-06-29,2015-06-30,2015-09-27,28.008487686129552,11.366666666666667,13.668699035875116,1.6194540862318765,90,0.0010571479797363281
SeasonalNaive,2,s1_i19,2015-06-29,2015-06-30,2015-09-27,17.433793631358924,7.366666666666666,9.181503144910424,1.049558220109222,90,0.0006902217864990234
ETS,2,s1_i19,2015-06-29,2015-06-30,2015-09-27,14.689283327232447,6.15484594993198,7.549437919569625,0.8769053158719994,90,0.11494207382202148
SARIMA,2,s1_i19,2015-06-29,2015-06-30,2015-09-27,14.684598681394176,6.152832693770526,7.544944149834888,0.8766184792810349,90,2.400573968887329
Prophet,2,s1_i19,2015-06-29,2015-06-30,2015-09-27,12.842954650197116,5.409168520116956,6.500668513807507,0.7706656946938624,90,0.12662696838378906
LightGBM,2,s1_i19,2015-06-29,2015-06-30,2015-09-27,12.810024188351532,5.343573165703599,6.524334774460212,0.7613200643646069,90,0.10772085189819336
Naive,2,s1_i20,2015-06-29,2015-06-30,2015-09-27,17.571574945818295,8.7,11.78369872135042,1.2280912926201395,90,0.0009260177612304688
SeasonalNaive,2,s1_i20,2015-06-29,2015-06-30,2015-09-27,12.632434574666854,6.455555555555556,8.3166499665831,0.9112656973337179,90,0.0006957054138183594
ETS,2,s1_i20,2015-06-29,2015-06-30,2015-09-27,14.598468438492148,7.41287066886808,8.800711181817878,1.046400220891508,90,0.08529877662658691
SARIMA,2,s1_i20,2015-06-29,2015-06-30,2015-09-27,14.531381983562747,7.376783496086457,8.759624004036226,1.041306158515831,90,2.5752241611480713
Prophet,2,s1_i20,2015-06-29,2015-06-30,2015-09-27,11.14194559474392,5.581360482803483,6.937835196365766,0.7878643919431144,90,0.11602091789245605
LightGBM,2,s1_i20,2015-06-29,2015-06-30,2015-09-27,11.524301264596417,5.791026093628399,7.1485908771850655,0.8174607725196619,90,0.11184382438659668
Naive,2,s1_i21,2015-06-29,2015-06-30,2015-09-27,18.657166656105836,7.955555555555556,10.032170475248337,1.1669698936993005,90,0.0009019374847412109
SeasonalNaive,2,s1_i21,2015-06-29,2015-06-30,2015-09-27,18.886869574646088,8.155555555555555,9.968840342676664,1.1963071256638078,90,0.0006780624389648438
ETS,2,s1_i21,2015-06-29,2015-06-30,2015-09-27,16.0477858859065,6.839097429730719,8.28510740596464,1.0032009386193874,90,0.0480198860168457
SARIMA,2,s1_i21,2015-06-29,2015-06-30,2015-09-27,17.55289800986284,7.515657499549949,9.008702718062322,1.1024429371504383,90,2.108419895172119
Prophet,2,s1_i21,2015-06-29,2015-06-30,2015-09-27,13.543010764984523,5.7699748104949755,7.240590358400076,0.8463754472242829,90,0.12189221382141113
LightGBM,2,s1_i21,2015-06-29,2015-06-30,2015-09-27,13.817248355616949,5.90475386740791,7.680688186139787,0.8661456695073446,90,0.09723019599914551
Naive,2,s1_i22,2015-06-29,2015-06-30,2015-09-27,32.65242228695281,24.977777777777778,29.290119684137707,2.5482920947951895,90,0.0009119510650634766
SeasonalNaive,2,s1_i22,2015-06-29,2015-06-30,2015-09-27,13.286457279927893,11.033333333333333,13.381164207779364,1.1256468194535691,90,0.0008828639984130859
ETS,2,s1_i22,2015-06-29,2015-06-30,2015-09-27,12.206439261266945,10.184113757343974,12.351881407699096,1.0390074253692672,90,0.1003718376159668
SARIMA,2,s1_i22,2015-06-29,2015-06-30,2015-09-27,12.498525246074022,10.436703727520594,12.586157531404034,1.0647772528516102,90,2.1711249351501465
Prophet,2,s1_i22,2015-06-29,2015-06-30,2015-09-27,9.909876203774639,8.381453395299792,10.59883605842168,0.8550957423097457,90,0.12166094779968262
LightGBM,2,s1_i22,2015-06-29,2015-06-30,2015-09-27,9.916142912799666,8.280789128782587,10.529765078960382,0.8448257352307985,90,0.10988616943359375
Naive,2,s1_i23,2015-06-29,2015-06-30,2015-09-27,41.800044242020896,11.433333333333334,13.52980249506827,1.9421181336053928,90,0.0009279251098632812
SeasonalNaive,2,s1_i23,2015-06-29,2015-06-30,2015-09-27,21.052661247251933,6.311111111111111,7.883879473682709,1.0720341106781954,90,0.0009400844573974609
ETS,2,s1_i23,2015-06-29,2015-06-30,2015-09-27,18.174799827413786,5.527359369747249,6.952055438498083,0.9389024661463389,90,0.08962607383728027
SARIMA,2,s1_i23,2015-06-29,2015-06-30,2015-09-27,19.057103045312523,5.842444457835271,7.296076469452261,0.9924242559309803,90,2.241183042526245
Prophet,2,s1_i23,2015-06-29,2015-06-30,2015-09-27,16.13414663520745,4.816242280278312,5.955808954868977,0.8181088747841541,90,0.11565279960632324
LightGBM,2,s1_i23,2015-06-29,2015-06-30,2015-09-27,16.329007008506967,4.878004162374219,6.240118685382368,0.8286000296982118,90,0.12567424774169922
Naive,2,s1_i24,2015-06-29,2015-06-30,2015-09-27,17.956077551573127,12.088888888888889,14.844377910695872,1.3602824505219102,90,0.0008928775787353516
SeasonalNaive,2,s1_i24,2015-06-29,2015-06-30,2015-09-27,16.718962160721304,11.844444444444445,14.65150731722394,1.33277673920621,90,0.0006809234619140625
ETS,2,s1_i24,2015-06-29,2015-06-30,2015-09-27,16.12740812284651,11.223819988934501,13.667033918629366,1.262941987397809,90,0.08462095260620117
SARIMA,2,s1_i24,2015-06-29,2015-06-30,2015-09-27,16.20388066629962,11.283830808098733,13.734029759473797,1.2696946066749684,90,2.130894184112549
Prophet,2,s1_i24,2015-06-29,2015-06-30,2015-09-27,9.636987422249986,6.5013726119386,8.448360569739899,0.7315563199900261,90,0.10071706771850586
LightGBM,2,s1_i24,2015-06-29,2015-06-30,2015-09-27,9.49685902453633,6.53666711089215,8.64004494964888,0.7355277757596796,90,0.11246776580810547
Naive,2,s1_i25,2015-06-29,2015-06-30,2015-09-27,16.23561244774312,13.377777777777778,17.064583206161235,1.3786958835983076,90,0.0008709430694580078
SeasonalNaive,2,s1_i25,2015-06-29,2015-06-30,2015-09-27,13.441021372751358,11.355555555555556,14.44145268162298,1.1702883663101913,90,0.0006940364837646484
ETS,2,s1_i25,2015-06-29,2015-06-30,2015-09-27,12.54483608693801,10.531552757471905,12.656595932751273,1.0853677401297699,90,0.1100308895111084
SARIMA,2,s1_i25,2015-06-29,2015-06-30,2015-09-27,13.193936539677182,11.151605707521593,13.304315085224683,1.1492695677761022,90,2.3606951236724854
Prophet,2,s1_i25,2015-06-29,2015-06-30,2015-09-27,8.342775987703643,6.929224664963469,8.805725154444765,0.7141166254071176,90,0.13722681999206543
LightGBM,2,s1_i25,2015-06-29,2015-06-30,2015-09-27,8.779185556355767,7.37922707041162,9.25039412177822,0.7604932713872367,90,0.12346220016479492
Naive,2,s1_i26,2015-06-29,2015-06-30,2015-09-27,33.21438783805164,14.855555555555556,17.5768155376463,2.049276911826485,90,0.0007600784301757812
SeasonalNaive,2,s1_i26,2015-06-29,2015-06-30,2015-09-27,18.753990955522692,9.7,11.820415484331429,1.3380843261215565,90,0.0005619525909423828
ETS,2,s1_i26,2015-06-29,2015-06-30,2015-09-27,17.759197524011178,8.674102456627379,10.550378433481649,1.1965650041634623,90,0.12018895149230957
SARIMA,2,s1_i26,2015-06-29,2015-06-30,2015-09-27,17.90112983844436,8.752031515666525,10.631435958137681,1.2073150714263163,90,2.019615888595581
Prophet,2,s1_i26,2015-06-29,2015-06-30,2015-09-27,12.137837121764013,5.744141852419457,7.197011442735513,0.7923862040970432,90,0.1170339584350586
LightGBM,2,s1_i26,2015-06-29,2015-06-30,2015-09-27,12.703205525917284,6.018080027303299,7.4003250303471315,0.8301751090597663,90,0.11636018753051758
Naive,2,s1_i27,2015-06-29,2015-06-30,2015-09-27,28.818297158026883,6.311111111111111,7.576278769950324,1.2308711300695154,90,0.0007879734039306641
SeasonalNaive,2,s1_i27,2015-06-29,2015-06-30,2015-09-27,22.192669098792187,4.9222222222222225,6.50213640104372,0.9599928003887241,90,0.0006241798400878906
ETS,2,s1_i27,2015-06-29,2015-06-30,2015-09-27,16.811372430198308,3.850537676890177,4.983532071541965,0.750979594288055,90,0.10050797462463379
SARIMA,2,s1_i27,2015-06-29,2015-06-30,2015-09-27,16.821414344786923,3.8531005246079864,4.98783785560104,0.7514794326225541,90,2.448880910873413
Prophet,2,s1_i27,2015-06-29,2015-06-30,2015-09-27,16.479780588603195,3.7246239084206247,4.727650995627818,0.7264223301615258,90,0.11963272094726562
LightGBM,2,s1_i27,2015-06-29,2015-06-30,2015-09-27,17.38338315010841,4.003472789622318,5.184834812798339,0.7808068959662817,90,0.10864830017089844
Naive,2,s1_i28,2015-06-29,2015-06-30,2015-09-27,19.55114959515009,17.366666666666667,21.408461463221084,1.6878807446427557,90,0.0009551048278808594
SeasonalNaive,2,s1_i28,2015-06-29,2015-06-30,2015-09-27,17.148436576915344,16.1,19.766132651583618,1.5647723601966432,90,0.000720977783203125
ETS,2,s1_i28,2015-06-29,2015-06-30,2015-09-27,24.662933631537655,24.110466879050854,28.388413516361283,2.3433162834643104,90,0.07415199279785156
SARIMA,2,s1_i28,2015-06-29,2015-06-30,2015-09-27,17.3280069194355,15.852438465564028,18.946292419281836,1.5407116492318431,90,2.7596240043640137
Prophet,2,s1_i28,2015-06-29,2015-06-30,2015-09-27,10.531232938307676,9.291594951095705,11.868545797480058,0.9030578237029341,90,0.1163640022277832
LightGBM,2,s1_i28,2015-06-29,2015-06-30,2015-09-27,10.2769489977828,9.20501688619024,11.507025753495066,0.8946432297300532,90,0.12038803100585938
Naive,2,s1_i29,2015-06-29,2015-06-30,2015-09-27,22.389075605046397,15.977777777777778,19.728715675943587,1.8109618842347226,90,0.0008800029754638672
SeasonalNaive,2,s1_i29,2015-06-29,2015-06-30,2015-09-27,11.286567686441165,8.222222222222221,10.25995451581861,0.931927534307159,90,0.0006520748138427734
ETS,2,s1_i29,2015-06-29,2015-06-30,2015-09-27,13.240660462385257,9.730245202208328,12.020135564268097,1.102850686155171,90,0.15897321701049805
SARIMA,2,s1_i29,2015-06-29,2015-06-30,2015-09-27,14.135700841131413,10.46469830196531,12.810669093901302,1.1860954644914812,90,2.456490993499756
Prophet,2,s1_i29,2015-06-29,2015-06-30,2015-09-27,9.746406176687827,7.137666064900459,9.027363388353539,0.8090011868802042,90,0.12692713737487793
LightGBM,2,s1_i29,2015-06-29,2015-06-30,2015-09-27,8.97944530462963,6.4766280630571735,8.193853021346008,0.7340774620657406,90,0.11263799667358398
Naive,2,s1_i30,2015-06-29,2015-06-30,2015-09-27,20.900647343955004,8.4,10.484909791377957,1.2802025314504604,90,0.0009081363677978516
SeasonalNaive,2,s1_i30,2015-06-29,2015-06-30,2015-09-27,19.5833815156497,8.077777777777778,9.865202594078958,1.2310942332863553,90,0.0007069110870361328
ETS,2,s1_i30,2015-06-29,2015-06-30,2015-09-27,15.974840534584239,6.571905962562632,7.7679126284170525,1.0015917440151256,90,0.07719016075134277
SARIMA,2,s1_i30,2015-06-29,2015-06-30,2015-09-27,16.29775674810977,6.732649327905728,7.990706291957164,1.0260898467801371,90,2.2982919216156006
Prophet,2,s1_i30,2015-06-29,2015-06-30,2015-09-27,13.351124755350849,5.370004001638383,6.586928783555246,0.8184157996186381,90,0.11534905433654785
LightGBM,2,s1_i30,2015-06-29,2015-06-30,2015-09-27,14.312108401758058,5.807662534363867,6.966687483307997,0.8851171759884068,90,0.11076092720031738
Naive,2,s1_i31,2015-06-29,2015-06-30,2015-09-27,35.1840523452644,19.9,22.856314469115777,2.4582352938139826,90,0.0008611679077148438
SeasonalNaive,2,s1_i31,2015-06-29,2015-06-30,2015-09-27,14.582283217626667,9.044444444444444,11.585431464655178,1.1172549018227704,90,0.0006880760192871094
ETS,2,s1_i31,2015-06-29,2015-06-30,2015-09-27,12.342191865750427,7.607585448940029,9.746581861209002,0.9397605553412097,90,0.09296011924743652
SARIMA,2,s1_i31,2015-06-29,2015-06-30,2015-09-27,12.371471689660757,7.6252111430852825,9.785720564192161,0.9419378469706485,90,2.3015921115875244
Prophet,2,s1_i31,2015-06-29,2015-06-30,2015-09-27,9.978434404677976,6.198722217185257,8.21519546870679,0.7657245090871188,90,0.11151909828186035
LightGBM,2,s1_i31,2015-06-29,2015-06-30,2015-09-27,9.414218151169017,5.832185280039214,7.916353561807225,0.7204464168570243,90,0.11901497840881348
Naive,2,s1_i32,2015-06-29,2015-06-30,2015-09-27,16.661954164896517,7.433333333333334,9.386160024205852,1.0463445049189635,90,0.0008630752563476562
SeasonalNaive,2,s1_i32,2015-06-29,2015-06-30,2015-09-27,21.5848140160203,9.755555555555556,11.974973903938164,1.3732294100431242,90,0.0006260871887207031
ETS,2,s1_i32,2015-06-29,2015-06-30,2015-09-27,14.625145304516002,6.502467696061351,7.934584665712516,0.9153122881865741,90,0.10149574279785156
SARIMA,2,s1_i32,2015-06-29,2015-06-30,2015-09-27,14.648382626748704,6.519838692507719,7.932707937445803,0.9177574962596624,90,2.3185672760009766
Prophet,2,s1_i32,2015-06-29,2015-06-30,2015-09-27,13.250011537475395,5.888222872194026,7.473413160773279,0.8288488313083016,90,0.12615489959716797
LightGBM,2,s1_i32,2015-06-29,2015-06-30,2015-09-27,12.706292740457492,5.638656042394451,7.129529453553926,0.7937188473211941,90,0.11569380760192871
Naive,2,s1_i33,2015-06-29,2015-06-30,2015-09-27,20.752321339062696,14.61111111111111,17.658174059372932,1.609789327950182,90,0.0008552074432373047
SeasonalNaive,2,s1_i33,2015-06-29,2015-06-30,2015-09-27,15.494093688072189,11.377777777777778,13.91322312685949,1.2535545793315488,90,0.0006728172302246094
ETS,2,s1_i33,2015-06-29,2015-06-30,2015-09-27,18.532017259433413,13.964595574657947,17.032863291899513,1.5385590291028315,90,0.08228826522827148
SARIMA,2,s1_i33,2015-06-29,2015-06-30,2015-09-27,13.638127901700386,9.832282969403439,12.41712572252504,1.0832786140059911,90,2.4313547611236572
Prophet,2,s1_i33,2015-06-29,2015-06-30,2015-09-27,10.510893085650135,7.553555037541876,9.548847812892097,0.8322181793739409,90,0.11896705627441406
LightGBM,2,s1_i33,2015-06-29,2015-06-30,2015-09-27,9.97050817311996,7.142237878962685,9.21221449201411,0.7869010253773465,90,0.10662031173706055
Naive,2,s1_i34,2015-06-29,2015-06-30,2015-09-27,20.547095451858507,5.522222222222222,7.078135347674555,1.0281580754099464,90,0.00101470947265625
SeasonalNaive,2,s1_i34,2015-06-29,2015-06-30,2015-09-27,19.455829631331202,5.066666666666666,6.5438690560113,0.9433402060099306,90,0.0007200241088867188
ETS,2,s1_i34,2015-06-29,2015-06-30,2015-09-27,17.864931392728625,4.827606111738536,6.031586577545383,0.8988305810491245,90,0.09304976463317871
SARIMA,2,s1_i34,2015-06-29,2015-06-30,2015-09-27,17.922746404213548,4.845730180688507,6.051269752290299,0.9022050211024806,90,2.4042999744415283
Prophet,2,s1_i34,2015-06-29,2015-06-30,2015-09-27,15.520255286731546,4.122319940157391,5.2747703415820055,0.7675164753132075,90,0.10684418678283691
LightGBM,2,s1_i34,2015-06-29,2015-06-30,2015-09-27,15.441266074793461,4.130816548880548,5.309272560722209,0.7690984212256988,90,0.12439608573913574
Naive,2,s1_i35,2015-06-29,2015-06-30,2015-09-27,24.635408937839586,17.6,20.806516073362957,1.99457831302697,90,0.0009100437164306641
SeasonalNaive,2,s1_i35,2015-06-29,2015-06-30,2015-09-27,21.35193838170376,15.311111111111112,19.136352839556444,1.7351823960550283,90,0.0006799697875976562
ETS,2,s1_i35,2015-06-29,2015-06-30,2015-09-27,21.528588788519315,15.185814510161933,17.658591128041998,1.7209827436147314,90,0.07584285736083984
SARIMA,2,s1_i35,2015-06-29,2015-06-30,2015-09-27,21.71995137065546,15.343165241015774,17.814841294874505,1.7388150365295048,90,2.342556953430176
Prophet,2,s1_i35,2015-06-29,2015-06-30,2015-09-27,9.013854000829284,5.918922946699706,7.260317137098895,0.670781553748007,90,0.15521717071533203
LightGBM,2,s1_i35,2015-06-29,2015-06-30,2015-09-27,10.87564411910186,7.247238786108287,8.767274786552013,0.8213173472783803,90,0.11567115783691406
Naive,2,s1_i36,2015-06-29,2015-06-30,2015-09-27,21.029283488098088,16.211111111111112,19.16333304342784,1.8186896920972864,90,0.0011832714080810547
SeasonalNaive,2,s1_i36,2015-06-29,2015-06-30,2015-09-27,11.673036153940076,9.322222222222223,11.361240151399748,1.0458400628304476,90,0.0007379055023193359
ETS,2,s1_i36,2015-06-29,2015-06-30,2015-09-27,13.158478241262323,10.499450808476443,12.914068489273363,1.177910806185933,90,0.13600492477416992
SARIMA,2,s1_i36,2015-06-29,2015-06-30,2015-09-27,15.280195280303536,12.46639068286865,14.982290025662602,1.3985775606121846,90,2.1112968921661377
Prophet,2,s1_i36,2015-06-29,2015-06-30,2015-09-27,8.62727934345278,6.699162029706758,8.57281653416101,0.7515645809599378,90,0.13622093200683594
LightGBM,2,s1_i36,2015-06-29,2015-06-30,2015-09-27,8.412800695438708,6.607785609157831,8.491599191980658,0.7413132568517972,90,0.11610627174377441
Naive,2,s1_i37,2015-06-29,2015-06-30,2015-09-27,31.492402863848934,9.2,11.271399400449106,1.5942429473345612,90,0.0008797645568847656
SeasonalNaive,2,s1_i37,2015-06-29,2015-06-30,2015-09-27,17.953111707654394,5.5777777777777775,6.936217348894937,0.9665579221762678,90,0.0006930828094482422
ETS,2,s1_i37,2015-06-29,2015-06-30,2015-09-27,15.77239120722474,4.933555647526898,6.424115119798296,0.85492242351656,90,0.10707807540893555
SARIMA,2,s1_i37,2015-06-29,2015-06-30,2015-09-27,15.766111437911356,4.931712444591385,6.42175316285858,0.85460301989912,90,2.4140219688415527
Prophet,2,s1_i37,2015-06-29,2015-06-30,2015-09-27,15.15445700254379,4.710331205427917,5.919784298741698,0.8162404678112348,90,0.11900115013122559
LightGBM,2,s1_i37,2015-06-29,2015-06-30,2015-09-27,14.957001416345273,4.663130449075574,6.198364785601866,0.808061177276063,90,0.1119089126586914
Naive,2,s1_i38,2015-06-29,2015-06-30,2015-09-27,22.31773498716778,18.38888888888889,22.461572122677037,1.8962163600496043,90,0.0009000301361083984
SeasonalNaive,2,s1_i38,2015-06-29,2015-06-30,2015-09-27,12.468413517866844,10.755555555555556,13.67316918477774,1.1090860643673819,90,0.0006921291351318359
ETS,2,s1_i38,2015-06-29,2015-06-30,2015-09-27,14.107493676901258,11.969673367373833,14.96512199658079,1.2342828650935267,90,0.13832426071166992
SARIMA,2,s1_i38,2015-06-29,2015-06-30,2015-09-27,13.954686273338272,11.82596879061555,14.780505030620974,1.2194644075396444,90,2.5384531021118164
Prophet,2,s1_i38,2015-06-29,2015-06-30,2015-09-27,9.814787729089918,8.283092827457931,10.426681047056052,0.8541318742061472,90,0.13071799278259277
LightGBM,2,s1_i38,2015-06-29,2015-06-30,2015-09-27,9.18575402014041,7.704593990216494,9.604795352248006,0.7944785168948362,90,0.11586689949035645
Naive,2,s1_i39,2015-06-29,2015-06-30,2015-09-27,16.40175326885468,7.411111111111111,9.307702903151418,1.0393280528645474,90,0.0008919239044189453
SeasonalNaive,2,s1_i39,2015-06-29,2015-06-30,2015-09-27,19.986327501237422,9.855555555555556,12.325673296912514,1.3821349068828388,90,0.0007088184356689453
ETS,2,s1_i39,2015-06-29,2015-06-30,2015-09-27,17.986371450021082,8.292704287673407,9.828558897729428,1.1629619460659935,90,0.11610698699951172
SARIMA,2,s1_i39,2015-06-29,2015-06-30,2015-09-27,17.802681676620036,8.204538511711212,9.724483431190878,1.1505976510383964,90,2.3069021701812744
Prophet,2,s1_i39,2015-06-29,2015-06-30,2015-09-27,10.895877311977095,4.884110925347059,6.278738369700616,0.6849436504068784,90,0.11070418357849121
LightGBM,2,s1_i39,2015-06-29,2015-06-30,2015-09-27,13.486312736109385,6.19310025348254,7.587086713172181,0.8685152241202772,90,0.11246418952941895
Naive,2,s1_i40,2015-06-29,2015-06-30,2015-09-27,28.43346923988404,8.144444444444444,10.124228365658293,1.4592129627015205,90,0.0008697509765625
SeasonalNaive,2,s1_i40,2015-06-29,2015-06-30,2015-09-27,23.07094232094617,7.033333333333333,8.64420165325996,1.260138888663114,90,0.0006630420684814453
ETS,2,s1_i40,2015-06-29,2015-06-30,2015-09-27,19.6309429949614,5.888928735607015,7.049350521469598,1.0550997316072181,90,0.06020689010620117
SARIMA,2,s1_i40,2015-06-29,2015-06-30,2015-09-27,19.744465841801905,5.926634038457967,7.089841406723282,1.06185526503347,90,2.3740999698638916
Prophet,2,s1_i40,2015-06-29,2015-06-30,2015-09-27,15.710656328982306,4.659776531341843,5.823049100285707,0.8348766283824982,90,0.11914896965026855
LightGBM,2,s1_i40,2015-06-29,2015-06-30,2015-09-27,19.185808380035382,5.817840913910968,7.003787392727503,1.042363163555625,90,0.1180272102355957
Naive,2,s1_i41,2015-06-29,2015-06-30,2015-09-27,32.60823497327627,7.0777777777777775,8.680117766738217,1.4456533209744196,90,0.0009028911590576172
SeasonalNaive,2,s1_i41,2015-06-29,2015-06-30,2015-09-27,20.342889890182757,4.711111111111111,6.0,0.9622558996752808,90,0.0008828639984130859
ETS,2,s1_i41,2015-06-29,2015-06-30,2015-09-27,26.55280965155941,6.4959282552732125,7.798059888074313,1.326809141215472,90,0.10267496109008789
SARIMA,2,s1_i41,2015-06-29,2015-06-30,2015-09-27,21.135187343970376,4.931304899606552,6.139458635022515,1.0072310163843445,90,2.3607099056243896
Prophet,2,s1_i41,2015-06-29,2015-06-30,2015-09-27,18.571153434898616,4.225032240918935,5.161313181164558,0.8629731085208174,90,0.12437319755554199
LightGBM,2,s1_i41,2015-06-29,2015-06-30,2015-09-27,18.900475592808323,4.315682602865797,5.215790597964333,0.881488665367978,90,0.11288690567016602
Naive,2,s1_i42,2015-06-29,2015-06-30,2015-09-27,17.549874363464493,6.633333333333334,8.104182733488786,1.1459537017343033,90,0.0008618831634521484
SeasonalNaive,2,s1_i42,2015-06-29,2015-06-30,2015-09-27,19.45495680013958,7.822222222222222,10.0675496301511,1.3513423886448066,90,0.0006902217864990234
ETS,2,s1_i42,2015-06-29,2015-06-30,2015-09-27,17.083431243947462,6.504237872560039,8.074868245227044,1.123651577942808,90,0.08461618423461914
SARIMA,2,s1_i42,2015-06-29,2015-06-30,2015-09-27,17.385409041527637,6.641974925366807,8.257607265440898,1.1474465958618867,90,2.056757926940918
Prophet,2,s1_i42,2015-06-29,2015-06-30,2015-09-27,13.650474999612936,5.165849188113997,6.469205617192318,0.8924357788523186,90,0.1134500503540039
LightGBM,2,s1_i42,2015-06-29,2015-06-30,2015-09-27,14.844409926550819,5.681825276763633,6.926981898932551,0.981574177163038,90,0.10523104667663574
Naive,2,s1_i43,2015-06-29,2015-06-30,2015-09-27,28.706203383504352,14.38888888888889,17.440374613713626,1.950340237902358,90,0.001898050308227539
SeasonalNaive,2,s1_i43,2015-06-29,2015-06-30,2015-09-27,15.274616529524984,8.21111111111111,9.85618812951764,1.112974081706442,90,0.0011241436004638672
ETS,2,s1_i43,2015-06-29,2015-06-30,2015-09-27,13.384693711828263,7.226454800059489,8.896678587844255,0.9795089588065479,90,0.12628817558288574
SARIMA,2,s1_i43,2015-06-29,2015-06-30,2015-09-27,13.654593672934281,7.3811682966423895,9.036992296861662,1.0004795813516427,90,2.035897731781006
Prophet,2,s1_i43,2015-06-29,2015-06-30,2015-09-27,11.002872936810492,5.974506117740018,7.678602602730775,0.8098137231443971,90,0.12433314323425293
LightGBM,2,s1_i43,2015-06-29,2015-06-30,2015-09-27,10.92038890495949,5.917280622600698,7.71852596402711,0.8020571001927608,90,0.11242198944091797
Naive,2,s1_i44,2015-06-29,2015-06-30,2015-09-27,26.508647553581305,7.7444444444444445,9.637311750575353,1.3563291955214445,90,0.0009191036224365234
SeasonalNaive,2,s1_i44,2015-06-29,2015-06-30,2015-09-27,20.98485366656154,6.144444444444445,7.371868450022996,1.076111972917301,90,0.0006997585296630859
ETS,2,s1_i44,2015-06-29,2015-06-30,2015-09-27,19.5529305172401,5.711631724166735,7.121642051402249,1.0003109864273236,90,0.08875298500061035
SARIMA,2,s1_i44,2015-06-29,2015-06-30,2015-09-27,19.604200376445082,5.728185024745168,7.144246609196794,1.0032100613729613,90,2.275264024734497
Prophet,2,s1_i44,2015-06-29,2015-06-30,2015-09-27,18.079284713689297,5.258816003984601,6.284823746385133,0.9210067592642407,90,0.10901713371276855
LightGBM,2,s1_i44,2015-06-29,2015-06-30,2015-09-27,19.127261435419506,5.577554849329114,6.860796513233626,0.9768293305007977,90,0.11140608787536621
Naive,2,s1_i45,2015-06-29,2015-06-30,2015-09-27,16.578426372060225,14.122222222222222,17.85652697350623,1.4941261470787897,90,0.0008280277252197266
SeasonalNaive,2,s1_i45,2015-06-29,2015-06-30,2015-09-27,13.986132616103752,11.644444444444444,15.49336775670301,1.2319781291412837,90,0.0006301403045654297
ETS,2,s1_i45,2015-06-29,2015-06-30,2015-09-27,12.386517094745237,10.367934563441922,12.848867654263376,1.0969238324308768,90,0.11529707908630371
SARIMA,2,s1_i45,2015-06-29,2015-06-30,2015-09-27,13.806201324727974,11.701413327146676,14.176070776372926,1.2380054169063304,90,2.146672248840332
Prophet,2,s1_i45,2015-06-29,2015-06-30,2015-09-27,8.688088994514613,7.252935391803164,9.148018190052781,0.7673580150094121,90,0.12714028358459473
LightGBM,2,s1_i45,2015-06-29,2015-06-30,2015-09-27,8.964257932632675,7.5285075354107915,9.464170484623724,0.7965134509381011,90,0.1079258918762207
Naive,2,s1_i46,2015-06-29,2015-06-30,2015-09-27,31.53948565484245,17.677777777777777,21.231266252078953,2.0962617638135796,90,0.0013530254364013672
SeasonalNaive,2,s1_i46,2015-06-29,2015-06-30,2015-09-27,16.37276476543377,10.222222222222221,12.833982667555349,1.212168964618789,90,0.0015368461608886719
ETS,2,s1_i46,2015-06-29,2015-06-30,2015-09-27,13.275696682642192,8.246913659920072,10.466333482418907,0.9779334253479647,90,0.06917500495910645
SARIMA,2,s1_i46,2015-06-29,2015-06-30,2015-09-27,13.255105668961074,8.235620384575238,10.485454317724088,0.9765942490334308,90,2.510420083999634
Prophet,2,s1_i46,2015-06-29,2015-06-30,2015-09-27,10.605811201866008,6.556499011525087,8.409054266236577,0.7774811039665251,90,0.11262917518615723
LightGBM,2,s1_i46,2015-06-29,2015-06-30,2015-09-27,10.736511712892858,6.60687375000037,8.386948423624645,0.7834546284363592,90,0.09648895263671875
Naive,2,s1_i47,2015-06-29,2015-06-30,2015-09-27,34.911598406205194,7.133333333333334,8.337332373793856,1.5333015945287858,90,0.0009169578552246094
SeasonalNaive,2,s1_i47,2015-06-29,2015-06-30,2015-09-27,21.41695752270283,4.788888888888889,5.873670062235365,1.0293660237412876,90,0.0005860328674316406
ETS,2,s1_i47,2015-06-29,2015-06-30,2015-09-27,17.959484943358785,3.954100097203568,4.960851070814778,0.8499291566311201,90,0.07115912437438965
SARIMA,2,s1_i47,2015-06-29,2015-06-30,2015-09-27,18.032823070114425,3.9720134065852966,4.986434623315525,0.8537796013748059,90,2.337596893310547
Prophet,2,s1_i47,2015-06-29,2015-06-30,2015-09-27,15.607507220672781,3.424841058647932,4.237864699466608,0.7361655499391395,90,0.11096072196960449
LightGBM,2,s1_i47,2015-06-29,2015-06-30,2015-09-27,17.02872313622134,3.7758267546946866,4.694024207596854,0.811609511724927,90,0.09714508056640625
Naive,2,s1_i48,2015-06-29,2015-06-30,2015-09-27,17.12234309835846,9.133333333333333,11.289129481250733,1.228205509886959,90,0.0017108917236328125
SeasonalNaive,2,s1_i48,2015-06-29,2015-06-30,2015-09-27,18.463794010032757,10.355555555555556,12.982038874280624,1.3925639114533406,90,0.0008120536804199219
ETS,2,s1_i48,2015-06-29,2015-06-30,2015-09-27,18.32506961412232,9.98975047829313,12.303719671852768,1.3433722532666614,90,0.07914304733276367
SARIMA,2,s1_i48,2015-06-29,2015-06-30,2015-09-27,18.4756991651405,10.08593861385371,12.430294632085234,1.356307158166069,90,2.4063780307769775
Prophet,2,s1_i48,2015-06-29,2015-06-30,2015-09-27,11.97685412679919,6.323756920854868,7.823430886895287,0.8503875649685846,90,0.09790706634521484
LightGBM,2,s1_i48,2015-06-29,2015-06-30,2015-09-27,13.796587421713486,7.359228837423386,8.618333601898957,0.9896327087564674,90,0.09235286712646484
Naive,2,s1_i49,2015-06-29,2015-06-30,2015-09-27,27.084271936621988,8.1,9.803060746521975,1.492409712028638,90,0.0008928775787353516
SeasonalNaive,2,s1_i49,2015-06-29,2015-06-30,2015-09-27,20.080882934887047,6.355555555555555,8.091147425839345,1.1709991156109476,90,0.0006768703460693359
ETS,2,s1_i49,2015-06-29,2015-06-30,2015-09-27,16.165316898202754,5.01890281942503,6.45295842083042,0.9247233717824479,90,0.07149267196655273
SARIMA,2,s1_i49,2015-06-29,2015-06-30,2015-09-27,16.17547946034922,5.022434870181606,6.457244529878237,0.9253741454679408,90,2.0835230350494385
Prophet,2,s1_i49,2015-06-29,2015-06-30,2015-09-27,15.982923276195269,4.927445409881608,5.9515279563685475,0.9078725166911413,90,0.10083889961242676
LightGBM,2,s1_i49,2015-06-29,2015-06-30,2015-09-27,16.025079851480374,4.950273011620496,6.085796311532562,0.9120784592266274,90,0.08429121971130371
Naive,2,s1_i50,2015-06-29,2015-06-30,2015-09-27,24.776418963710405,15.933333333333334,18.959606184377,1.8070585278030928,90,0.0008840560913085938
SeasonalNaive,2,s1_i50,2015-06-29,2015-06-30,2015-09-27,13.719317995818454,9.088888888888889,10.926013810067136,1.0308046553297976,90,0.0006840229034423828
ETS,2,s1_i50,2015-06-29,2015-06-30,2015-09-27,13.550591533886616,9.020559435538534,11.103061818047713,1.0230551581722527,90,0.12183690071105957
SARIMA,2,s1_i50,2015-06-29,2015-06-30,2015-09-27,13.618317684687545,9.073284813826438,11.151602636640456,1.029034939205734,90,2.372502088546753
Prophet,2,s1_i50,2015-06-29,2015-06-30,2015-09-27,10.85597242239845,7.201082389721564,9.39023780138954,0.8167015068049598,90,0.09068179130554199
LightGBM,2,s1_i50,2015-06-29,2015-06-30,2015-09-27,10.239639458724712,6.780688214278802,8.616617317774292,0.7690230415472658,90,0.07806587219238281
Naive,3,s1_i1,2015-09-27,2015-09-28,2015-12-26,51.81587370707932,12.444444444444445,13.84035966135113,2.6811311196942875,90,0.0007240772247314453
SeasonalNaive,3,s1_i1,2015-09-27,2015-09-28,2015-12-26,30.261078129130993,6.111111111111111,7.73448267321236,1.3166268891355875,90,0.0005679130554199219
ETS,3,s1_i1,2015-09-27,2015-09-28,2015-12-26,29.761065964983647,5.834855081377405,7.095602047093203,1.2571080699846942,90,0.08664417266845703
SARIMA,3,s1_i1,2015-09-27,2015-09-28,2015-12-26,29.62597985688612,5.81553583097502,7.058551131092984,1.252945775420703,90,2.397566080093384
Prophet,3,s1_i1,2015-09-27,2015-09-28,2015-12-26,20.484879092484295,3.798398218125202,4.745419017409782,0.8183574375755472,90,0.11997699737548828
LightGBM,3,s1_i1,2015-09-27,2015-09-28,2015-12-26,22.5552120210136,4.191813344381922,5.093069514102761,0.9031179540191913,90,0.11823701858520508
Naive,3,s1_i2,2015-09-27,2015-09-28,2015-12-26,32.51056197555327,17.72222222222222,20.784876980899146,2.148475969299625,90,0.0007109642028808594
SeasonalNaive,3,s1_i2,2015-09-27,2015-09-28,2015-12-26,18.407374745032456,9.122222222222222,11.459590840087714,1.105892646266453,90,0.0005319118499755859
ETS,3,s1_i2,2015-09-27,2015-09-28,2015-12-26,18.3774172020049,9.004552894600959,11.328396660769318,1.0916275208466324,90,0.10645079612731934
SARIMA,3,s1_i2,2015-09-27,2015-09-28,2015-12-26,17.241686926425704,8.389581097255684,10.280503871207792,1.0170741092131534,90,2.5537450313568115
Prophet,3,s1_i2,2015-09-27,2015-09-28,2015-12-26,11.489349703776371,5.611357129165743,7.19210553761714,0.680268297959477,90,0.14548802375793457
LightGBM,3,s1_i2,2015-09-27,2015-09-28,2015-12-26,11.551844651273678,5.578769445945298,7.2839608483534395,0.6763176729522765,90,0.11030101776123047
Naive,3,s1_i3,2015-09-27,2015-09-28,2015-12-26,55.73938825281587,23.266666666666666,24.524817362554746,3.596481942158887,90,0.0006728172302246094
SeasonalNaive,3,s1_i3,2015-09-27,2015-09-28,2015-12-26,28.070302876125357,9.577777777777778,11.492026221109429,1.4805002073261513,90,0.0004909038543701172
ETS,3,s1_i3,2015-09-27,2015-09-28,2015-12-26,26.40901086777835,8.701501506051196,10.808605116621864,1.3450484112971988,90,0.06183004379272461
SARIMA,3,s1_i3,2015-09-27,2015-09-28,2015-12-26,25.892388631448014,8.54161855809299,10.671733861830681,1.3203342507589115,90,2.2564549446105957
Prophet,3,s1_i3,2015-09-27,2015-09-28,2015-12-26,15.620661412177315,4.693587303851445,6.07392124070186,0.7255187098387368,90,0.16617417335510254
LightGBM,3,s1_i3,2015-09-27,2015-09-28,2015-12-26,15.970321908855082,4.907658336250607,6.124650813739582,0.7586090795678011,90,0.11341118812561035
Naive,3,s1_i4,2015-09-27,2015-09-28,2015-12-26,25.313790570851697,4.533333333333333,6.022181221672648,0.9057545269820091,90,0.0006880760192871094
SeasonalNaive,3,s1_i4,2015-09-27,2015-09-28,2015-12-26,33.97458910459196,6.411111111111111,7.805268875716084,1.2809322599721062,90,0.0005538463592529297
ETS,3,s1_i4,2015-09-27,2015-09-28,2015-12-26,27.058458308313778,5.006224114408237,6.103898269078609,1.0002375341275942,90,0.08876681327819824
SARIMA,3,s1_i4,2015-09-27,2015-09-28,2015-12-26,26.791288537984936,4.947446989755399,6.034866373493537,0.9884939355826029,90,2.5903069972991943
Prophet,3,s1_i4,2015-09-27,2015-09-28,2015-12-26,21.948689546120377,3.9995511607836027,4.937976990376597,0.7991054933329186,90,0.11243915557861328
LightGBM,3,s1_i4,2015-09-27,2015-09-28,2015-12-26,22.31577151954318,4.011421299607851,4.9076381187549964,0.801477132739382,90,0.10984492301940918
Naive,3,s1_i5,2015-09-27,2015-09-28,2015-12-26,56.13476966815536,10.877777777777778,11.812893144545262,2.4957563148925708,90,0.0007119178771972656
SeasonalNaive,3,s1_i5,2015-09-27,2015-09-28,2015-12-26,29.880193952541077,4.766666666666667,6.004627844883941,1.0936460256270815,90,0.0005421638488769531
ETS,3,s1_i5,2015-09-27,2015-09-28,2015-12-26,23.250471001674445,3.3922715794600014,4.4344819570921254,0.7783099994526154,90,0.0477910041809082
SARIMA,3,s1_i5,2015-09-27,2015-09-28,2015-12-26,27.6762130392242,4.175351362413007,5.201805324474339,0.9579768719789382,90,2.3068130016326904
Prophet,3,s1_i5,2015-09-27,2015-09-28,2015-12-26,22.724304569709357,3.339891836924031,4.382162290570596,0.7662921888411817,90,0.13007903099060059
LightGBM,3,s1_i5,2015-09-27,2015-09-28,2015-12-26,26.725473412115804,4.009100461481547,4.896361261310928,0.9198328921760125,90,0.10923385620117188
Naive,3,s1_i6,2015-09-27,2015-09-28,2015-12-26,29.721703328655142,15.444444444444445,18.25254928922411,1.8360269761175816,90,0.0007379055023193359
SeasonalNaive,3,s1_i6,2015-09-27,2015-09-28,2015-12-26,21.780363326441307,10.877777777777778,13.407709225168432,1.2931441795820953,90,0.0005381107330322266
ETS,3,s1_i6,2015-09-27,2015-09-28,2015-12-26,22.674685637221923,11.2991190000432,13.625460951363424,1.3432329900286206,90,0.08452081680297852
SARIMA,3,s1_i6,2015-09-27,2015-09-28,2015-12-26,22.420599281352676,11.164780707308408,13.487948630477593,1.327262928413657,90,2.7138612270355225
Prophet,3,s1_i6,2015-09-27,2015-09-28,2015-12-26,13.183593922819007,6.2554517496042115,7.790603071475269,0.7436446290696209,90,0.12490010261535645
LightGBM,3,s1_i6,2015-09-27,2015-09-28,2015-12-26,13.24776113151922,6.295770178206885,7.741460221197028,0.7484376614648914,90,0.12221908569335938
Naive,3,s1_i7,2015-09-27,2015-09-28,2015-12-26,21.03676585794615,10.411111111111111,12.378745224510169,1.3271159604641216,90,0.0007219314575195312
SeasonalNaive,3,s1_i7,2015-09-27,2015-09-28,2015-12-26,25.52329876499969,13.222222222222221,15.767758947365419,1.6854514332468566,90,0.0005629062652587891
ETS,3,s1_i7,2015-09-27,2015-09-28,2015-12-26,19.405789159396033,9.692656807738437,11.847413696912762,1.2355337880433097,90,0.1071779727935791
SARIMA,3,s1_i7,2015-09-27,2015-09-28,2015-12-26,17.6560334059956,8.705728180892507,10.459862871059476,1.1097288937771885,90,2.203882932662964
Prophet,3,s1_i7,2015-09-27,2015-09-28,2015-12-26,12.834807991351344,6.312224561883794,7.589392065965942,0.8046263143968695,90,0.12624073028564453
LightGBM,3,s1_i7,2015-09-27,2015-09-28,2015-12-26,12.706145034690733,6.21070771731814,7.560495862374986,0.7916858488460551,90,0.1093587875366211
Naive,3,s1_i8,2015-09-27,2015-09-28,2015-12-26,28.519441510342823,20.211111111111112,23.61614325460917,2.165008989340181,90,0.0008356571197509766
SeasonalNaive,3,s1_i8,2015-09-27,2015-09-28,2015-12-26,18.804959346501317,12.5,15.606622525923623,1.3389967636106122,90,0.0006310939788818359
ETS,3,s1_i8,2015-09-27,2015-09-28,2015-12-26,16.52838684165327,10.782144030585577,13.574992744506167,1.1549804769390055,90,0.11502265930175781
SARIMA,3,s1_i8,2015-09-27,2015-09-28,2015-12-26,16.213693709476647,10.51723429034777,13.076543041792084,1.1266034141528174,90,2.5812602043151855
Prophet,3,s1_i8,2015-09-27,2015-09-28,2015-12-26,12.101463593337282,7.7658092666704,9.39864677073478,0.8318714779911174,90,0.12395000457763672
LightGBM,3,s1_i8,2015-09-27,2015-09-28,2015-12-26,11.16490016835035,7.378343253978777,9.644181651446587,0.790366219030862,90,0.12167668342590332
Naive,3,s1_i9,2015-09-27,2015-09-28,2015-12-26,32.62111044832331,15.633333333333333,17.61028739749077,2.025032611269129,90,0.0008838176727294922
SeasonalNaive,3,s1_i9,2015-09-27,2015-09-28,2015-12-26,25.26907069494978,11.544444444444444,13.842366528564078,1.4953865551589374,90,0.0006771087646484375
ETS,3,s1_i9,2015-09-27,2015-09-28,2015-12-26,22.213164955336772,10.006643234684002,12.240212695099547,1.296190546667636,90,0.09360003471374512
SARIMA,3,s1_i9,2015-09-27,2015-09-28,2015-12-26,21.77675857352152,9.79169806152219,12.003892015223792,1.2683480529392206,90,2.5445189476013184
Prophet,3,s1_i9,2015-09-27,2015-09-28,2015-12-26,13.486990981585958,5.869360210374465,7.201175532069244,0.7602758528759314,90,0.1538093090057373
LightGBM,3,s1_i9,2015-09-27,2015-09-28,2015-12-26,14.027044574328862,6.113963396510075,7.356496957902459,0.7919600380834969,90,0.1067349910736084
Naive,3,s1_i10,2015-09-27,2015-09-28,2015-12-26,19.859845124702414,12.222222222222221,15.051024328374908,1.266875434802574,90,0.00090789794921875
SeasonalNaive,3,s1_i10,2015-09-27,2015-09-28,2015-12-26,18.50990208733286,11.477777777777778,14.288690166235206,1.1897112037736899,90,0.0007009506225585938
ETS,3,s1_i10,2015-09-27,2015-09-28,2015-12-26,17.82626430102037,10.941102282495214,14.165181634594573,1.1340829400200003,90,0.09662914276123047
SARIMA,3,s1_i10,2015-09-27,2015-09-28,2015-12-26,16.789639424679418,10.23806985773531,13.19268637246014,1.061211207481981,90,2.7102928161621094
Prophet,3,s1_i10,2015-09-27,2015-09-28,2015-12-26,11.5839607868215,6.961521242627244,8.519297213777786,0.7215856569115154,90,0.11649584770202637
LightGBM,3,s1_i10,2015-09-27,2015-09-28,2015-12-26,10.60951770277656,6.462866726645473,8.617205913307297,0.6698983986319149,90,0.11153507232666016
Naive,3,s1_i11,2015-09-27,2015-09-28,2015-12-26,22.259916442600453,13.522222222222222,16.738179909018385,1.507022072409674,90,0.0010318756103515625
SeasonalNaive,3,s1_i11,2015-09-27,2015-09-28,2015-12-26,21.18264038201232,13.71111111111111,18.68748838721304,1.5280733256808032,90,0.0007050037384033203
ETS,3,s1_i11,2015-09-27,2015-09-28,2015-12-26,19.50990905544248,11.824790693503921,14.688005759243122,1.3178470434725895,90,0.10742402076721191
SARIMA,3,s1_i11,2015-09-27,2015-09-28,2015-12-26,19.470599704532354,11.800790087621506,14.684815989448413,1.315172228473871,90,2.713710069656372
Prophet,3,s1_i11,2015-09-27,2015-09-28,2015-12-26,12.371741495054927,7.216632138398163,8.851906115198553,0.8042778577587798,90,0.12969183921813965
LightGBM,3,s1_i11,2015-09-27,2015-09-28,2015-12-26,12.156945968876903,7.261024630953356,9.0121614803392,0.809225303898218,90,0.1091163158416748
Naive,3,s1_i12,2015-09-27,2015-09-28,2015-12-26,29.86956756561259,18.822222222222223,21.9296856135949,2.092060293775381,90,0.0008080005645751953
SeasonalNaive,3,s1_i12,2015-09-27,2015-09-28,2015-12-26,22.83262137859953,14.088888888888889,17.703107071923842,1.5659577641718905,90,0.0006859302520751953
ETS,3,s1_i12,2015-09-27,2015-09-28,2015-12-26,22.2525853508171,13.368809482544012,16.961751050643365,1.4859220746239852,90,0.11787700653076172
SARIMA,3,s1_i12,2015-09-27,2015-09-28,2015-12-26,21.878713839678976,13.117470511792241,16.68135402407848,1.457986144701356,90,2.4994571208953857
Prophet,3,s1_i12,2015-09-27,2015-09-28,2015-12-26,12.837769176676254,7.302903874479243,8.826381117206628,0.8117062398199982,90,0.1174771785736084
LightGBM,3,s1_i12,2015-09-27,2015-09-28,2015-12-26,12.376702198368093,7.0476085633288665,9.114578534384252,0.7833305689061694,90,0.10986924171447754
Naive,3,s1_i13,2015-09-27,2015-09-28,2015-12-26,19.67691681762983,14.811111111111112,17.95457230531172,1.4207335135164747,90,0.0009140968322753906
SeasonalNaive,3,s1_i13,2015-09-27,2015-09-28,2015-12-26,17.06027826703787,12.744444444444444,15.818765227834103,1.2224916279095246,90,0.0007071495056152344
ETS,3,s1_i13,2015-09-27,2015-09-28,2015-12-26,14.879263729248846,10.971624247632601,13.721643031570222,1.0524365221072356,90,0.10247302055358887
SARIMA,3,s1_i13,2015-09-27,2015-09-28,2015-12-26,13.470260344340254,9.862468244421452,12.386788182078659,0.9460424039577938,90,2.399868965148926
Prophet,3,s1_i13,2015-09-27,2015-09-28,2015-12-26,9.087956158976437,6.595221287975876,8.126363088717659,0.6326366632855329,90,0.14083600044250488
LightGBM,3,s1_i13,2015-09-27,2015-09-28,2015-12-26,8.578636395516396,6.329441972641139,7.911166101045522,0.6071421829820092,90,0.1085960865020752
Naive,3,s1_i14,2015-09-27,2015-09-28,2015-12-26,35.78943455872948,20.333333333333332,22.810816147900834,2.4008323421659896,90,0.000888824462890625
SeasonalNaive,3,s1_i14,2015-09-27,2015-09-28,2015-12-26,20.913000431990874,10.733333333333333,13.711309200802088,1.2673246134056535,90,0.0006949901580810547
ETS,3,s1_i14,2015-09-27,2015-09-28,2015-12-26,19.78347632155617,9.922577312318,12.572741692859015,1.1715956325765018,90,0.06309795379638672
SARIMA,3,s1_i14,2015-09-27,2015-09-28,2015-12-26,19.61155187415954,9.82260811704313,12.435087767892597,1.1597918976304584,90,2.648317813873291
Prophet,3,s1_i14,2015-09-27,2015-09-28,2015-12-26,11.646814752615517,5.614255203778193,7.085607467726254,0.6628960067411999,90,0.12703585624694824
LightGBM,3,s1_i14,2015-09-27,2015-09-28,2015-12-26,11.645666296962755,5.576309442756123,6.894929591645106,0.6584156095128446,90,0.11858010292053223
Naive,3,s1_i15,2015-09-27,2015-09-28,2015-12-26,40.91851527593394,35.34444444444444,38.565240538310896,3.2690977393896343,90,0.0009360313415527344
SeasonalNaive,3,s1_i15,2015-09-27,2015-09-28,2015-12-26,25.076697755994704,19.466666666666665,22.779620521666097,1.800521609371468,90,0.0006897449493408203
ETS,3,s1_i15,2015-09-27,2015-09-28,2015-12-26,23.15442165877016,17.53325714747682,21.444568604626546,1.62169563578932,90,0.1436021327972412
SARIMA,3,s1_i15,2015-09-27,2015-09-28,2015-12-26,22.07450801267459,16.621108837417644,20.354306406104076,1.5373287140489151,90,2.409687042236328
Prophet,3,s1_i15,2015-09-27,2015-09-28,2015-12-26,11.821194337065702,8.330110113658742,10.224140564000953,0.7704731130866292,90,0.1376950740814209
LightGBM,3,s1_i15,2015-09-27,2015-09-28,2015-12-26,11.79197084166344,8.499436307358145,10.46546189084568,0.7861345242572659,90,0.10707378387451172
Naive,3,s1_i16,2015-09-27,2015-09-28,2015-12-26,42.5082487290845,11.055555555555555,12.276897907135265,2.030737451840574,90,0.0009479522705078125
SeasonalNaive,3,s1_i16,2015-09-27,2015-09-28,2015-12-26,26.189841421680164,6.155555555555556,7.730171767532436,1.1306819581102292,90,0.0007140636444091797
ETS,3,s1_i16,2015-09-27,2015-09-28,2015-12-26,26.64253501186906,6.137251290254204,7.36660490755375,1.1273197428973354,90,0.07539796829223633
SARIMA,3,s1_i16,2015-09-27,2015-09-28,2015-12-26,26.698608844335048,6.153751855990774,7.387363916302039,1.1303506459260821,90,2.9450628757476807
Prophet,3,s1_i16,2015-09-27,2015-09-28,2015-12-26,16.662039694457487,3.6287578224460755,4.435637317443826,0.666547635410113,90,0.1226799488067627
LightGBM,3,s1_i16,2015-09-27,2015-09-28,2015-12-26,17.81733945318274,3.912658730288266,4.863920359992681,0.7186959153648876,90,0.11469101905822754
Naive,3,s1_i17,2015-09-27,2015-09-28,2015-12-26,47.73665215550055,16.3,17.669496628685014,2.7517681056218115,90,0.0008969306945800781
SeasonalNaive,3,s1_i17,2015-09-27,2015-09-28,2015-12-26,34.954512258452596,10.78888888888889,12.268749823116543,1.8213816159228216,90,0.0006861686706542969
ETS,3,s1_i17,2015-09-27,2015-09-28,2015-12-26,30.445796549621534,9.097542808805745,10.79282690938245,1.535848352196363,90,0.06737589836120605
SARIMA,3,s1_i17,2015-09-27,2015-09-28,2015-12-26,30.770477696752913,9.222007885368107,10.911920437876878,1.5568605624999265,90,2.548402786254883
Prophet,3,s1_i17,2015-09-27,2015-09-28,2015-12-26,17.013442106339408,4.519028628060474,5.511386892133652,0.7629029967539083,90,0.13958120346069336
LightGBM,3,s1_i17,2015-09-27,2015-09-28,2015-12-26,18.781045545251057,5.124747452579462,6.246361986501303,0.8651605269555086,90,0.10851097106933594
Naive,3,s1_i18,2015-09-27,2015-09-28,2015-12-26,45.367248771072354,39.74444444444445,43.45636380963731,4.061565640557807,90,0.000885009765625
SeasonalNaive,3,s1_i18,2015-09-27,2015-09-28,2015-12-26,19.682435585716483,14.566666666666666,18.193100035147634,1.4885973035424331,90,0.0006740093231201172
ETS,3,s1_i18,2015-09-27,2015-09-28,2015-12-26,19.771107802984634,14.156025418898132,18.193354709425122,1.446633038955371,90,0.17148113250732422
SARIMA,3,s1_i18,2015-09-27,2015-09-28,2015-12-26,18.786079095954506,13.397879100950513,17.227805584481114,1.3691565242239672,90,2.4488558769226074
Prophet,3,s1_i18,2015-09-27,2015-09-28,2015-12-26,12.483476488159734,8.837660233111821,11.215358295957888,0.9031384800435548,90,0.13673996925354004
LightGBM,3,s1_i18,2015-09-27,2015-09-28,2015-12-26,11.181715572409896,7.881913335614815,10.04208177525948,0.8054687600561574,90,0.11744117736816406
Naive,3,s1_i19,2015-09-27,2015-09-28,2015-12-26,35.35889818109706,13.077777777777778,15.245764439126473,1.8477850500140127,90,0.0008070468902587891
SeasonalNaive,3,s1_i19,2015-09-27,2015-09-28,2015-12-26,25.719578417655992,9.311111111111112,12.152731745944568,1.315585277749994,90,0.00066375732421875
ETS,3,s1_i19,2015-09-27,2015-09-28,2015-12-26,26.57518704858109,9.20701985840505,11.284397859267715,1.3008780190814517,90,0.11108803749084473
SARIMA,3,s1_i19,2015-09-27,2015-09-28,2015-12-26,26.60701912812352,9.220491607915495,11.298941864467066,1.3027814691756436,90,2.614333152770996
Prophet,3,s1_i19,2015-09-27,2015-09-28,2015-12-26,17.37982763122188,5.677875395418318,7.03197414596654,0.8022382280668422,90,0.13764405250549316
LightGBM,3,s1_i19,2015-09-27,2015-09-28,2015-12-26,18.09011638363277,5.8937259409568465,7.3248875544766205,0.8327361779372853,90,0.109954833984375
Naive,3,s1_i20,2015-09-27,2015-09-28,2015-12-26,33.022305427040145,14.688888888888888,16.493096198780332,2.049180481122763,90,0.0008480548858642578
SeasonalNaive,3,s1_i20,2015-09-27,2015-09-28,2015-12-26,22.715328915030724,9.28888888888889,10.788883167408942,1.2958508942652271,90,0.0005879402160644531
ETS,3,s1_i20,2015-09-27,2015-09-28,2015-12-26,20.783966305949043,8.491322636119884,10.527835307644175,1.1845860321004145,90,0.07737994194030762
SARIMA,3,s1_i20,2015-09-27,2015-09-28,2015-12-26,20.741807489820165,8.470053526196871,10.499748884178107,1.1816188747316865,90,2.6271727085113525
Prophet,3,s1_i20,2015-09-27,2015-09-28,2015-12-26,13.90823368063982,5.458670591419736,6.50852471719742,0.761514455819558,90,0.12396097183227539
LightGBM,3,s1_i20,2015-09-27,2015-09-28,2015-12-26,14.145512171628965,5.519375083606677,6.695626662894857,0.7699830650824441,90,0.11001181602478027
Naive,3,s1_i21,2015-09-27,2015-09-28,2015-12-26,51.8961263214828,22.38888888888889,23.738623006025904,3.232359212482834,90,0.0008418560028076172
SeasonalNaive,3,s1_i21,2015-09-27,2015-09-28,2015-12-26,28.01472870347545,10.4,12.405196043952264,1.5014829890242845,90,0.0005738735198974609
ETS,3,s1_i21,2015-09-27,2015-09-28,2015-12-26,26.877251823909603,9.579963965906353,11.269977825128905,1.3830916279109624,90,0.08197665214538574
SARIMA,3,s1_i21,2015-09-27,2015-09-28,2015-12-26,26.800121810796057,9.5515631629419,11.206431290928135,1.3789913084373318,90,2.465271234512329
Prophet,3,s1_i21,2015-09-27,2015-09-28,2015-12-26,15.442343361779365,5.163916195369367,6.567083438978578,0.7455319542398181,90,0.13945508003234863
LightGBM,3,s1_i21,2015-09-27,2015-09-28,2015-12-26,16.27949049832562,5.493539648351382,6.81825558609381,0.7931208011086585,90,0.10524892807006836
Naive,3,s1_i22,2015-09-27,2015-09-28,2015-12-26,48.83619845373899,42.388888888888886,44.846528417605654,4.19830108343285,90,0.0009748935699462891
SeasonalNaive,3,s1_i22,2015-09-27,2015-09-28,2015-12-26,18.17354172487481,13.333333333333334,17.523317798484015,1.3205665268989306,90,0.0013887882232666016
ETS,3,s1_i22,2015-09-27,2015-09-28,2015-12-26,21.469325922317708,15.268657615045557,18.947479898348373,1.5122458617832215,90,0.130173921585083
SARIMA,3,s1_i22,2015-09-27,2015-09-28,2015-12-26,20.594482927271525,14.606621838503203,18.303888104868403,1.4466761903248686,90,2.358130931854248
Prophet,3,s1_i22,2015-09-27,2015-09-28,2015-12-26,10.62069160220529,7.070754188204493,8.325454481748473,0.7003050975654956,90,0.1412038803100586
LightGBM,3,s1_i22,2015-09-27,2015-09-28,2015-12-26,9.450718909323523,6.236471720316212,7.8582977362763415,0.6176756849851034,90,0.10390591621398926
Naive,3,s1_i23,2015-09-27,2015-09-28,2015-12-26,22.40912125195011,5.388888888888889,6.978538528947161,0.9103720084659183,90,0.0009827613830566406
SeasonalNaive,3,s1_i23,2015-09-27,2015-09-28,2015-12-26,37.863538339336586,9.088888888888889,10.483850013764558,1.5354315524229298,90,0.0006992816925048828
ETS,3,s1_i23,2015-09-27,2015-09-28,2015-12-26,21.525358935686445,5.2043271160842774,6.820345434892914,0.8791930631845267,90,0.0742802619934082
SARIMA,3,s1_i23,2015-09-27,2015-09-28,2015-12-26,20.839116915225624,4.9727142881688895,6.45222475289441,0.840065547349017,90,2.6422691345214844
Prophet,3,s1_i23,2015-09-27,2015-09-28,2015-12-26,17.87494407702447,4.23976448450351,5.449643869480407,0.716244663559162,90,0.12561702728271484
LightGBM,3,s1_i23,2015-09-27,2015-09-28,2015-12-26,17.439225102164414,4.074362012793634,5.3156344356654115,0.6883023950358276,90,0.11308002471923828
Naive,3,s1_i24,2015-09-27,2015-09-28,2015-12-26,38.08790931625647,24.744444444444444,27.764285612195312,2.8001405504903465,90,0.0008869171142578125
SeasonalNaive,3,s1_i24,2015-09-27,2015-09-28,2015-12-26,20.302720890104315,11.744444444444444,15.048440303086414,1.32902943954571,90,0.0006899833679199219
ETS,3,s1_i24,2015-09-27,2015-09-28,2015-12-26,20.850812648087253,11.857281224866922,14.85787931197822,1.341798319653612,90,0.0834660530090332
SARIMA,3,s1_i24,2015-09-27,2015-09-28,2015-12-26,20.74747607572966,11.796477011638695,14.784553648723687,1.3349175693711282,90,2.1410109996795654
Prophet,3,s1_i24,2015-09-27,2015-09-28,2015-12-26,12.783309634320194,7.036792779619091,8.826077181649701,0.7963003110394337,90,0.1356949806213379
LightGBM,3,s1_i24,2015-09-27,2015-09-28,2015-12-26,12.957954308695829,7.153106883317115,8.853828167082336,0.8094626933709513,90,0.117401123046875
Naive,3,s1_i25,2015-09-27,2015-09-28,2015-12-26,38.82167976972674,30.68888888888889,34.48413483843774,3.168111722998309,90,0.0008769035339355469
SeasonalNaive,3,s1_i25,2015-09-27,2015-09-28,2015-12-26,20.02920146772197,13.7,17.192052427405713,1.4142946250749147,90,0.0006818771362304688
ETS,3,s1_i25,2015-09-27,2015-09-28,2015-12-26,19.715217134508208,13.380567918048722,17.36674531147867,1.3813186340836607,90,0.13156890869140625
SARIMA,3,s1_i25,2015-09-27,2015-09-28,2015-12-26,18.553797442061217,12.514850451625389,16.410026622041116,1.2919478633102304,90,2.625095844268799
Prophet,3,s1_i25,2015-09-27,2015-09-28,2015-12-26,11.6008096129313,7.679722206656616,9.475045332355739,0.7928021780250304,90,0.12394213676452637
LightGBM,3,s1_i25,2015-09-27,2015-09-28,2015-12-26,10.901713494695311,7.066781139494187,8.484878843009135,0.7295263198662343,90,0.12297201156616211
Naive,3,s1_i26,2015-09-27,2015-09-28,2015-12-26,23.427882241739084,9.21111111111111,11.6041180429861,1.267724647550171,90,0.0010371208190917969
SeasonalNaive,3,s1_i26,2015-09-27,2015-09-28,2015-12-26,24.27995997075677,9.733333333333333,11.616080807799735,1.3395980594136907,90,0.001132965087890625
ETS,3,s1_i26,2015-09-27,2015-09-28,2015-12-26,17.69103340125187,6.897340092054176,8.534221000193924,0.9492804865512351,90,0.11231708526611328
SARIMA,3,s1_i26,2015-09-27,2015-09-28,2015-12-26,16.773353216710092,6.548152097813946,8.183420270144572,0.9012217646894436,90,2.0540571212768555
Prophet,3,s1_i26,2015-09-27,2015-09-28,2015-12-26,13.616897277176337,5.343791676862892,6.761317438342504,0.7354657150927977,90,0.1227257251739502
LightGBM,3,s1_i26,2015-09-27,2015-09-28,2015-12-26,14.993760720809554,5.849767624995489,7.264119475115053,0.8051031532669513,90,0.11845207214355469
Naive,3,s1_i27,2015-09-27,2015-09-28,2015-12-26,36.47827690435973,7.6,8.744522094812654,1.4665371159237715,90,0.0008060932159423828
SeasonalNaive,3,s1_i27,2015-09-27,2015-09-28,2015-12-26,24.510533132362145,4.611111111111111,5.691123692987957,0.8897849460648614,90,0.0005838871002197266
ETS,3,s1_i27,2015-09-27,2015-09-28,2015-12-26,24.720656333591005,4.699385174750212,5.631778431708172,0.9068187869464612,90,0.09415411949157715
SARIMA,3,s1_i27,2015-09-27,2015-09-28,2015-12-26,24.731463269980402,4.702050331680196,5.63534547978139,0.9073330700461432,90,2.3987388610839844
Prophet,3,s1_i27,2015-09-27,2015-09-28,2015-12-26,18.553363829105088,3.377767498543814,4.219176126874116,0.6517922902073023,90,0.1442570686340332
LightGBM,3,s1_i27,2015-09-27,2015-09-28,2015-12-26,20.71420367191581,3.842662353347539,4.52622297602301,0.7415009164667307,90,0.11718511581420898
Naive,3,s1_i28,2015-09-27,2015-09-28,2015-12-26,20.935227375887177,15.444444444444445,18.56220772310114,1.4633905851030713,90,0.0008418560028076172
SeasonalNaive,3,s1_i28,2015-09-27,2015-09-28,2015-12-26,18.16005785414112,13.622222222222222,17.149667959208745,1.2907315520405507,90,0.0006091594696044922
ETS,3,s1_i28,2015-09-27,2015-09-28,2015-12-26,16.95496801906205,12.384063763846603,16.20885040345159,1.1734136752227555,90,0.08652496337890625
SARIMA,3,s1_i28,2015-09-27,2015-09-28,2015-12-26,16.029266262687987,11.642024275534553,15.200050137067066,1.103104017605957,90,2.762101888656616
Prophet,3,s1_i28,2015-09-27,2015-09-28,2015-12-26,11.147764023460581,7.828762526678873,9.683890889399953,0.7417901897190385,90,0.1210932731628418
LightGBM,3,s1_i28,2015-09-27,2015-09-28,2015-12-26,11.140003297108496,7.968786943753644,9.925891849405721,0.7550577704577859,90,0.11420392990112305
Naive,3,s1_i29,2015-09-27,2015-09-28,2015-12-26,41.19104268907814,28.655555555555555,31.218050334168318,3.2431008278375044,90,0.0008411407470703125
SeasonalNaive,3,s1_i29,2015-09-27,2015-09-28,2015-12-26,22.486192214415638,13.8,16.971217464348932,1.5618190105367122,90,0.0007121562957763672
ETS,3,s1_i29,2015-09-27,2015-09-28,2015-12-26,22.06792738047812,13.476563108616542,16.576739622188615,1.525213946357612,90,0.09164905548095703
SARIMA,3,s1_i29,2015-09-27,2015-09-28,2015-12-26,21.07593598309285,12.774844591110284,15.738418690577873,1.4457967492063866,90,2.3971619606018066
Prophet,3,s1_i29,2015-09-27,2015-09-28,2015-12-26,12.40048483345713,7.17699301079636,8.985434377858667,0.8122582697645557,90,0.16835784912109375
LightGBM,3,s1_i29,2015-09-27,2015-09-28,2015-12-26,12.375114880732498,7.303221325017764,9.101601085686015,0.8265441959108595,90,0.12036371231079102
Naive,3,s1_i30,2015-09-27,2015-09-28,2015-12-26,22.840974443529554,7.655555555555556,9.237002880925296,1.1483333331610832,90,0.0018491744995117188
SeasonalNaive,3,s1_i30,2015-09-27,2015-09-28,2015-12-26,26.051138338638648,9.11111111111111,11.429007928172167,1.3666666664616665,90,0.0007131099700927734
ETS,3,s1_i30,2015-09-27,2015-09-28,2015-12-26,20.541784415619794,6.834496229434488,8.454020404094765,1.0251744342613969,90,0.0807499885559082
SARIMA,3,s1_i30,2015-09-27,2015-09-28,2015-12-26,20.360518104159688,6.768724079882263,8.32352474169153,1.0153086118300432,90,2.70672607421875
Prophet,3,s1_i30,2015-09-27,2015-09-28,2015-12-26,15.051617659419486,5.030847225265686,6.400551277868625,0.7546270836766588,90,0.1145632266998291
LightGBM,3,s1_i30,2015-09-27,2015-09-28,2015-12-26,15.393525405791985,5.03430548541381,6.327602044070983,0.7551458226987996,90,0.11606502532958984
Naive,3,s1_i31,2015-09-27,2015-09-28,2015-12-26,31.26277104292897,17.27777777777778,19.893326630919336,2.1360599266947493,90,0.0010192394256591797
SeasonalNaive,3,s1_i31,2015-09-27,2015-09-28,2015-12-26,21.09171655893699,10.411111111111111,12.660086009888628,1.2871306439311767,90,0.000705718994140625
ETS,3,s1_i31,2015-09-27,2015-09-28,2015-12-26,17.40272482687252,8.686629160980619,11.324348337201583,1.07393211600938,90,0.08482503890991211
SARIMA,3,s1_i31,2015-09-27,2015-09-28,2015-12-26,17.017223336937583,8.467522346170464,11.06013864371128,1.0468438357454872,90,2.950639009475708
Prophet,3,s1_i31,2015-09-27,2015-09-28,2015-12-26,13.23304324108266,6.596438947920577,8.476995358817462,0.8155209007065887,90,0.14279890060424805
LightGBM,3,s1_i31,2015-09-27,2015-09-28,2015-12-26,12.480341400267033,6.101017346730031,8.022110457296446,0.7542716913040249,90,0.10812807083129883
Naive,3,s1_i32,2015-09-27,2015-09-28,2015-12-26,19.25044292188368,7.166666666666667,8.8700494800073,0.9979666244578628,90,0.0008838176727294922
SeasonalNaive,3,s1_i32,2015-09-27,2015-09-28,2015-12-26,17.723370546402023,6.555555555555555,8.15270916117254,0.9128686952405256,90,0.0006809234619140625
ETS,3,s1_i32,2015-09-27,2015-09-28,2015-12-26,18.221226306587397,6.792229371580204,8.114723219926146,0.9458257979301553,90,0.12981081008911133
SARIMA,3,s1_i32,2015-09-27,2015-09-28,2015-12-26,17.314473612441464,6.417156700112092,7.607739157788167,0.8935964945062357,90,2.5437400341033936
Prophet,3,s1_i32,2015-09-27,2015-09-28,2015-12-26,13.701618174068155,5.055159167430128,6.021409358967731,0.7039367623838323,90,0.12584495544433594
LightGBM,3,s1_i32,2015-09-27,2015-09-28,2015-12-26,12.915207616599153,4.726653692725132,5.724377351479242,0.6581919949828176,90,0.12617278099060059
Naive,3,s1_i33,2015-09-27,2015-09-28,2015-12-26,38.57160532647867,26.766666666666666,29.431842166832393,2.9214442731478356,90,0.0009047985076904297
SeasonalNaive,3,s1_i33,2015-09-27,2015-09-28,2015-12-26,22.610117592669678,13.71111111111111,16.921386861996073,1.496497398532349,90,0.0006999969482421875
ETS,3,s1_i33,2015-09-27,2015-09-28,2015-12-26,19.148450534825766,11.463227306339515,14.379155839546808,1.251152419647477,90,0.07515192031860352
SARIMA,3,s1_i33,2015-09-27,2015-09-28,2015-12-26,18.444546660611877,11.002474186275823,13.808359385315423,1.200863581642057,90,2.6040680408477783
Prophet,3,s1_i33,2015-09-27,2015-09-28,2015-12-26,10.635205935331342,6.179884104856584,7.831241598882893,0.6745026286494622,90,0.12654900550842285
LightGBM,3,s1_i33,2015-09-27,2015-09-28,2015-12-26,10.70685119281186,6.2096058727173435,7.849091688442829,0.6777466070493867,90,0.1120908260345459
Naive,3,s1_i34,2015-09-27,2015-09-28,2015-12-26,32.65092188390095,7.388888888888889,8.98579125310868,1.359741783787332,90,0.0008997917175292969
SeasonalNaive,3,s1_i34,2015-09-27,2015-09-28,2015-12-26,27.224212383542124,5.833333333333333,7.328028384224504,1.0734803556215777,90,0.000698089599609375
ETS,3,s1_i34,2015-09-27,2015-09-28,2015-12-26,24.498213589872798,5.169690835697456,6.5497380726168295,0.951353409729963,90,0.08236408233642578
SARIMA,3,s1_i34,2015-09-27,2015-09-28,2015-12-26,24.523452806641764,5.17637463392425,6.556399356683113,0.9525833970609461,90,2.484919786453247
Prophet,3,s1_i34,2015-09-27,2015-09-28,2015-12-26,19.255543431554184,3.9321424658561064,5.071987282968689,0.7236133187317579,90,0.12424111366271973
LightGBM,3,s1_i34,2015-09-27,2015-09-28,2015-12-26,19.122325305522534,3.8933325084857016,5.061945379522716,0.716471308416391,90,0.10981893539428711
Naive,3,s1_i35,2015-09-27,2015-09-28,2015-12-26,24.890614185375416,14.422222222222222,17.046993869888027,1.6404658264647978,90,0.0010709762573242188
SeasonalNaive,3,s1_i35,2015-09-27,2015-09-28,2015-12-26,18.196760281305295,10.166666666666666,12.187881048174225,1.156414661953228,90,0.0007202625274658203
ETS,3,s1_i35,2015-09-27,2015-09-28,2015-12-26,17.14702841220609,9.526634536687538,11.897993190449366,1.083613756455292,90,0.07864499092102051
SARIMA,3,s1_i35,2015-09-27,2015-09-28,2015-12-26,17.06867890430966,9.478405751711977,11.846666917267607,1.0781279393332661,90,3.027890920639038
Prophet,3,s1_i35,2015-09-27,2015-09-28,2015-12-26,12.013218085510708,6.671841949339775,8.54670483951393,0.758893362536176,90,0.1229710578918457
LightGBM,3,s1_i35,2015-09-27,2015-09-28,2015-12-26,12.99095477817328,7.181664602229896,8.791750369491432,0.8168834993359818,90,0.11269688606262207
Naive,3,s1_i36,2015-09-27,2015-09-28,2015-12-26,28.02131265401942,19.333333333333332,22.977283467711224,2.1590193429887643,90,0.001222848892211914
SeasonalNaive,3,s1_i36,2015-09-27,2015-09-28,2015-12-26,18.781883282969368,11.577777777777778,14.898172893195849,1.292929974364536,90,0.0015418529510498047
ETS,3,s1_i36,2015-09-27,2015-09-28,2015-12-26,18.350555859103952,11.814549806726788,15.527821620020367,1.3193711152462397,90,0.10890913009643555
SARIMA,3,s1_i36,2015-09-27,2015-09-28,2015-12-26,17.038799574270143,10.825737425002524,14.139340751740624,1.2089470604843704,90,2.255136013031006
Prophet,3,s1_i36,2015-09-27,2015-09-28,2015-12-26,11.212469159766515,6.967457536419407,8.952724024180876,0.7780797720301212,90,0.1358959674835205
LightGBM,3,s1_i36,2015-09-27,2015-09-28,2015-12-26,11.35404923431554,7.221038126121386,8.963855032941114,0.8063979822804525,90,0.11306905746459961
Naive,3,s1_i37,2015-09-27,2015-09-28,2015-12-26,33.16547113970708,8.88888888888889,10.479609831583533,1.5313439738282517,90,0.0009322166442871094
SeasonalNaive,3,s1_i37,2015-09-27,2015-09-28,2015-12-26,27.676881866058185,6.7,7.993747556684537,1.1542505202730446,90,0.0006897449493408203
ETS,3,s1_i37,2015-09-27,2015-09-28,2015-12-26,22.27368347483441,5.5248826741179595,7.0649609326191225,0.9518057762758485,90,0.12062215805053711
SARIMA,3,s1_i37,2015-09-27,2015-09-28,2015-12-26,21.28609869319769,5.249568458127091,6.732727605800268,0.9043756901495761,90,2.476614236831665
Prophet,3,s1_i37,2015-09-27,2015-09-28,2015-12-26,18.878037419227624,4.578230716270594,5.865514241578098,0.7887201770425921,90,0.12079811096191406
LightGBM,3,s1_i37,2015-09-27,2015-09-28,2015-12-26,17.272527445785297,4.176127477730453,5.280989887520439,0.7194473602831243,90,0.11103510856628418
Naive,3,s1_i38,2015-09-27,2015-09-28,2015-12-26,24.47447529483525,17.655555555555555,21.35857881247928,1.8222603331106082,90,0.0009317398071289062
SeasonalNaive,3,s1_i38,2015-09-27,2015-09-28,2015-12-26,19.839423797126564,14.2,18.276274845334928,1.4656064856610178,90,0.0006742477416992188
ETS,3,s1_i38,2015-09-27,2015-09-28,2015-12-26,16.130312976795278,11.039266728802309,14.335144989609034,1.139381754554546,90,0.17688298225402832
SARIMA,3,s1_i38,2015-09-27,2015-09-28,2015-12-26,14.66593270978947,9.926166102074715,12.531878591938629,1.0244967195034682,90,2.1876087188720703
Prophet,3,s1_i38,2015-09-27,2015-09-28,2015-12-26,10.884105015289215,7.187964477797739,9.0487046363463,0.7418822082648857,90,0.15244007110595703
LightGBM,3,s1_i38,2015-09-27,2015-09-28,2015-12-26,11.106321653396327,7.362392313000469,9.217007461794283,0.7598852059094584,90,0.10831403732299805
Naive,3,s1_i39,2015-09-27,2015-09-28,2015-12-26,36.225845208523154,15.644444444444444,17.363435399968775,2.1858637021475684,90,0.0009081363677978516
SeasonalNaive,3,s1_i39,2015-09-27,2015-09-28,2015-12-26,21.255809566136513,7.855555555555555,9.643074659510258,1.0975892311209736,90,0.0007021427154541016
ETS,3,s1_i39,2015-09-27,2015-09-28,2015-12-26,18.211467186889216,6.894558718827932,8.58018088366237,0.9633174063373523,90,0.10668206214904785
SARIMA,3,s1_i39,2015-09-27,2015-09-28,2015-12-26,17.816661046403894,6.729631491318989,8.351537693001724,0.9402735429781997,90,2.353546142578125
Prophet,3,s1_i39,2015-09-27,2015-09-28,2015-12-26,13.348314911460365,5.122844541034481,6.541138488985987,0.7157710185080173,90,0.13205313682556152
LightGBM,3,s1_i39,2015-09-27,2015-09-28,2015-12-26,13.592715610002914,5.083663816444614,6.480699254145731,0.7102966327598391,90,0.11631107330322266
Naive,3,s1_i40,2015-09-27,2015-09-28,2015-12-26,58.30072526920053,19.822222222222223,20.67257979923056,3.472123242762189,90,0.0008890628814697266
SeasonalNaive,3,s1_i40,2015-09-27,2015-09-28,2015-12-26,23.957269787989595,6.5,8.532942699392228,1.138560592497691,90,0.0006971359252929688
ETS,3,s1_i40,2015-09-27,2015-09-28,2015-12-26,19.165688001492217,4.7690248640200155,5.95169892361282,0.835357503817669,90,0.06303811073303223
SARIMA,3,s1_i40,2015-09-27,2015-09-28,2015-12-26,19.318264920359304,4.81114848456029,5.999020333157185,0.8427360106423586,90,2.3831872940063477
Prophet,3,s1_i40,2015-09-27,2015-09-28,2015-12-26,15.800643524061202,3.797930406630002,4.631168986898233,0.6652575221596386,90,0.1519322395324707
LightGBM,3,s1_i40,2015-09-27,2015-09-28,2015-12-26,14.648886667963362,3.566331407342417,4.502286458633235,0.6246899077210625,90,0.11237311363220215
Naive,3,s1_i41,2015-09-27,2015-09-28,2015-12-26,31.005752427325252,5.666666666666667,7.0898989179442236,1.150715746187595,90,0.000946044921875
SeasonalNaive,3,s1_i41,2015-09-27,2015-09-28,2015-12-26,33.2727517632685,6.311111111111111,7.548362589183019,1.2815814584991254,90,0.0006849765777587891
ETS,3,s1_i41,2015-09-27,2015-09-28,2015-12-26,23.897948674114446,4.416750064616717,5.525620306391093,0.8968983258228589,90,0.11502981185913086
SARIMA,3,s1_i41,2015-09-27,2015-09-28,2015-12-26,23.08009853188529,4.2489510323432045,5.010372055629044,0.8628237984171816,90,2.377945899963379
Prophet,3,s1_i41,2015-09-27,2015-09-28,2015-12-26,19.912987363618626,3.6860516772843375,4.468713164068677,0.7485172422904028,90,0.12169408798217773
LightGBM,3,s1_i41,2015-09-27,2015-09-28,2015-12-26,20.70379637027352,3.794953509597844,4.482729729903,0.7706316634489616,90,0.11181282997131348
Naive,3,s1_i42,2015-09-27,2015-09-28,2015-12-26,20.12219422228087,6.122222222222222,7.560864148142503,1.0236347307038554,90,0.0009481906890869141
SeasonalNaive,3,s1_i42,2015-09-27,2015-09-28,2015-12-26,25.078869157558003,8.255555555555556,10.126423082433622,1.380327776611551,90,0.0007059574127197266
ETS,3,s1_i42,2015-09-27,2015-09-28,2015-12-26,23.10304905857482,7.277145682589324,8.913831792821313,1.2167377776735102,90,0.10846900939941406
SARIMA,3,s1_i42,2015-09-27,2015-09-28,2015-12-26,22.522300086503538,7.070714510669165,8.683525665974543,1.18222251354109,90,2.465965986251831
Prophet,3,s1_i42,2015-09-27,2015-09-28,2015-12-26,16.668171931586897,4.975102844389332,6.279369454911861,0.8318365252824707,90,0.11798715591430664
LightGBM,3,s1_i42,2015-09-27,2015-09-28,2015-12-26,16.153049785057565,4.831585496512876,6.081950166736269,0.8078404440537296,90,0.11415410041809082
Naive,3,s1_i43,2015-09-27,2015-09-28,2015-12-26,36.901662277497344,17.733333333333334,20.241870796280995,2.38801193349996,90,0.0008988380432128906
SeasonalNaive,3,s1_i43,2015-09-27,2015-09-28,2015-12-26,20.915153118786588,8.911111111111111,11.018166816671457,1.1999909590645164,90,0.0006992816925048828
ETS,3,s1_i43,2015-09-27,2015-09-28,2015-12-26,22.429802301542622,9.55699310495452,11.95136584209866,1.2869669313726444,90,0.12549495697021484
SARIMA,3,s1_i43,2015-09-27,2015-09-28,2015-12-26,22.263753438380157,9.473337769191158,11.830528211224133,1.275701709186337,90,2.3533151149749756
Prophet,3,s1_i43,2015-09-27,2015-09-28,2015-12-26,15.033072727476041,6.109140103957723,7.30655776807046,0.8226710228387724,90,0.12402677536010742
LightGBM,3,s1_i43,2015-09-27,2015-09-28,2015-12-26,15.441087891044372,6.271297673762556,7.391361562205584,0.8445075385418527,90,0.1132359504699707
Naive,3,s1_i44,2015-09-27,2015-09-28,2015-12-26,37.556723763238104,10.6,11.86217143322044,1.8141675281279785,90,0.0010421276092529297
SeasonalNaive,3,s1_i44,2015-09-27,2015-09-28,2015-12-26,32.14630639669053,8.4,10.140129300074147,1.437642192101417,90,0.0007040500640869141
ETS,3,s1_i44,2015-09-27,2015-09-28,2015-12-26,21.900921482342547,5.504797015623441,6.708634593198232,0.9421343391207407,90,0.07749009132385254
SARIMA,3,s1_i44,2015-09-27,2015-09-28,2015-12-26,21.87070822422485,5.497910325779785,6.71014657609755,0.9409556967536982,90,2.0865180492401123
Prophet,3,s1_i44,2015-09-27,2015-09-28,2015-12-26,16.665638578948432,4.092485560554604,5.058869099668382,0.7004202276689426,90,0.12646198272705078
LightGBM,3,s1_i44,2015-09-27,2015-09-28,2015-12-26,16.22649173271685,3.9660891648403567,4.806663409459009,0.678787752501282,90,0.1145472526550293
Naive,3,s1_i45,2015-09-27,2015-09-28,2015-12-26,34.05892895904796,26.166666666666668,29.527200266119976,2.7394306797342907,90,0.0008871555328369141
SeasonalNaive,3,s1_i45,2015-09-27,2015-09-28,2015-12-26,19.220552634461935,13.28888888888889,16.03260566609322,1.3912352836357587,90,0.0006780624389648438
ETS,3,s1_i45,2015-09-27,2015-09-28,2015-12-26,18.87447931342149,12.937853756459726,16.351554603809742,1.3544848475297315,90,0.10201287269592285
SARIMA,3,s1_i45,2015-09-27,2015-09-28,2015-12-26,17.686321815954557,12.00956354672276,15.09332127146009,1.257300643188951,90,2.3787670135498047
Prophet,3,s1_i45,2015-09-27,2015-09-28,2015-12-26,11.365232300238514,7.497648054520966,9.56850257625292,0.7849409085250262,90,0.1397569179534912
LightGBM,3,s1_i45,2015-09-27,2015-09-28,2015-12-26,11.794100094362905,7.819426292899033,9.878040790455845,0.8186283930454235,90,0.10244512557983398
Naive,3,s1_i46,2015-09-27,2015-09-28,2015-12-26,24.021531275099374,12.444444444444445,15.149624124416787,1.4709359995087123,90,0.0009341239929199219
SeasonalNaive,3,s1_i46,2015-09-27,2015-09-28,2015-12-26,16.85884506985146,8.355555555555556,10.520878712773419,0.9876284568129927,90,0.0007061958312988281
ETS,3,s1_i46,2015-09-27,2015-09-28,2015-12-26,14.827850754785329,7.226326932578816,8.95445910431789,0.8541533916441602,90,0.06308722496032715
SARIMA,3,s1_i46,2015-09-27,2015-09-28,2015-12-26,17.794802713844142,8.890186123270436,11.223137756144597,1.0508219044594782,90,2.6609761714935303
Prophet,3,s1_i46,2015-09-27,2015-09-28,2015-12-26,10.485030301996618,5.032234835025639,5.969737555959328,0.5948112356374017,90,0.11105895042419434
LightGBM,3,s1_i46,2015-09-27,2015-09-28,2015-12-26,10.268020420029442,5.008086540086472,5.9910385667535735,0.5919569020019109,90,0.10391712188720703
Naive,3,s1_i47,2015-09-27,2015-09-28,2015-12-26,26.23136021856774,4.977777777777778,6.236095644623235,1.055731168792181,90,0.0008959770202636719
SeasonalNaive,3,s1_i47,2015-09-27,2015-09-28,2015-12-26,30.687955815007466,5.333333333333333,6.764285295251491,1.1311405379916226,90,0.0006639957427978516
ETS,3,s1_i47,2015-09-27,2015-09-28,2015-12-26,20.511392872871248,3.7535832671666443,4.988791973333524,0.7960931617911058,90,0.07789897918701172
SARIMA,3,s1_i47,2015-09-27,2015-09-28,2015-12-26,20.60708951121454,3.7716897720799256,4.993065654033169,0.7999333496114978,90,2.461244821548462
Prophet,3,s1_i47,2015-09-27,2015-09-28,2015-12-26,18.169898700792444,3.3588487012381587,4.364819431256532,0.7123743613033113,90,0.11225390434265137
LightGBM,3,s1_i47,2015-09-27,2015-09-28,2015-12-26,18.62622940781355,3.406206238784964,4.450032941424978,0.7224183670218086,90,0.10122394561767578
Naive,3,s1_i48,2015-09-27,2015-09-28,2015-12-26,19.89883602083605,8.21111111111111,9.922477289243627,1.0819577139409433,90,0.00115203857421875
SeasonalNaive,3,s1_i48,2015-09-27,2015-09-28,2015-12-26,20.777207392262493,8.955555555555556,11.129540272026812,1.180051309115562,90,0.0007102489471435547
ETS,3,s1_i48,2015-09-27,2015-09-28,2015-12-26,18.54053783781529,7.714191961317227,10.09662145803472,1.0164799119663803,90,0.0714418888092041
SARIMA,3,s1_i48,2015-09-27,2015-09-28,2015-12-26,17.96563575091569,7.453952367752963,9.696437409772189,0.9821887871819771,90,2.5427210330963135
Prophet,3,s1_i48,2015-09-27,2015-09-28,2015-12-26,13.884950354648296,5.690488498054082,6.920533540989711,0.7498215336814132,90,0.12642621994018555
LightGBM,3,s1_i48,2015-09-27,2015-09-28,2015-12-26,13.363877471958471,5.428324902992779,6.833787683433976,0.7152768879991453,90,0.08940386772155762
Naive,3,s1_i49,2015-09-27,2015-09-28,2015-12-26,53.55830754349562,17.58888888888889,18.706208119825412,3.2266334127956067,90,0.0009050369262695312
SeasonalNaive,3,s1_i49,2015-09-27,2015-09-28,2015-12-26,24.422446946150934,6.511111111111111,8.294576541331088,1.1944454705611025,90,0.0007178783416748047
ETS,3,s1_i49,2015-09-27,2015-09-28,2015-12-26,22.36503224526594,5.742695505784751,6.96258769289326,1.0534817358577777,90,0.10636520385742188
SARIMA,3,s1_i49,2015-09-27,2015-09-28,2015-12-26,21.726882569734897,5.559893674747193,6.750197838268332,1.0199472414578155,90,2.3372042179107666
Prophet,3,s1_i49,2015-09-27,2015-09-28,2015-12-26,16.00584534589113,4.031660244440056,5.053830094434796,0.739597011268161,90,0.14057707786560059
LightGBM,3,s1_i49,2015-09-27,2015-09-28,2015-12-26,14.980431329266258,3.7773506412822675,4.845462218051821,0.6929446122492513,90,0.0889289379119873
Naive,3,s1_i50,2015-09-27,2015-09-28,2015-12-26,40.465833641571024,27.18888888888889,29.86060206284454,3.057595318644448,90,0.0014710426330566406
SeasonalNaive,3,s1_i50,2015-09-27,2015-09-28,2015-12-26,22.100835768514344,13.177777777777777,16.58580383607888,1.4819403546842316,90,0.0008418560028076172
ETS,3,s1_i50,2015-09-27,2015-09-28,2015-12-26,22.82450193998306,13.468514609477443,16.60954172663659,1.514635900986078,90,0.12176799774169922
SARIMA,3,s1_i50,2015-09-27,2015-09-28,2015-12-26,22.263583177672995,13.12757480164621,16.312222176330355,1.476294651933038,90,2.4388928413391113
Prophet,3,s1_i50,2015-09-27,2015-09-28,2015-12-26,12.529658822020087,7.0459220784824055,8.673696984449817,0.7923670014888118,90,0.11189794540405273
LightGBM,3,s1_i50,2015-09-27,2015-09-28,2015-12-26,11.677794584669327,6.464056627008993,8.15508468708981,0.7269318493655818,90,0.0781402587890625
Naive,4,s1_i1,2015-12-26,2015-12-27,2016-03-25,28.893785692103112,4.388888888888889,5.610506017978929,0.939732436862186,90,0.0007488727569580078
SeasonalNaive,4,s1_i1,2015-12-26,2015-12-27,2016-03-25,34.45877910186414,4.855555555555555,5.888784066153027,1.0396533541994308,90,0.0005850791931152344
ETS,4,s1_i1,2015-12-26,2015-12-27,2016-03-25,25.33105495574171,3.8296561088869536,4.680169513532574,0.8199916103275049,90,0.08615231513977051
SARIMA,4,s1_i1,2015-12-26,2015-12-27,2016-03-25,28.377063032945415,4.224950769548781,5.191862872674908,0.904630621281458,90,2.543186902999878
Prophet,4,s1_i1,2015-12-26,2015-12-27,2016-03-25,23.593489653587277,3.658566984424714,4.6764867685994576,0.7833586483360198,90,0.12775182723999023
LightGBM,4,s1_i1,2015-12-26,2015-12-27,2016-03-25,20.94767237674955,3.122959299500007,4.036354780915807,0.6686763385991163,90,0.11206889152526855
Naive,4,s1_i2,2015-12-26,2015-12-27,2016-03-25,30.256915563033925,14.844444444444445,17.009801096230763,1.806352059705287,90,0.0006840229034423828
SeasonalNaive,4,s1_i2,2015-12-26,2015-12-27,2016-03-25,27.949593763890622,11.344444444444445,13.974182544169722,1.3804531833526181,90,0.0005509853363037109
ETS,4,s1_i2,2015-12-26,2015-12-27,2016-03-25,18.050181404028123,7.773148216192562,9.674775558736188,0.9458785974283322,90,0.1263260841369629
SARIMA,4,s1_i2,2015-12-26,2015-12-27,2016-03-25,24.96847492435322,10.19222833744356,12.693786498458053,1.2402453132705828,90,2.7056450843811035
Prophet,4,s1_i2,2015-12-26,2015-12-27,2016-03-25,13.260136275088513,5.8024905875529225,7.317045413406297,0.7060783489387789,90,0.12481403350830078
LightGBM,4,s1_i2,2015-12-26,2015-12-27,2016-03-25,13.192980938038056,5.698995757403482,7.108996743901045,0.6934845398333626,90,0.11219000816345215
Naive,4,s1_i3,2015-12-26,2015-12-27,2016-03-25,25.47510857754495,6.833333333333333,8.722257607854619,1.0492698141023167,90,0.000720977783203125
SeasonalNaive,4,s1_i3,2015-12-26,2015-12-27,2016-03-25,28.392112939749637,7.555555555555555,9.254428369404803,1.160168249739147,90,0.0005509853363037109
ETS,4,s1_i3,2015-12-26,2015-12-27,2016-03-25,18.182107748906446,4.90119070410672,6.619049824295686,0.7525860671675212,90,0.07343578338623047
SARIMA,4,s1_i3,2015-12-26,2015-12-27,2016-03-25,23.015782172788132,6.022980708037817,8.077814406868729,0.9248388070045874,90,2.5487060546875
Prophet,4,s1_i3,2015-12-26,2015-12-27,2016-03-25,17.39939987099858,4.679310540168785,5.731076364233463,0.7185159952112068,90,0.1267988681793213
LightGBM,4,s1_i3,2015-12-26,2015-12-27,2016-03-25,15.791501230790686,4.21166859123791,5.378750935183828,0.6467087882617709,90,0.12015271186828613
Naive,4,s1_i4,2015-12-26,2015-12-27,2016-03-25,28.456510609466402,4.622222222222222,5.855671514770009,0.917497556025113,90,0.0007388591766357422
SeasonalNaive,4,s1_i4,2015-12-26,2015-12-27,2016-03-25,27.87734107593734,4.5,5.76097985492823,0.8932368033417567,90,0.0005619525909423828
ETS,4,s1_i4,2015-12-26,2015-12-27,2016-03-25,22.751440834659245,3.7335105590380016,4.798513119742578,0.7410908971106221,90,0.09011507034301758
SARIMA,4,s1_i4,2015-12-26,2015-12-27,2016-03-25,23.01531662191378,3.7695886631312137,4.866148347513228,0.7482522949708115,90,2.70426082611084
Prophet,4,s1_i4,2015-12-26,2015-12-27,2016-03-25,20.211779680650615,3.297733648258567,4.033676650744622,0.6545904582762292,90,0.11948108673095703
LightGBM,4,s1_i4,2015-12-26,2015-12-27,2016-03-25,19.651664562212638,3.213158987151695,4.257704507332223,0.6378026360693815,90,0.11481785774230957
Naive,4,s1_i5,2015-12-26,2015-12-27,2016-03-25,33.8074516311441,5.122222222222222,6.190494505467412,1.1516227248120112,90,0.0007050037384033203
SeasonalNaive,4,s1_i5,2015-12-26,2015-12-27,2016-03-25,27.76175609367433,3.6777777777777776,4.365266951236265,0.826870112609058,90,0.0005481243133544922
ETS,4,s1_i5,2015-12-26,2015-12-27,2016-03-25,22.620127401049253,3.0521518380735952,3.703175938007057,0.6862114261761545,90,0.06456899642944336
SARIMA,4,s1_i5,2015-12-26,2015-12-27,2016-03-25,22.632706018678658,3.0534977902145006,3.7038170619474378,0.6865140348886878,90,3.0843088626861572
Prophet,4,s1_i5,2015-12-26,2015-12-27,2016-03-25,20.952310435567682,2.837766843920769,3.4717678624227504,0.6380115198827541,90,0.11858296394348145
LightGBM,4,s1_i5,2015-12-26,2015-12-27,2016-03-25,20.372162455190125,2.726304407823942,3.4053700348222944,0.6129515617624045,90,0.12153887748718262
Naive,4,s1_i6,2015-12-26,2015-12-27,2016-03-25,22.940152439324027,10.7,12.900904361064512,1.2531740022323794,90,0.0007259845733642578
SeasonalNaive,4,s1_i6,2015-12-26,2015-12-27,2016-03-25,21.955882245987564,9.71111111111111,12.343239265101992,1.1373562595546205,90,0.0005950927734375
ETS,4,s1_i6,2015-12-26,2015-12-27,2016-03-25,17.240129217094758,7.809735619872001,10.117725073793247,0.9146689386104456,90,0.09109926223754883
SARIMA,4,s1_i6,2015-12-26,2015-12-27,2016-03-25,18.07953066695752,8.145092445623883,10.597436128159197,0.9539456166948785,90,3.001224994659424
Prophet,4,s1_i6,2015-12-26,2015-12-27,2016-03-25,12.521951681894036,5.754565810041327,7.156609991667959,0.6739693707737481,90,0.12186503410339355
LightGBM,4,s1_i6,2015-12-26,2015-12-27,2016-03-25,12.863185544766012,5.841408571913141,7.2985703863461,0.6841403139008335,90,0.11256980895996094
Naive,4,s1_i7,2015-12-26,2015-12-27,2016-03-25,19.31262737573024,8.277777777777779,10.988377698479628,1.0369963368664277,90,0.0007312297821044922
SeasonalNaive,4,s1_i7,2015-12-26,2015-12-27,2016-03-25,26.303841796471833,10.455555555555556,13.344578591239882,1.309816849652763,90,0.0005581378936767578
ETS,4,s1_i7,2015-12-26,2015-12-27,2016-03-25,20.49902371992351,8.540667477052054,10.73510715354142,1.0699297717164418,90,0.144758939743042
SARIMA,4,s1_i7,2015-12-26,2015-12-27,2016-03-25,30.499690428589776,11.990853708950608,14.74537884727769,1.5021509040100265,90,2.2800538539886475
Prophet,4,s1_i7,2015-12-26,2015-12-27,2016-03-25,14.385297466279964,6.041806418272789,7.826963619674399,0.7568856391173768,90,0.12709283828735352
LightGBM,4,s1_i7,2015-12-26,2015-12-27,2016-03-25,13.920245155709996,5.732047659709813,7.319911880648746,0.7180806957418213,90,0.10776185989379883
Naive,4,s1_i8,2015-12-26,2015-12-27,2016-03-25,21.302334945160396,12.266666666666667,15.280343218949268,1.2998825830325076,90,0.0008950233459472656
SeasonalNaive,4,s1_i8,2015-12-26,2015-12-27,2016-03-25,22.643367225887737,13.355555555555556,16.04438288692408,1.4152707108741613,90,0.0005860328674316406
ETS,4,s1_i8,2015-12-26,2015-12-27,2016-03-25,13.828081575750486,8.062648216412114,9.750908859400807,0.8543882600243657,90,0.12302517890930176
SARIMA,4,s1_i8,2015-12-26,2015-12-27,2016-03-25,14.606592691654608,8.51923082971635,10.308409535618908,0.9027717209006951,90,2.7728278636932373
Prophet,4,s1_i8,2015-12-26,2015-12-27,2016-03-25,10.997509113513711,6.308483330913476,7.696650016205926,0.6685017071091299,90,0.14856672286987305
LightGBM,4,s1_i8,2015-12-26,2015-12-27,2016-03-25,10.274565192193311,5.980345617200117,7.696846548928376,0.6337293838298823,90,0.10654187202453613
Naive,4,s1_i9,2015-12-26,2015-12-27,2016-03-25,20.039491258145663,7.444444444444445,9.585869229698936,0.9610601182849571,90,0.0009238719940185547
SeasonalNaive,4,s1_i9,2015-12-26,2015-12-27,2016-03-25,21.751065360717018,8.022222222222222,9.709102258533827,1.0356498588085656,90,0.0007429122924804688
ETS,4,s1_i9,2015-12-26,2015-12-27,2016-03-25,17.812244025475017,6.484325754821779,8.072388792788221,0.8371110730200734,90,0.1076059341430664
SARIMA,4,s1_i9,2015-12-26,2015-12-27,2016-03-25,19.19524879897988,6.959208458027586,8.6229347979826,0.8984173035011193,90,2.904165744781494
Prophet,4,s1_i9,2015-12-26,2015-12-27,2016-03-25,13.872486134765438,5.065121644462331,6.176820163693208,0.6538951889670445,90,0.12474203109741211
LightGBM,4,s1_i9,2015-12-26,2015-12-27,2016-03-25,13.569611499831039,4.881366674899743,6.064049372988204,0.630172858294665,90,0.10295391082763672
Naive,4,s1_i10,2015-12-26,2015-12-27,2016-03-25,19.976694025775515,11.033333333333333,13.353734392379618,1.1528316448385416,90,0.0008020401000976562
SeasonalNaive,4,s1_i10,2015-12-26,2015-12-27,2016-03-25,20.662197576815174,10.722222222222221,13.783645703836445,1.1203248109458133,90,0.0005917549133300781
ETS,4,s1_i10,2015-12-26,2015-12-27,2016-03-25,16.46650622126018,8.87882138039316,11.230619118404443,0.9277147664217151,90,0.1441788673400879
SARIMA,4,s1_i10,2015-12-26,2015-12-27,2016-03-25,20.26023083543676,10.690841802102437,13.72417000709666,1.1170459884676487,90,2.7557811737060547
Prophet,4,s1_i10,2015-12-26,2015-12-27,2016-03-25,12.481673207768123,6.748059663017985,8.18782955257754,0.7050794610983961,90,0.13576483726501465
LightGBM,4,s1_i10,2015-12-26,2015-12-27,2016-03-25,13.030804122769258,7.066993067165485,8.542610380838687,0.7384036170709627,90,0.1074528694152832
Naive,4,s1_i11,2015-12-26,2015-12-27,2016-03-25,17.637453429544557,9.322222222222223,11.76010204037363,1.0221693495554984,90,0.0009362697601318359
SeasonalNaive,4,s1_i11,2015-12-26,2015-12-27,2016-03-25,19.686714626667904,9.744444444444444,12.5870303619771,1.0684654583553899,90,0.0007431507110595703
ETS,4,s1_i11,2015-12-26,2015-12-27,2016-03-25,13.15094489528335,6.922190110632815,9.174408195523569,0.7590089995943438,90,0.15181708335876465
SARIMA,4,s1_i11,2015-12-26,2015-12-27,2016-03-25,12.99165525424762,6.84366398391648,9.071141806500934,0.7503987135535959,90,2.9936890602111816
Prophet,4,s1_i11,2015-12-26,2015-12-27,2016-03-25,10.108659561383673,5.343702398419006,6.7014217425277565,0.5859299075481645,90,0.12982416152954102
LightGBM,4,s1_i11,2015-12-26,2015-12-27,2016-03-25,10.05409924577271,5.256721707284422,6.528479119912592,0.5763925896896624,90,0.10540890693664551
Naive,4,s1_i12,2015-12-26,2015-12-27,2016-03-25,19.349561005385503,9.655555555555555,11.808189248709276,1.0703138859270744,90,0.0012819766998291016
SeasonalNaive,4,s1_i12,2015-12-26,2015-12-27,2016-03-25,22.023376367780678,10.8,13.991267117582867,1.1971750254558302,90,0.0019116401672363281
ETS,4,s1_i12,2015-12-26,2015-12-27,2016-03-25,16.069709026096437,8.03029492384901,10.51705278952061,0.8901544935071075,90,0.13426995277404785
SARIMA,4,s1_i12,2015-12-26,2015-12-27,2016-03-25,18.803149825475625,9.207128251384296,12.246994702597107,1.020605925807971,90,2.6225526332855225
Prophet,4,s1_i12,2015-12-26,2015-12-27,2016-03-25,14.429081498547955,7.251644928169227,8.818727184528406,0.8038415001368181,90,0.13107824325561523
LightGBM,4,s1_i12,2015-12-26,2015-12-27,2016-03-25,12.000216826088247,5.92425576649056,7.355002518936676,0.6567010229680726,90,0.12600493431091309
Naive,4,s1_i13,2015-12-26,2015-12-27,2016-03-25,16.890444073632587,10.78888888888889,13.317907743585952,1.0374115835517315,90,0.0009088516235351562
SeasonalNaive,4,s1_i13,2015-12-26,2015-12-27,2016-03-25,17.80444419415321,11.022222222222222,14.13742079258684,1.0598478793854968,90,0.0007500648498535156
ETS,4,s1_i13,2015-12-26,2015-12-27,2016-03-25,14.394917308247726,9.130676049161018,11.639688070878833,0.8779652100053756,90,0.11436986923217773
SARIMA,4,s1_i13,2015-12-26,2015-12-27,2016-03-25,18.84085049173006,11.557330903553478,14.871533095623073,1.1113015508607722,90,2.5261900424957275
Prophet,4,s1_i13,2015-12-26,2015-12-27,2016-03-25,11.657875547180431,7.452244421329457,8.951310970439978,0.7165746876963288,90,0.12764787673950195
LightGBM,4,s1_i13,2015-12-26,2015-12-27,2016-03-25,12.86791385874346,8.09559488777538,10.045865283108416,0.7784364079390651,90,0.10466408729553223
Naive,4,s1_i14,2015-12-26,2015-12-27,2016-03-25,19.242099595978274,8.588888888888889,10.21164912136026,1.0179214998428823,90,0.0009348392486572266
SeasonalNaive,4,s1_i14,2015-12-26,2015-12-27,2016-03-25,18.56051932111484,8.066666666666666,10.038813564250397,0.9560297656997833,90,0.0007338523864746094
ETS,4,s1_i14,2015-12-26,2015-12-27,2016-03-25,16.78401815553688,7.2937431589398605,8.845064023073897,0.8644258962788023,90,0.11511969566345215
SARIMA,4,s1_i14,2015-12-26,2015-12-27,2016-03-25,17.739787393344027,7.662691848953215,9.402633108809308,0.908152251196411,90,3.1148338317871094
Prophet,4,s1_i14,2015-12-26,2015-12-27,2016-03-25,13.869946864455503,6.0767482815670535,7.379186356748858,0.7201924259309642,90,0.1345679759979248
LightGBM,4,s1_i14,2015-12-26,2015-12-27,2016-03-25,13.009081772535358,5.615886948229009,6.964123203787551,0.6655729442122129,90,0.11107087135314941
Naive,4,s1_i15,2015-12-26,2015-12-27,2016-03-25,22.97441600357882,15.811111111111112,19.063927542175914,1.4521229080529752,90,0.0009388923645019531
SeasonalNaive,4,s1_i15,2015-12-26,2015-12-27,2016-03-25,18.705984117657966,12.333333333333334,15.145956556124146,1.1327170962324684,90,0.0007531642913818359
ETS,4,s1_i15,2015-12-26,2015-12-27,2016-03-25,14.387979186802339,9.528821279139125,12.380722554398735,0.875145305661456,90,0.1375880241394043
SARIMA,4,s1_i15,2015-12-26,2015-12-27,2016-03-25,18.57487592558683,11.860044450133657,15.082896209821138,1.0892493333035187,90,2.9232430458068848
Prophet,4,s1_i15,2015-12-26,2015-12-27,2016-03-25,10.758848190173806,7.169647231154126,8.838430515732863,0.6584742156230318,90,0.1304030418395996
LightGBM,4,s1_i15,2015-12-26,2015-12-27,2016-03-25,12.073092689554226,7.878357392114212,10.158821303448264,0.7235635222927469,90,0.11384820938110352
Naive,4,s1_i16,2015-12-26,2015-12-27,2016-03-25,24.62480463463064,4.544444444444444,5.532730890899277,0.8441909661096183,90,0.0009150505065917969
SeasonalNaive,4,s1_i16,2015-12-26,2015-12-27,2016-03-25,27.90078541765922,5.011111111111111,6.369196704975178,0.9308805029717307,90,0.0007448196411132812
ETS,4,s1_i16,2015-12-26,2015-12-27,2016-03-25,22.19813129732006,4.099315473780283,5.257474847441253,0.7615023425865077,90,0.10980701446533203
SARIMA,4,s1_i16,2015-12-26,2015-12-27,2016-03-25,22.099657653225712,4.0834813478274565,5.22817611144362,0.7585609432033643,90,2.748307228088379
Prophet,4,s1_i16,2015-12-26,2015-12-27,2016-03-25,20.17314771025692,3.7956808731818588,4.803062862487918,0.7050981792268151,90,0.12856793403625488
LightGBM,4,s1_i16,2015-12-26,2015-12-27,2016-03-25,18.133586505018364,3.347283905720014,4.288906992379891,0.6218024818561515,90,0.11884379386901855
Naive,4,s1_i17,2015-12-26,2015-12-27,2016-03-25,25.930135539298703,6.022222222222222,7.840068026915753,1.0032405269312656,90,0.0009369850158691406
SeasonalNaive,4,s1_i17,2015-12-26,2015-12-27,2016-03-25,32.143254112635674,7.044444444444444,8.594571930391103,1.1735322768900782,90,0.001001119613647461
ETS,4,s1_i17,2015-12-26,2015-12-27,2016-03-25,20.382222835379082,4.822853397108138,6.056689618631691,0.8034379677277327,90,0.08407402038574219
SARIMA,4,s1_i17,2015-12-26,2015-12-27,2016-03-25,20.431486341652377,4.8308983288491945,6.07683135490703,0.8047781709386407,90,2.673768997192383
Prophet,4,s1_i17,2015-12-26,2015-12-27,2016-03-25,18.571966752391813,4.442789147393755,5.536036911215423,0.7401231573336231,90,0.15101289749145508
LightGBM,4,s1_i17,2015-12-26,2015-12-27,2016-03-25,17.322120608696594,4.085691794266872,5.1084485106544735,0.6806343966241956,90,0.10921216011047363
Naive,4,s1_i18,2015-12-26,2015-12-27,2016-03-25,17.044362069303137,10.422222222222222,12.555653883587443,1.0406847377410664,90,0.0009810924530029297
SeasonalNaive,4,s1_i18,2015-12-26,2015-12-27,2016-03-25,21.799428566600106,12.422222222222222,15.35795125225584,1.240389698075173,90,0.000762939453125
ETS,4,s1_i18,2015-12-26,2015-12-27,2016-03-25,18.413406618946166,10.831874737588684,13.601433577211074,1.0815895574070795,90,0.15935897827148438
SARIMA,4,s1_i18,2015-12-26,2015-12-27,2016-03-25,26.045465354885778,14.508505153924084,17.783452922106743,1.4487102231357947,90,2.70546293258667
Prophet,4,s1_i18,2015-12-26,2015-12-27,2016-03-25,11.924757907276964,7.3351277926714324,9.172297627912766,0.7324307024405254,90,0.1454179286956787
LightGBM,4,s1_i18,2015-12-26,2015-12-27,2016-03-25,11.679744459012726,7.077712310920606,8.95185074158966,0.7067271281543086,90,0.11302709579467773
Naive,4,s1_i19,2015-12-26,2015-12-27,2016-03-25,19.115419506293662,5.633333333333334,7.0561242115547325,0.788637538669326,90,0.0009012222290039062
SeasonalNaive,4,s1_i19,2015-12-26,2015-12-27,2016-03-25,24.398003002149977,7.0777777777777775,8.55115326854935,0.9908522921742813,90,0.0007290840148925781
ETS,4,s1_i19,2015-12-26,2015-12-27,2016-03-25,18.586210951188654,5.396301893494447,6.547853947640355,0.7554543626985947,90,0.12375307083129883
SARIMA,4,s1_i19,2015-12-26,2015-12-27,2016-03-25,19.108375955955566,5.532080417200758,6.729210584942466,0.7744626539541982,90,2.736762762069702
Prophet,4,s1_i19,2015-12-26,2015-12-27,2016-03-25,17.33772144985773,5.0991635091771474,6.213194750650262,0.7138565252928831,90,0.13727807998657227
LightGBM,4,s1_i19,2015-12-26,2015-12-27,2016-03-25,16.631142442251218,4.818588213833839,5.862744102294865,0.6745774347015874,90,0.1122732162475586
Naive,4,s1_i20,2015-12-26,2015-12-27,2016-03-25,26.28305401075596,9.522222222222222,11.163930012918092,1.330825482672007,90,0.0012180805206298828
SeasonalNaive,4,s1_i20,2015-12-26,2015-12-27,2016-03-25,21.561497235838516,7.444444444444445,9.46455375481474,1.0404353248427594,90,0.0018129348754882812
ETS,4,s1_i20,2015-12-26,2015-12-27,2016-03-25,18.66709075761179,6.561395014053774,8.09478406817914,0.9170203638181835,90,0.09557414054870605
SARIMA,4,s1_i20,2015-12-26,2015-12-27,2016-03-25,18.773622112073546,6.598588239634482,8.148714044488877,0.9222184878726779,90,3.289280891418457
Prophet,4,s1_i20,2015-12-26,2015-12-27,2016-03-25,15.299953079860584,5.241255178038345,6.396196445116506,0.7325176612494787,90,0.13763880729675293
LightGBM,4,s1_i20,2015-12-26,2015-12-27,2016-03-25,14.620717780388844,5.061184451504366,6.153814010583584,0.7073509820897106,90,0.1307680606842041
Naive,4,s1_i21,2015-12-26,2015-12-27,2016-03-25,41.76242383626543,10.966666666666667,12.981610925544727,1.5850660614284497,90,0.0008938312530517578
SeasonalNaive,4,s1_i21,2015-12-26,2015-12-27,2016-03-25,24.808044436766743,7.022222222222222,8.771164878927618,1.0149561811780954,90,0.0007100105285644531
ETS,4,s1_i21,2015-12-26,2015-12-27,2016-03-25,18.682860749089873,5.458714744069678,6.737961859018466,0.7889747853961033,90,0.10562705993652344
SARIMA,4,s1_i21,2015-12-26,2015-12-27,2016-03-25,19.531801650865,5.68503968292426,7.058137369013466,0.8216866376240607,90,2.61077880859375
Prophet,4,s1_i21,2015-12-26,2015-12-27,2016-03-25,17.114781208476995,5.017166471987901,6.014827072866596,0.7251556503907051,90,0.1403207778930664
LightGBM,4,s1_i21,2015-12-26,2015-12-27,2016-03-25,14.410065938455613,4.132710801306976,5.140458579240224,0.5973209391656955,90,0.12173891067504883
Naive,4,s1_i22,2015-12-26,2015-12-27,2016-03-25,23.151021533974735,14.3,17.96632652739254,1.421729550946504,90,0.0008409023284912109
SeasonalNaive,4,s1_i22,2015-12-26,2015-12-27,2016-03-25,22.25028875273685,12.61111111111111,14.998148033822192,1.2538174361494032,90,0.0005698204040527344
ETS,4,s1_i22,2015-12-26,2015-12-27,2016-03-25,17.689527319263878,10.346024628141173,12.18826233037663,1.0286188075978056,90,0.1309947967529297
SARIMA,4,s1_i22,2015-12-26,2015-12-27,2016-03-25,21.239665633295836,12.177317970670137,14.472957753816958,1.2106890077044508,90,2.676123857498169
Prophet,4,s1_i22,2015-12-26,2015-12-27,2016-03-25,13.307987754602395,7.855634195527427,9.433535292952351,0.7810200893151895,90,0.14368319511413574
LightGBM,4,s1_i22,2015-12-26,2015-12-27,2016-03-25,13.513551248814196,7.832846159109746,9.567337897049569,0.7787544652044859,90,0.10604000091552734
Naive,4,s1_i23,2015-12-26,2015-12-27,2016-03-25,23.694484184516686,5.188888888888889,6.41958807955083,0.8746407261820125,90,0.0008821487426757812
SeasonalNaive,4,s1_i23,2015-12-26,2015-12-27,2016-03-25,34.871992357822954,6.833333333333333,8.553751613570894,1.1518287935801663,90,0.000728607177734375
ETS,4,s1_i23,2015-12-26,2015-12-27,2016-03-25,21.77109557543668,4.785269240567533,6.324481832248231,0.8066064726320751,90,0.143035888671875
SARIMA,4,s1_i23,2015-12-26,2015-12-27,2016-03-25,28.939859080491686,5.994646760486061,7.854771854718432,1.010459523815109,90,2.3975250720977783
Prophet,4,s1_i23,2015-12-26,2015-12-27,2016-03-25,18.302224632267666,4.013225166288122,5.245092800801576,0.6764704831684698,90,0.13081908226013184
LightGBM,4,s1_i23,2015-12-26,2015-12-27,2016-03-25,18.31024203681023,4.000795636311088,5.361016691248569,0.6743753577267797,90,0.10906600952148438
Naive,4,s1_i24,2015-12-26,2015-12-27,2016-03-25,16.012607758215502,7.9,9.630391707736734,0.8813948695833367,90,0.0009090900421142578
SeasonalNaive,4,s1_i24,2015-12-26,2015-12-27,2016-03-25,22.631514880554978,10.022222222222222,12.24744871391589,1.1181690187963005,90,0.0010569095611572266
ETS,4,s1_i24,2015-12-26,2015-12-27,2016-03-25,17.916715092464496,8.452177845629565,10.346624017011349,0.9430007835371947,90,0.10392403602600098
SARIMA,4,s1_i24,2015-12-26,2015-12-27,2016-03-25,19.881812516788735,9.225220979404684,11.291300690013355,1.02924841038226,90,2.6178250312805176
Prophet,4,s1_i24,2015-12-26,2015-12-27,2016-03-25,12.991328062319901,6.426879614635877,7.886468946359074,0.7170403442746575,90,0.1612260341644287
LightGBM,4,s1_i24,2015-12-26,2015-12-27,2016-03-25,12.372280351967204,6.022407543914318,7.294097278720215,0.6719138116134258,90,0.12106609344482422
Naive,4,s1_i25,2015-12-26,2015-12-27,2016-03-25,19.49641804712066,11.844444444444445,13.79130160644745,1.2147285352289567,90,0.0009326934814453125
SeasonalNaive,4,s1_i25,2015-12-26,2015-12-27,2016-03-25,20.412175948424927,11.744444444444444,14.743360087397535,1.2044728534118265,90,0.00074005126953125
ETS,4,s1_i25,2015-12-26,2015-12-27,2016-03-25,15.726045362613835,9.423544430044897,11.940333456896196,0.9664487326412842,90,0.11236810684204102
SARIMA,4,s1_i25,2015-12-26,2015-12-27,2016-03-25,20.926180288687394,11.971497474253336,14.994962776197836,1.22775868970518,90,2.7256968021392822
Prophet,4,s1_i25,2015-12-26,2015-12-27,2016-03-25,10.372888328437064,6.1824788737901715,7.634238181750688,0.634055361707204,90,0.15804314613342285
LightGBM,4,s1_i25,2015-12-26,2015-12-27,2016-03-25,10.932652868890337,6.547774302619535,8.4439601557797,0.6715188985804642,90,0.11275291442871094
Naive,4,s1_i26,2015-12-26,2015-12-27,2016-03-25,39.368032409970596,16.22222222222222,18.42823919966311,2.2040730980152623,90,0.0009069442749023438
SeasonalNaive,4,s1_i26,2015-12-26,2015-12-27,2016-03-25,27.939228156170458,9.822222222222223,12.015730430472289,1.3345209716749946,90,0.0007338523864746094
ETS,4,s1_i26,2015-12-26,2015-12-27,2016-03-25,18.504076208251398,6.5265093817915245,8.1864130213673,0.8867406422682074,90,0.13636207580566406
SARIMA,4,s1_i26,2015-12-26,2015-12-27,2016-03-25,22.78524757411901,7.7737968700523465,9.857596264141064,1.0562064997017715,90,2.914141893386841
Prophet,4,s1_i26,2015-12-26,2015-12-27,2016-03-25,15.31656020571925,5.415763332102761,6.713934569033099,0.7358263314352517,90,0.13704323768615723
LightGBM,4,s1_i26,2015-12-26,2015-12-27,2016-03-25,15.238332509766197,5.344260583640668,6.837897112223231,0.7261114303470662,90,0.11424112319946289
Naive,4,s1_i27,2015-12-26,2015-12-27,2016-03-25,33.15197657042611,5.2444444444444445,6.604712122585073,1.0257780986495242,90,0.0008819103240966797
SeasonalNaive,4,s1_i27,2015-12-26,2015-12-27,2016-03-25,30.811138873164403,5.055555555555555,6.032320356951286,0.9888327010286726,90,0.0007300376892089844
ETS,4,s1_i27,2015-12-26,2015-12-27,2016-03-25,34.65713524077486,5.280175573786559,6.957887909208521,1.032766867490041,90,0.11397218704223633
SARIMA,4,s1_i27,2015-12-26,2015-12-27,2016-03-25,22.89970004584134,3.648389215527033,4.630816029909577,0.7136004189349733,90,2.689073324203491
Prophet,4,s1_i27,2015-12-26,2015-12-27,2016-03-25,21.529661322079072,3.440926181833167,4.1630686618380865,0.6730220433802486,90,0.12980890274047852
LightGBM,4,s1_i27,2015-12-26,2015-12-27,2016-03-25,21.54384556652249,3.475036646125798,4.240105559240071,0.6796938210254886,90,0.1208791732788086
Naive,4,s1_i28,2015-12-26,2015-12-27,2016-03-25,22.42435485643213,14.7,17.52680486822652,1.388340455088203,90,0.0011072158813476562
SeasonalNaive,4,s1_i28,2015-12-26,2015-12-27,2016-03-25,16.961957130517398,10.855555555555556,13.178686496680076,1.0252521728051207,90,0.0007560253143310547
ETS,4,s1_i28,2015-12-26,2015-12-27,2016-03-25,14.809485180568366,9.546977168986494,12.343555522673567,0.9016635801025439,90,0.1007530689239502
SARIMA,4,s1_i28,2015-12-26,2015-12-27,2016-03-25,16.356213387852893,10.439741107697825,13.74680249581621,0.9859806068343008,90,3.4891090393066406
Prophet,4,s1_i28,2015-12-26,2015-12-27,2016-03-25,13.367980361459134,8.434011520021851,10.066606005705774,0.7965496184983868,90,0.1333332061767578
LightGBM,4,s1_i28,2015-12-26,2015-12-27,2016-03-25,10.840881195236523,6.824809882467142,8.883046204505103,0.6445686842255033,90,0.09996509552001953
Naive,4,s1_i29,2015-12-26,2015-12-27,2016-03-25,19.374062509891715,10.144444444444444,12.49044078930408,1.1370765195717119,90,0.0012111663818359375
SeasonalNaive,4,s1_i29,2015-12-26,2015-12-27,2016-03-25,21.33567044610456,10.744444444444444,13.687382673266809,1.2043296762605096,90,0.001734018325805664
ETS,4,s1_i29,2015-12-26,2015-12-27,2016-03-25,18.520417619258325,9.318236453526131,11.598910394177553,1.0444680271204347,90,0.10877513885498047
SARIMA,4,s1_i29,2015-12-26,2015-12-27,2016-03-25,27.29619934596358,12.922630246595668,15.829783850547027,1.4484794613428282,90,2.6149072647094727
Prophet,4,s1_i29,2015-12-26,2015-12-27,2016-03-25,12.29331384465061,6.461562037679306,7.912201449709338,0.7242674069573904,90,0.13975310325622559
LightGBM,4,s1_i29,2015-12-26,2015-12-27,2016-03-25,12.387853335869064,6.458405805668191,7.619788141481357,0.7239136293474077,90,0.11280608177185059
Naive,4,s1_i30,2015-12-26,2015-12-27,2016-03-25,25.481828161323627,7.677777777777778,10.11983750418509,1.1392017169611697,90,0.0009500980377197266
SeasonalNaive,4,s1_i30,2015-12-26,2015-12-27,2016-03-25,24.62802680494254,7.444444444444445,9.433981132056603,1.1045805359826102,90,0.0009300708770751953
ETS,4,s1_i30,2015-12-26,2015-12-27,2016-03-25,19.01642341174368,5.76951633730171,7.6438425625954345,0.8560605825963336,90,0.07779383659362793
SARIMA,4,s1_i30,2015-12-26,2015-12-27,2016-03-25,20.445747749384765,6.156007516709516,8.069503757768413,0.91340678717731,90,2.552046060562134
Prophet,4,s1_i30,2015-12-26,2015-12-27,2016-03-25,15.326882182611149,4.587752790217986,5.827703722711022,0.6807146555786909,90,0.12738585472106934
LightGBM,4,s1_i30,2015-12-26,2015-12-27,2016-03-25,15.871412059015471,4.822337696571939,6.112248087943056,0.7155215405689135,90,0.12049102783203125
Naive,4,s1_i31,2015-12-26,2015-12-27,2016-03-25,19.472387986040975,8.333333333333334,10.47748909700114,1.0155282996399442,90,0.0009508132934570312
SeasonalNaive,4,s1_i31,2015-12-26,2015-12-27,2016-03-25,16.45154723997056,6.811111111111111,8.553751613570894,0.8300251302390477,90,0.00074005126953125
ETS,4,s1_i31,2015-12-26,2015-12-27,2016-03-25,14.836081592836853,6.179494475754498,7.839873328158268,0.7530541821116872,90,0.09409379959106445
SARIMA,4,s1_i31,2015-12-26,2015-12-27,2016-03-25,14.84664085894162,6.184173547189273,7.842531841131614,0.7536243896466532,90,3.0092520713806152
Prophet,4,s1_i31,2015-12-26,2015-12-27,2016-03-25,13.653915074187179,5.640230701387507,7.153671316255317,0.6873376672508478,90,0.13180232048034668
LightGBM,4,s1_i31,2015-12-26,2015-12-27,2016-03-25,11.835555615215958,4.843635111263221,6.399996727193013,0.5902618234340964,90,0.10799717903137207
Naive,4,s1_i32,2015-12-26,2015-12-27,2016-03-25,22.101222051839816,7.122222222222222,8.931218655181759,0.9965590007218853,90,0.0008780956268310547
SeasonalNaive,4,s1_i32,2015-12-26,2015-12-27,2016-03-25,23.177585914279472,7.211111111111111,9.37312944301718,1.0089965545530477,90,0.000682830810546875
ETS,4,s1_i32,2015-12-26,2015-12-27,2016-03-25,18.25984145951469,5.876560225648709,7.739706196346123,0.8222628841714523,90,0.1358342170715332
SARIMA,4,s1_i32,2015-12-26,2015-12-27,2016-03-25,21.339584535306322,6.777925574341483,8.941354591304847,0.948384159687949,90,2.738454818725586
Prophet,4,s1_i32,2015-12-26,2015-12-27,2016-03-25,14.954771395334662,4.7731344576287045,6.173695538871205,0.6678688135514967,90,0.13177704811096191
LightGBM,4,s1_i32,2015-12-26,2015-12-27,2016-03-25,15.69304639856663,5.01712462344761,6.437943914965041,0.702008522795024,90,0.11595320701599121
Naive,4,s1_i33,2015-12-26,2015-12-27,2016-03-25,18.137170531788318,9.177777777777777,11.88930425027283,1.0004562991695862,90,0.0013458728790283203
SeasonalNaive,4,s1_i33,2015-12-26,2015-12-27,2016-03-25,16.9841571494084,8.588888888888889,10.937702379080047,0.93626237198316,90,0.0008120536804199219
ETS,4,s1_i33,2015-12-26,2015-12-27,2016-03-25,15.92140301464755,8.00132920259658,9.988322038846553,0.8722133392518862,90,0.09895205497741699
SARIMA,4,s1_i33,2015-12-26,2015-12-27,2016-03-25,17.433153287128924,8.685798778233366,10.88250679100519,0.9468263790439178,90,2.7931840419769287
Prophet,4,s1_i33,2015-12-26,2015-12-27,2016-03-25,12.9530946794873,6.551169184413568,8.101286009744557,0.7141334902814784,90,0.1481783390045166
LightGBM,4,s1_i33,2015-12-26,2015-12-27,2016-03-25,11.877210951811671,5.858767693149718,7.631626506099606,0.6386558038238028,90,0.11638879776000977
Naive,4,s1_i34,2015-12-26,2015-12-27,2016-03-25,19.096912364071677,3.511111111111111,4.4522154285504,0.6430802186093146,90,0.0009400844573974609
SeasonalNaive,4,s1_i34,2015-12-26,2015-12-27,2016-03-25,25.803706836700428,4.566666666666666,5.671566509057851,0.8364112969886972,90,0.0007641315460205078
ETS,4,s1_i34,2015-12-26,2015-12-27,2016-03-25,19.37503299146062,3.5282120407914968,4.547890347082383,0.6462123523553769,90,0.11917304992675781
SARIMA,4,s1_i34,2015-12-26,2015-12-27,2016-03-25,21.100092634684277,3.8065093295780184,4.877686299920616,0.6971841033617358,90,2.8577258586883545
Prophet,4,s1_i34,2015-12-26,2015-12-27,2016-03-25,17.315629403401697,3.2539965414027034,4.206198773078708,0.5959882045820519,90,0.1236259937286377
LightGBM,4,s1_i34,2015-12-26,2015-12-27,2016-03-25,15.811849312936923,2.9151851377766933,3.720556029731486,0.5339329449744478,90,0.12345600128173828
Naive,4,s1_i35,2015-12-26,2015-12-27,2016-03-25,22.177501981344985,10.177777777777777,12.774105752567488,1.1539503069601764,90,0.0013661384582519531
SeasonalNaive,4,s1_i35,2015-12-26,2015-12-27,2016-03-25,21.986500805614813,9.588888888888889,11.901913945057558,1.087182439854402,90,0.0007717609405517578
ETS,4,s1_i35,2015-12-26,2015-12-27,2016-03-25,14.594403348873064,6.825242181662683,8.5188649154327,0.7738418427452487,90,0.08791494369506836
SARIMA,4,s1_i35,2015-12-26,2015-12-27,2016-03-25,14.697470542968382,6.86770883061124,8.562422908244033,0.7786566857944607,90,3.3133671283721924
Prophet,4,s1_i35,2015-12-26,2015-12-27,2016-03-25,13.310166307543634,6.363192888799616,7.818279533116087,0.7214549725490629,90,0.1379382610321045
LightGBM,4,s1_i35,2015-12-26,2015-12-27,2016-03-25,11.428957791476448,5.297813806501363,6.684717177410996,0.60066293465143,90,0.11537003517150879
Naive,4,s1_i36,2015-12-26,2015-12-27,2016-03-25,18.60773062131752,10.766666666666667,14.065323790561429,1.185833417951362,90,0.001425027847290039
SeasonalNaive,4,s1_i36,2015-12-26,2015-12-27,2016-03-25,18.138654996943846,10.3,13.035421827552119,1.134435065470498,90,0.0007731914520263672
ETS,4,s1_i36,2015-12-26,2015-12-27,2016-03-25,16.330483650184053,9.328651109537121,11.80644833862165,1.0274513526406968,90,0.1751241683959961
SARIMA,4,s1_i36,2015-12-26,2015-12-27,2016-03-25,23.999798222973116,12.88534574295983,16.168493759227324,1.4191833050023919,90,2.41577410697937
Prophet,4,s1_i36,2015-12-26,2015-12-27,2016-03-25,11.07198872747539,6.302813409398188,7.674155911040138,0.6941876255086374,90,0.15309524536132812
LightGBM,4,s1_i36,2015-12-26,2015-12-27,2016-03-25,9.921949692748349,5.662896009546191,7.297457580022984,0.6237075539167141,90,0.11083197593688965
Naive,4,s1_i37,2015-12-26,2015-12-27,2016-03-25,27.111614047536932,6.044444444444444,7.201851613763412,1.034634634457535,90,0.0010120868682861328
SeasonalNaive,4,s1_i37,2015-12-26,2015-12-27,2016-03-25,23.460959537932318,5.1,6.512381370214056,0.8729729728235451,90,0.0007481575012207031
ETS,4,s1_i37,2015-12-26,2015-12-27,2016-03-25,19.24050898398384,4.17029848161197,5.165330617346966,0.7138348751086897,90,0.15813708305358887
SARIMA,4,s1_i37,2015-12-26,2015-12-27,2016-03-25,21.276760091891543,4.568541663551218,5.7218385038640065,0.7820026269604964,90,2.5053179264068604
Prophet,4,s1_i37,2015-12-26,2015-12-27,2016-03-25,18.63902870678657,3.9887721575892146,5.083413396620923,0.6827628016326359,90,0.1544179916381836
LightGBM,4,s1_i37,2015-12-26,2015-12-27,2016-03-25,17.119525871465164,3.6511142334442153,4.487465078886731,0.6249654993114031,90,0.12523269653320312
Naive,4,s1_i38,2015-12-26,2015-12-27,2016-03-25,18.34157263217375,11.088888888888889,14.419123104790772,1.1325223185062376,90,0.0009372234344482422
SeasonalNaive,4,s1_i38,2015-12-26,2015-12-27,2016-03-25,20.252256471620672,12.011111111111111,15.39372166393386,1.2267100463980392,90,0.0007240772247314453
ETS,4,s1_i38,2015-12-26,2015-12-27,2016-03-25,16.407190227903325,9.651974834578562,12.597240696314138,0.9857684595229155,90,0.204758882522583
SARIMA,4,s1_i38,2015-12-26,2015-12-27,2016-03-25,24.239492420301037,13.378371639556901,16.910948824614383,1.3663501022406985,90,2.406071186065674
Prophet,4,s1_i38,2015-12-26,2015-12-27,2016-03-25,12.271876182813344,7.565098396976994,9.147865011513638,0.7726331160966922,90,0.15281033515930176
LightGBM,4,s1_i38,2015-12-26,2015-12-27,2016-03-25,11.062867534984711,6.637227653995258,8.736837929677352,0.677868497599277,90,0.11798977851867676
Naive,4,s1_i39,2015-12-26,2015-12-27,2016-03-25,20.766452477295054,6.944444444444445,9.296952905836047,0.9656950863235088,90,0.0011107921600341797
SeasonalNaive,4,s1_i39,2015-12-26,2015-12-27,2016-03-25,23.137097291787846,7.644444444444445,9.073771725877465,1.0630371510249184,90,0.001714944839477539
ETS,4,s1_i39,2015-12-26,2015-12-27,2016-03-25,19.387037160865493,6.450963454919839,8.200286970990458,0.8970715743074804,90,0.1389009952545166
SARIMA,4,s1_i39,2015-12-26,2015-12-27,2016-03-25,19.679323008186604,6.540937115386587,8.350401251388591,0.9095833198483044,90,2.5484769344329834
Prophet,4,s1_i39,2015-12-26,2015-12-27,2016-03-25,16.525540016903488,5.439145967207082,6.970828321826067,0.7563681409432619,90,0.125654935836792
LightGBM,4,s1_i39,2015-12-26,2015-12-27,2016-03-25,15.703555732489551,5.167537336012879,6.572160015364884,0.7185982195844512,90,0.11227226257324219
Naive,4,s1_i40,2015-12-26,2015-12-27,2016-03-25,29.683882116206604,6.666666666666667,7.868361399370971,1.1818628251301428,90,0.0008749961853027344
SeasonalNaive,4,s1_i40,2015-12-26,2015-12-27,2016-03-25,23.980861930706553,5.011111111111111,6.327190002942328,0.8883668902228241,90,0.0007190704345703125
ETS,4,s1_i40,2015-12-26,2015-12-27,2016-03-25,19.88638565093265,4.237936839995038,5.306946973656357,0.7512990009659469,90,0.07368087768554688
SARIMA,4,s1_i40,2015-12-26,2015-12-27,2016-03-25,19.89395210664951,4.239591144503878,5.298081691776123,0.7515922751160133,90,2.6421687602996826
Prophet,4,s1_i40,2015-12-26,2015-12-27,2016-03-25,19.422811421126138,4.1127169741887,5.017332740745537,0.7291000953113025,90,0.13519787788391113
LightGBM,4,s1_i40,2015-12-26,2015-12-27,2016-03-25,19.19040372232555,4.036940903915475,5.0830220759581675,0.7156665572377464,90,0.11513209342956543
Naive,4,s1_i41,2015-12-26,2015-12-27,2016-03-25,34.190154660121394,6.1,7.180993431738165,1.2242957744021659,90,0.0009281635284423828
SeasonalNaive,4,s1_i41,2015-12-26,2015-12-27,2016-03-25,26.54830303126984,4.555555555555555,5.647024782032472,0.9143192486427832,90,0.0007321834564208984
ETS,4,s1_i41,2015-12-26,2015-12-27,2016-03-25,21.32884161952915,3.4756464749013376,4.25659486342946,0.6975769332028674,90,0.10408997535705566
SARIMA,4,s1_i41,2015-12-26,2015-12-27,2016-03-25,21.737715027300172,3.57161463484008,4.4410050099966405,0.7168381483979746,90,2.749008893966675
Prophet,4,s1_i41,2015-12-26,2015-12-27,2016-03-25,19.261341494909683,3.122497840932525,3.911693375910376,0.6266985102022257,90,0.14963388442993164
LightGBM,4,s1_i41,2015-12-26,2015-12-27,2016-03-25,20.196014538371067,3.3056887086349906,4.232892645472095,0.6634656913886511,90,0.1210031509399414
Naive,4,s1_i42,2015-12-26,2015-12-27,2016-03-25,23.77693359632974,6.488888888888889,8.23137628562536,1.0646063725971364,90,0.0012359619140625
SeasonalNaive,4,s1_i42,2015-12-26,2015-12-27,2016-03-25,33.20074633823608,7.555555555555555,9.555684753648539,1.2396101598733782,90,0.0012569427490234375
ETS,4,s1_i42,2015-12-26,2015-12-27,2016-03-25,19.511826322404133,5.0999445020933765,6.423249002403793,0.8367277525921756,90,0.11873674392700195
SARIMA,4,s1_i42,2015-12-26,2015-12-27,2016-03-25,20.71756645271769,5.392890269957647,6.815838137767685,0.8847902077572949,90,2.54799485206604
Prophet,4,s1_i42,2015-12-26,2015-12-27,2016-03-25,16.15621861600644,4.209283605582878,5.699237495013056,0.6906005369032475,90,0.13013195991516113
LightGBM,4,s1_i42,2015-12-26,2015-12-27,2016-03-25,16.16054623933587,4.133254028296918,5.368980588669461,0.6781266644313211,90,0.11763811111450195
Naive,4,s1_i43,2015-12-26,2015-12-27,2016-03-25,16.824181825546365,6.177777777777778,7.810249675906654,0.8291651174166994,90,0.001444101333618164
SeasonalNaive,4,s1_i43,2015-12-26,2015-12-27,2016-03-25,23.438932959804486,7.966666666666667,10.049322807477571,1.0692650884672186,90,0.0007722377777099609
ETS,4,s1_i43,2015-12-26,2015-12-27,2016-03-25,18.339130306649405,6.612683565934004,8.242681405841049,0.8875370307281353,90,0.1823420524597168
SARIMA,4,s1_i43,2015-12-26,2015-12-27,2016-03-25,20.78026099200848,7.375836318507376,9.191405463177809,0.9899653899952107,90,2.830277919769287
Prophet,4,s1_i43,2015-12-26,2015-12-27,2016-03-25,14.552160545323225,5.3621476776699115,6.59167400774712,0.7196933863102102,90,0.1305861473083496
LightGBM,4,s1_i43,2015-12-26,2015-12-27,2016-03-25,13.543336983423535,4.939219567864542,6.192735038202543,0.6629290855470747,90,0.1077580451965332
Naive,4,s1_i44,2015-12-26,2015-12-27,2016-03-25,22.405305118217868,4.811111111111111,5.687217636458485,0.818606965034844,90,0.0009319782257080078
SeasonalNaive,4,s1_i44,2015-12-26,2015-12-27,2016-03-25,21.867451146172915,4.655555555555556,5.741660619251775,0.7921393033478052,90,0.0007498264312744141
ETS,4,s1_i44,2015-12-26,2015-12-27,2016-03-25,19.812944371465314,4.224029870145375,5.03038360505628,0.7187155300218495,90,0.0870671272277832
SARIMA,4,s1_i44,2015-12-26,2015-12-27,2016-03-25,19.880205576503464,4.235641237654521,5.05581158091282,0.7206911955379949,90,2.604512929916382
Prophet,4,s1_i44,2015-12-26,2015-12-27,2016-03-25,16.10507598729411,3.418912463953261,4.174209501565578,0.5817254042154553,90,0.1279590129852295
LightGBM,4,s1_i44,2015-12-26,2015-12-27,2016-03-25,16.18033293563585,3.4599311796662713,4.272519989395838,0.5887047080818546,90,0.11478710174560547
Naive,4,s1_i45,2015-12-26,2015-12-27,2016-03-25,17.097371747143132,10.088888888888889,12.418624006798105,1.0465772668135271,90,0.0009076595306396484
SeasonalNaive,4,s1_i45,2015-12-26,2015-12-27,2016-03-25,19.8739047027151,10.922222222222222,13.677637872738764,1.1330236269578162,90,0.0008409023284912109
ETS,4,s1_i45,2015-12-26,2015-12-27,2016-03-25,15.423158764744146,8.89885070428882,10.967425642361583,0.9231279034238549,90,0.15102410316467285
SARIMA,4,s1_i45,2015-12-26,2015-12-27,2016-03-25,22.294418635338534,12.273768260905978,14.902950987784081,1.2732271096917882,90,3.4675440788269043
Prophet,4,s1_i45,2015-12-26,2015-12-27,2016-03-25,11.154481996508137,6.438138703950884,8.074398590115385,0.66786438847275,90,0.12101316452026367
LightGBM,4,s1_i45,2015-12-26,2015-12-27,2016-03-25,11.57114057421059,6.600563755050341,8.096608781372996,0.6847136538293078,90,0.09396719932556152
Naive,4,s1_i46,2015-12-26,2015-12-27,2016-03-25,18.799813216727948,7.966666666666667,10.063686092967018,0.9558940836433377,90,0.0011119842529296875
SeasonalNaive,4,s1_i46,2015-12-26,2015-12-27,2016-03-25,22.843767712775932,9.344444444444445,11.124048024188157,1.1212090995035524,90,0.0007917881011962891
ETS,4,s1_i46,2015-12-26,2015-12-27,2016-03-25,17.70549084669937,7.439110876767395,9.146069975572829,0.8925944026780864,90,0.09767007827758789
SARIMA,4,s1_i46,2015-12-26,2015-12-27,2016-03-25,17.740563727130453,7.449843767999237,9.162312524924621,0.8938822069327608,90,3.1412582397460938
Prophet,4,s1_i46,2015-12-26,2015-12-27,2016-03-25,14.671071206835181,6.273611559582245,7.8274910638611415,0.7527499798595549,90,0.1327359676361084
LightGBM,4,s1_i46,2015-12-26,2015-12-27,2016-03-25,13.70519942625682,5.772650448740654,7.030351011944586,0.6926413068065586,90,0.09727096557617188
Naive,4,s1_i47,2015-12-26,2015-12-27,2016-03-25,44.654750589266875,8.755555555555556,9.666666666666666,1.855992692240483,90,0.0009789466857910156
SeasonalNaive,4,s1_i47,2015-12-26,2015-12-27,2016-03-25,34.08587093737545,5.533333333333333,6.881537295950342,1.1729496963651782,90,0.0007870197296142578
ETS,4,s1_i47,2015-12-26,2015-12-27,2016-03-25,20.812968344617317,3.4825565828480585,4.568147143541903,0.7382283770649728,90,0.0758357048034668
SARIMA,4,s1_i47,2015-12-26,2015-12-27,2016-03-25,20.776936070066473,3.4774978020596747,4.557861898868404,0.7371560224764705,90,2.832732915878296
Prophet,4,s1_i47,2015-12-26,2015-12-27,2016-03-25,19.285621273025193,3.250700286533336,4.094665232694623,0.6890797435054472,90,0.12456512451171875
LightGBM,4,s1_i47,2015-12-26,2015-12-27,2016-03-25,19.528737415832506,3.2407573809672683,4.1070294534100125,0.6869720577106206,90,0.10619688034057617
Naive,4,s1_i48,2015-12-26,2015-12-27,2016-03-25,20.527429729948583,7.9222222222222225,9.9615929114441,1.042625673294143,90,0.0008969306945800781
SeasonalNaive,4,s1_i48,2015-12-26,2015-12-27,2016-03-25,28.343530059376953,10.266666666666667,13.007690033207279,1.3511726818005445,90,0.0007550716400146484
ETS,4,s1_i48,2015-12-26,2015-12-27,2016-03-25,22.78813254699799,8.465248440247327,10.89948102685135,1.1140921204983951,90,0.09125614166259766
SARIMA,4,s1_i48,2015-12-26,2015-12-27,2016-03-25,26.046309915787564,9.430157954220018,12.117188180620323,1.2410816700785257,90,3.291606903076172
Prophet,4,s1_i48,2015-12-26,2015-12-27,2016-03-25,15.995911115379343,6.134296379373632,7.58771202304685,0.8073208139491208,90,0.12868714332580566
LightGBM,4,s1_i48,2015-12-26,2015-12-27,2016-03-25,15.129922769984972,5.733242803894714,7.147958098641618,0.7545390637745546,90,0.09225893020629883
Naive,4,s1_i49,2015-12-26,2015-12-27,2016-03-25,25.628358850066473,5.688888888888889,6.793788012262052,1.0419527592657252,90,0.002416849136352539
SeasonalNaive,4,s1_i49,2015-12-26,2015-12-27,2016-03-25,18.90089674910607,4.111111111111111,5.206833117271103,0.7529736736881215,90,0.0011839866638183594
ETS,4,s1_i49,2015-12-26,2015-12-27,2016-03-25,15.634889257469226,3.322679480071592,4.20719500269003,0.6085678803075352,90,0.09334206581115723
SARIMA,4,s1_i49,2015-12-26,2015-12-27,2016-03-25,15.824789083427648,3.371572390697504,4.347222655747697,0.6175228984367698,90,2.6140432357788086
Prophet,4,s1_i49,2015-12-26,2015-12-27,2016-03-25,17.12416234803743,3.6791771832804043,4.4447967181905765,0.6738624875296609,90,0.11194229125976562
LightGBM,4,s1_i49,2015-12-26,2015-12-27,2016-03-25,14.163873624697246,2.9881165545956745,3.8903541063171554,0.5472907539378319,90,0.08714532852172852
Naive,4,s1_i50,2015-12-26,2015-12-27,2016-03-25,19.581840150855463,9.7,11.976365614548236,1.0730439222510615,90,0.0009729862213134766
SeasonalNaive,4,s1_i50,2015-12-26,2015-12-27,2016-03-25,22.182300415784475,10.255555555555556,12.519762156065283,1.134501191566701,90,0.0007848739624023438
ETS,4,s1_i50,2015-12-26,2015-12-27,2016-03-25,14.802910538214883,7.156483851968622,8.889832298425214,0.7916723197982263,90,0.11838698387145996
SARIMA,4,s1_i50,2015-12-26,2015-12-27,2016-03-25,15.961224908035687,7.648125913833678,9.635294989961146,0.8460592812835129,90,2.908125877380371
Prophet,4,s1_i50,2015-12-26,2015-12-27,2016-03-25,12.880036312907334,6.2803502670436,7.463777665293134,0.694751719964842,90,0.09923005104064941
LightGBM,4,s1_i50,2015-12-26,2015-12-27,2016-03-25,10.893842946202078,5.244979906116506,6.578833770698849,0.5802158567615733,90,0.0788581371307373
Naive,5,s1_i1,2016-03-25,2016-03-26,2016-06-23,21.283696529662706,5.211111111111111,6.176118881987655,1.113412264485847,90,0.0007512569427490234
SeasonalNaive,5,s1_i1,2016-03-25,2016-03-26,2016-06-23,20.89258756260948,4.855555555555555,5.943250139630859,1.0374438370582413,90,0.0005779266357421875
ETS,5,s1_i1,2016-03-25,2016-03-26,2016-06-23,19.60458496653856,4.655267549280868,5.958412944580336,0.9946500608633395,90,0.09814810752868652
SARIMA,5,s1_i1,2016-03-25,2016-03-26,2016-06-23,19.516361975675526,4.636539323364301,5.936258602288313,0.9906485656000535,90,2.60528302192688
Prophet,5,s1_i1,2016-03-25,2016-03-26,2016-06-23,14.620475461816355,3.5611635688842393,4.566294247027506,0.7608824891454823,90,0.14651703834533691
LightGBM,5,s1_i1,2016-03-25,2016-03-26,2016-06-23,14.411550353427197,3.484552443548174,4.378391463042204,0.7445136640088695,90,0.10254502296447754
Naive,5,s1_i2,2016-03-25,2016-03-26,2016-06-23,15.439565307647719,9.777777777777779,12.938315191708694,1.179851181148994,90,0.0009169578552246094
SeasonalNaive,5,s1_i2,2016-03-25,2016-03-26,2016-06-23,18.82672331742149,11.444444444444445,14.721111069179225,1.3809621779357542,90,0.0007350444793701172
ETS,5,s1_i2,2016-03-25,2016-03-26,2016-06-23,16.641020579197,10.356425876497893,13.247389263678743,1.2496746787024133,90,0.11281013488769531
SARIMA,5,s1_i2,2016-03-25,2016-03-26,2016-06-23,16.884822177821807,10.474793218450076,13.346535141717755,1.2639576631786151,90,2.7888998985290527
Prophet,5,s1_i2,2016-03-25,2016-03-26,2016-06-23,10.514879596296923,6.814573037104785,9.16640345878446,0.8222913457009944,90,0.13818693161010742
LightGBM,5,s1_i2,2016-03-25,2016-03-26,2016-06-23,10.149558123125075,6.611848873580349,8.600781015518674,0.7978293105414974,90,0.105194091796875
Naive,5,s1_i3,2016-03-25,2016-03-26,2016-06-23,20.449329376520424,8.166666666666666,9.809858986414296,1.2551755763270018,90,0.0006747245788574219
SeasonalNaive,5,s1_i3,2016-03-25,2016-03-26,2016-06-23,25.14016049288998,8.955555555555556,10.808432921669183,1.3764238292783177,90,0.0005440711975097656
ETS,5,s1_i3,2016-03-25,2016-03-26,2016-06-23,19.94887162531341,7.640514192995876,9.617256125406959,1.1743085884442739,90,0.06720113754272461
SARIMA,5,s1_i3,2016-03-25,2016-03-26,2016-06-23,21.000797776307348,7.971746322519837,9.977799557752537,1.22521730016753,90,2.795393228530884
Prophet,5,s1_i3,2016-03-25,2016-03-26,2016-06-23,13.576281887836803,5.344679638283663,7.026382464571855,0.8214503688080681,90,0.1414930820465088
LightGBM,5,s1_i3,2016-03-25,2016-03-26,2016-06-23,13.953485235368209,5.468818146771886,6.986771411793388,0.8405298329635064,90,0.11592793464660645
Naive,5,s1_i4,2016-03-25,2016-03-26,2016-06-23,19.64900895118512,4.855555555555555,6.024948132556827,0.9729358841006854,90,0.0007307529449462891
SeasonalNaive,5,s1_i4,2016-03-25,2016-03-26,2016-06-23,26.208968399231768,5.7555555555555555,7.206478566771245,1.153274114334451,90,0.0005881786346435547
ETS,5,s1_i4,2016-03-25,2016-03-26,2016-06-23,19.998327130316888,4.6564108708941605,5.8788340708772875,0.9330321063314663,90,0.09216904640197754
SARIMA,5,s1_i4,2016-03-25,2016-03-26,2016-06-23,19.656988781454228,4.586299860689428,5.802196952494237,0.9189835557756629,90,3.0263278484344482
Prophet,5,s1_i4,2016-03-25,2016-03-26,2016-06-23,14.605134759352822,3.5086655224801047,4.403073491344438,0.7030517008958803,90,0.14734101295471191
LightGBM,5,s1_i4,2016-03-25,2016-03-26,2016-06-23,14.686637483289724,3.53337200868011,4.386564357230107,0.7080022831143291,90,0.125169038772583
Naive,5,s1_i5,2016-03-25,2016-03-26,2016-06-23,24.051520596418875,4.6,5.742628124628808,1.045900368050622,90,0.0007340908050537109
SeasonalNaive,5,s1_i5,2016-03-25,2016-03-26,2016-06-23,27.500997833682128,5.188888888888889,6.5718253848446775,1.179795825796233,90,0.0006940364837646484
ETS,5,s1_i5,2016-03-25,2016-03-26,2016-06-23,25.108521263708028,4.748374021521086,5.85360609016605,1.079636116684982,90,0.0864250659942627
SARIMA,5,s1_i5,2016-03-25,2016-03-26,2016-06-23,25.042529765655114,4.737279412195168,5.842022866693488,1.0771135392986,90,2.8905558586120605
Prophet,5,s1_i5,2016-03-25,2016-03-26,2016-06-23,18.59229144339104,3.547796199990351,4.762949218317447,0.8066611633344579,90,0.13744425773620605
LightGBM,5,s1_i5,2016-03-25,2016-03-26,2016-06-23,19.067871615307855,3.621793532422415,4.689745255765607,0.823485910557384,90,0.10323786735534668
Naive,5,s1_i6,2016-03-25,2016-03-26,2016-06-23,18.523190757495687,11.511111111111111,14.149990184527416,1.3570385258031685,90,0.0009162425994873047
SeasonalNaive,5,s1_i6,2016-03-25,2016-03-26,2016-06-23,20.744264622704417,12.7,15.696779570628138,1.4971959797229937,90,0.0005919933319091797
ETS,5,s1_i6,2016-03-25,2016-03-26,2016-06-23,14.879467454949225,9.29071927468439,11.539481392752267,1.0952777595899525,90,0.08054900169372559
SARIMA,5,s1_i6,2016-03-25,2016-03-26,2016-06-23,14.66510204173804,9.16755355265328,11.401500337263991,1.0807578207029716,90,2.9611682891845703
Prophet,5,s1_i6,2016-03-25,2016-03-26,2016-06-23,10.657014528427915,6.666595261369761,8.264640395115332,0.7859212302175722,90,0.11738109588623047
LightGBM,5,s1_i6,2016-03-25,2016-03-26,2016-06-23,10.667498987474923,6.637879302343631,8.250222147250051,0.782535921681524,90,0.10527610778808594
Naive,5,s1_i7,2016-03-25,2016-03-26,2016-06-23,17.92318823007132,11.622222222222222,13.988884476214995,1.461499428060927,90,0.0007200241088867188
SeasonalNaive,5,s1_i7,2016-03-25,2016-03-26,2016-06-23,18.81744170720963,11.6,14.135848832745143,1.458704974087579,90,0.0005800724029541016
ETS,5,s1_i7,2016-03-25,2016-03-26,2016-06-23,13.99074335008229,8.813660136851434,11.043445411184884,1.1083215415122931,90,0.1362760066986084
SARIMA,5,s1_i7,2016-03-25,2016-03-26,2016-06-23,13.279016599774582,8.42236136781911,10.454807703517547,1.0591155535173107,90,2.29425311088562
Prophet,5,s1_i7,2016-03-25,2016-03-26,2016-06-23,10.3588843085056,6.636210040251621,8.520521173385285,0.8345062581728425,90,0.15157222747802734
LightGBM,5,s1_i7,2016-03-25,2016-03-26,2016-06-23,10.602529132148433,6.701362514128845,8.356780792760986,0.8426992097003269,90,0.10775589942932129
Naive,5,s1_i8,2016-03-25,2016-03-26,2016-06-23,17.444519825836664,14.311111111111112,17.869278416072405,1.5216582062679866,90,0.0007259845733642578
SeasonalNaive,5,s1_i8,2016-03-25,2016-03-26,2016-06-23,18.503383137762565,14.633333333333333,17.496348825461332,1.5559191441420328,90,0.001374959945678711
ETS,5,s1_i8,2016-03-25,2016-03-26,2016-06-23,16.476422370991358,13.302020449407943,15.53185694077962,1.4143645744648718,90,0.1506359577178955
SARIMA,5,s1_i8,2016-03-25,2016-03-26,2016-06-23,16.558427979657182,13.360955466713197,15.592434074929097,1.420630960912634,90,3.1605629920959473
Prophet,5,s1_i8,2016-03-25,2016-03-26,2016-06-23,9.229938813400642,7.678393038842366,9.587186497001113,0.8164208696160653,90,0.14191102981567383
LightGBM,5,s1_i8,2016-03-25,2016-03-26,2016-06-23,8.871378693075291,7.231491486137752,8.900983911417692,0.768903146513566,90,0.10941290855407715
Naive,5,s1_i9,2016-03-25,2016-03-26,2016-06-23,29.738927339747395,15.533333333333333,17.92453315679069,2.041295092718526,90,0.0008041858673095703
SeasonalNaive,5,s1_i9,2016-03-25,2016-03-26,2016-06-23,26.555368405852402,13.655555555555555,15.787829349076318,1.7945290908090616,90,0.000759124755859375
ETS,5,s1_i9,2016-03-25,2016-03-26,2016-06-23,21.47526145312948,11.51460719945246,13.248311209179283,1.513178830739724,90,0.10269904136657715
SARIMA,5,s1_i9,2016-03-25,2016-03-26,2016-06-23,21.652507508953057,11.598508402402079,13.338798199895574,1.524204610601585,90,3.1393039226531982
Prophet,5,s1_i9,2016-03-25,2016-03-26,2016-06-23,12.451533896876226,6.762847644863804,8.266019466003378,0.8887318268409993,90,0.15361309051513672
LightGBM,5,s1_i9,2016-03-25,2016-03-26,2016-06-23,12.16563976111691,6.614328126817875,7.870211067039609,0.8692143055946425,90,0.1159060001373291
Naive,5,s1_i10,2016-03-25,2016-03-26,2016-06-23,14.523498417121811,11.277777777777779,14.058212309299263,1.181884511028945,90,0.0009510517120361328
SeasonalNaive,5,s1_i10,2016-03-25,2016-03-26,2016-06-23,18.03325586903775,12.977777777777778,16.027753706895076,1.360040501361387,90,0.0007538795471191406
ETS,5,s1_i10,2016-03-25,2016-03-26,2016-06-23,16.82147535419806,12.687624240655923,14.9547815599773,1.3296330950352666,90,0.09962582588195801
SARIMA,5,s1_i10,2016-03-25,2016-03-26,2016-06-23,17.57223689695966,13.163256242459031,15.456131555011885,1.379478206985287,90,3.244229793548584
Prophet,5,s1_i10,2016-03-25,2016-03-26,2016-06-23,8.78150145260796,6.824274792264838,8.732870595143332,0.7151679023039188,90,0.14787983894348145
LightGBM,5,s1_i10,2016-03-25,2016-03-26,2016-06-23,9.164660904520524,7.188525955593713,8.878708787025785,0.753340565087801,90,0.10471725463867188
Naive,5,s1_i11,2016-03-25,2016-03-26,2016-06-23,19.11748388135578,13.922222222222222,17.81354041795797,1.5520591774231232,90,0.0008399486541748047
SeasonalNaive,5,s1_i11,2016-03-25,2016-03-26,2016-06-23,20.727980053024687,14.355555555555556,17.36471518146305,1.600367483823364,90,0.0006341934204101562
ETS,5,s1_i11,2016-03-25,2016-03-26,2016-06-23,16.16624909763953,11.731079329752598,14.423699800946247,1.307789018462817,90,0.12645483016967773
SARIMA,5,s1_i11,2016-03-25,2016-03-26,2016-06-23,16.040650355334055,11.650238545958953,14.342868890434636,1.2987768307248038,90,3.291153907775879
Prophet,5,s1_i11,2016-03-25,2016-03-26,2016-06-23,9.23418796450929,6.901424077262958,8.972099779720743,0.7693756359748121,90,0.13860821723937988
LightGBM,5,s1_i11,2016-03-25,2016-03-26,2016-06-23,8.087900979026177,6.024499393751776,7.9915714346915365,0.671615452203291,90,0.1231391429901123
Naive,5,s1_i12,2016-03-25,2016-03-26,2016-06-23,18.016288003770914,13.222222222222221,16.42491332633989,1.4761270262620318,90,0.000766754150390625
SeasonalNaive,5,s1_i12,2016-03-25,2016-03-26,2016-06-23,26.97397409033599,18.41111111111111,21.271525045886527,2.0554138508539386,90,0.0007150173187255859
ETS,5,s1_i12,2016-03-25,2016-03-26,2016-06-23,19.96396824517604,14.247871944814781,17.24214789451532,1.5906304168080259,90,0.1290731430053711
SARIMA,5,s1_i12,2016-03-25,2016-03-26,2016-06-23,21.43027017557492,15.131740316990557,18.136474402579264,1.6893053573663621,90,2.994597911834717
Prophet,5,s1_i12,2016-03-25,2016-03-26,2016-06-23,10.49557308080701,7.833227449091843,9.80372940102441,0.874500408942509,90,0.13427972793579102
LightGBM,5,s1_i12,2016-03-25,2016-03-26,2016-06-23,10.309348208795676,7.617735042945388,9.71102141086137,0.8504428670769364,90,0.11020517349243164
Naive,5,s1_i13,2016-03-25,2016-03-26,2016-06-23,12.98201347525573,11.877777777777778,14.978132208137449,1.1475688437515226,90,0.0009598731994628906
SeasonalNaive,5,s1_i13,2016-03-25,2016-03-26,2016-06-23,11.282936371283348,10.2,13.432961119739923,0.9854707189559379,90,0.0007829666137695312
ETS,5,s1_i13,2016-03-25,2016-03-26,2016-06-23,11.598257618330864,10.588002253382712,13.788502918098041,1.0229574698968775,90,0.11063194274902344
SARIMA,5,s1_i13,2016-03-25,2016-03-26,2016-06-23,11.639869715851743,10.620493058739175,13.788059968442687,1.026096561790416,90,2.395998954772949
Prophet,5,s1_i13,2016-03-25,2016-03-26,2016-06-23,7.835136250480505,7.244523154569169,9.35706376078457,0.6999279844731587,90,0.15519499778747559
LightGBM,5,s1_i13,2016-03-25,2016-03-26,2016-06-23,7.409646372289165,6.856073379448141,8.953132711390712,0.6623979963195517,90,0.11692190170288086
Naive,5,s1_i14,2016-03-25,2016-03-26,2016-06-23,26.812584517056866,16.044444444444444,20.052708323593375,1.9108674313221532,90,0.0009021759033203125
SeasonalNaive,5,s1_i14,2016-03-25,2016-03-26,2016-06-23,16.452235903646862,10.277777777777779,13.102586682704212,1.2240667409785262,90,0.0007791519165039062
ETS,5,s1_i14,2016-03-25,2016-03-26,2016-06-23,15.819431250434002,10.029733631523543,13.203448097612783,1.194525083599953,90,0.10602211952209473
SARIMA,5,s1_i14,2016-03-25,2016-03-26,2016-06-23,15.5893668463076,9.899706322714659,13.061739532765346,1.1790390410357683,90,3.253298759460449
Prophet,5,s1_i14,2016-03-25,2016-03-26,2016-06-23,11.318290796519442,7.2211762285472645,9.316541521136298,0.860030431016055,90,0.13034701347351074
LightGBM,5,s1_i14,2016-03-25,2016-03-26,2016-06-23,10.668682912711136,6.789761892821644,8.65125049843859,0.8086496801026746,90,0.11548233032226562
Naive,5,s1_i15,2016-03-25,2016-03-26,2016-06-23,13.648094082073758,13.044444444444444,16.75642497007574,1.1979279207647509,90,0.001544952392578125
SeasonalNaive,5,s1_i15,2016-03-25,2016-03-26,2016-06-23,24.170308627359393,20.988888888888887,24.31666095499133,1.9275007174826357,90,0.0018169879913330078
ETS,5,s1_i15,2016-03-25,2016-03-26,2016-06-23,19.968581147747916,18.025385093458603,20.478071888159608,1.6553493081253594,90,0.1669459342956543
SARIMA,5,s1_i15,2016-03-25,2016-03-26,2016-06-23,20.9836548921309,18.80130931029384,21.300858065473157,1.7266057949541505,90,3.086214780807495
Prophet,5,s1_i15,2016-03-25,2016-03-26,2016-06-23,8.719075536077279,8.224113201097696,10.499969681290114,0.7552559918579568,90,0.14362192153930664
LightGBM,5,s1_i15,2016-03-25,2016-03-26,2016-06-23,8.50606301015448,7.872484457550046,10.320160974774428,0.7229643989554659,90,0.1162710189819336
Naive,5,s1_i16,2016-03-25,2016-03-26,2016-06-23,26.031617163686633,7.177777777777778,9.01233722306385,1.3492841877805486,90,0.0010631084442138672
SeasonalNaive,5,s1_i16,2016-03-25,2016-03-26,2016-06-23,30.608036448189303,8.033333333333333,9.454569735788557,1.5101121792033074,90,0.0008020401000976562
ETS,5,s1_i16,2016-03-25,2016-03-26,2016-06-23,24.737610520669364,6.7568197436469175,8.246856391739536,1.2701521727256322,90,0.09392833709716797
SARIMA,5,s1_i16,2016-03-25,2016-03-26,2016-06-23,25.02471453891568,6.823868147009564,8.317511631251646,1.2827559831630682,90,2.6715469360351562
Prophet,5,s1_i16,2016-03-25,2016-03-26,2016-06-23,16.930838811442655,4.782125748042858,5.878508855522354,0.8989476765063792,90,0.1356799602508545
LightGBM,5,s1_i16,2016-03-25,2016-03-26,2016-06-23,16.65900382756175,4.70352909776344,6.006287346397419,0.8841730177306698,90,0.13458895683288574
Naive,5,s1_i17,2016-03-25,2016-03-26,2016-06-23,68.92299370039109,19.044444444444444,20.5637221014744,3.1799478049257304,90,0.0009799003601074219
SeasonalNaive,5,s1_i17,2016-03-25,2016-03-26,2016-06-23,30.576802535741727,9.688888888888888,12.048974137982777,1.61780308395288,90,0.0007779598236083984
ETS,5,s1_i17,2016-03-25,2016-03-26,2016-06-23,24.65975421022652,8.353122270257208,9.9998841332716,1.394763334003651,90,0.08813095092773438
SARIMA,5,s1_i17,2016-03-25,2016-03-26,2016-06-23,24.553869742548287,8.322246851926923,9.970388850819328,1.389607908281889,90,3.2417290210723877
Prophet,5,s1_i17,2016-03-25,2016-03-26,2016-06-23,14.183244033287773,5.037137886103434,6.33294541757752,0.841076546535622,90,0.13792920112609863
LightGBM,5,s1_i17,2016-03-25,2016-03-26,2016-06-23,13.923869370650927,4.898251572406346,6.11965029326408,0.8178859919534894,90,0.1211700439453125
Naive,5,s1_i18,2016-03-25,2016-03-26,2016-06-23,17.269093748328096,15.855555555555556,20.176168560402587,1.5924793787823177,90,0.0014510154724121094
SeasonalNaive,5,s1_i18,2016-03-25,2016-03-26,2016-06-23,25.985004344215806,22.355555555555554,26.584038653130023,2.245317806664347,90,0.0010271072387695312
ETS,5,s1_i18,2016-03-25,2016-03-26,2016-06-23,21.921020378227063,19.150392239234613,22.20186568827337,1.9234018404286368,90,0.18449902534484863
SARIMA,5,s1_i18,2016-03-25,2016-03-26,2016-06-23,22.387198857594143,19.488672673445567,22.522360023300063,1.957377604559949,90,3.239495277404785
Prophet,5,s1_i18,2016-03-25,2016-03-26,2016-06-23,9.68042315664786,9.027520828326445,11.6522522667393,0.9066942315749094,90,0.14919495582580566
LightGBM,5,s1_i18,2016-03-25,2016-03-26,2016-06-23,9.182651554558811,8.432029509052207,10.738094361206581,0.8468850597760803,90,0.1229088306427002
Naive,5,s1_i19,2016-03-25,2016-03-26,2016-06-23,19.96668167769787,8.277777777777779,10.59297461108593,1.1563455200639443,90,0.0011839866638183594
SeasonalNaive,5,s1_i19,2016-03-25,2016-03-26,2016-06-23,27.66330633312612,10.755555555555556,12.613044394153574,1.5024731052642928,90,0.0009748935699462891
ETS,5,s1_i19,2016-03-25,2016-03-26,2016-06-23,22.964206837293485,9.302127603879999,10.862107067010015,1.2994397615609141,90,0.1537020206451416
SARIMA,5,s1_i19,2016-03-25,2016-03-26,2016-06-23,22.88175283294312,9.271539249797012,10.82944381564756,1.2951667903409152,90,3.260698080062866
Prophet,5,s1_i19,2016-03-25,2016-03-26,2016-06-23,13.48054232359008,5.527459722727299,7.217496059753302,0.7721460347568648,90,0.15526318550109863
LightGBM,5,s1_i19,2016-03-25,2016-03-26,2016-06-23,13.297887212934235,5.434302209730628,6.929704374189762,0.7591326058263146,90,0.11841392517089844
Naive,5,s1_i20,2016-03-25,2016-03-26,2016-06-23,15.109301563316823,7.5,9.586448768965493,1.0529622978773039,90,0.0012371540069580078
SeasonalNaive,5,s1_i20,2016-03-25,2016-03-26,2016-06-23,19.589702214330703,9.344444444444445,11.865449375766975,1.3119130259478706,90,0.0008990764617919922
ETS,5,s1_i20,2016-03-25,2016-03-26,2016-06-23,16.49990165225025,8.04910771764856,10.015270570079577,1.1300542610982893,90,0.09176230430603027
SARIMA,5,s1_i20,2016-03-25,2016-03-26,2016-06-23,16.48737358885609,8.043505059200482,10.012864366496116,1.1292676760164613,90,3.4436559677124023
Prophet,5,s1_i20,2016-03-25,2016-03-26,2016-06-23,11.604139276913584,5.7842232335903585,7.132114122757502,0.8120758649968791,90,0.15218305587768555
LightGBM,5,s1_i20,2016-03-25,2016-03-26,2016-06-23,12.124609967204842,6.049404018288089,7.197042226664662,0.8493059141179764,90,0.1251692771911621
Naive,5,s1_i21,2016-03-25,2016-03-26,2016-06-23,27.199349248609007,11.4,14.138992577659524,1.6625885861059038,90,0.0009450912475585938
SeasonalNaive,5,s1_i21,2016-03-25,2016-03-26,2016-06-23,25.133037254231045,10.4,12.60599504644957,1.516747482061526,90,0.0007259845733642578
ETS,5,s1_i21,2016-03-25,2016-03-26,2016-06-23,20.5720009050771,8.848104839367148,10.988225267544422,1.2904173784737043,90,0.13213682174682617
SARIMA,5,s1_i21,2016-03-25,2016-03-26,2016-06-23,20.430032415700726,8.794241059224914,10.92863139314907,1.2825618253097575,90,3.2553601264953613
Prophet,5,s1_i21,2016-03-25,2016-03-26,2016-06-23,14.069968893313462,6.124506685196785,7.49773166070214,0.8932048166962699,90,0.1634969711303711
LightGBM,5,s1_i21,2016-03-25,2016-03-26,2016-06-23,12.913674839756004,5.613738054950157,6.9367202776323245,0.8187137557498673,90,0.12206697463989258
Naive,5,s1_i22,2016-03-25,2016-03-26,2016-06-23,26.87879744855782,21.81111111111111,26.269754471635245,2.1692753375266043,90,0.0010058879852294922
SeasonalNaive,5,s1_i22,2016-03-25,2016-03-26,2016-06-23,24.17610291102406,19.122222222222224,22.713432149281182,1.9018455710052402,90,0.0007870197296142578
ETS,5,s1_i22,2016-03-25,2016-03-26,2016-06-23,20.691775350081294,16.928085756702675,19.868698752795723,1.6836225700048624,90,0.16953611373901367
SARIMA,5,s1_i22,2016-03-25,2016-03-26,2016-06-23,21.595828595888985,17.533771968926267,20.435281301169184,1.7438625163222792,90,3.1793298721313477
Prophet,5,s1_i22,2016-03-25,2016-03-26,2016-06-23,9.223726283367089,8.129551829838277,10.313786344108799,0.8085436913220178,90,0.15631604194641113
LightGBM,5,s1_i22,2016-03-25,2016-03-26,2016-06-23,9.484760086461568,8.147235738417846,10.527865119703328,0.8103024860279505,90,0.12360787391662598
Naive,5,s1_i23,2016-03-25,2016-03-26,2016-06-23,26.85758443163636,8.0,10.022197585581939,1.3572461669667268,90,0.0009601116180419922
SeasonalNaive,5,s1_i23,2016-03-25,2016-03-26,2016-06-23,27.740975666290147,7.511111111111111,9.38793552030122,1.2743033456520936,90,0.0007727146148681641
ETS,5,s1_i23,2016-03-25,2016-03-26,2016-06-23,22.658076741335545,6.749730502978147,8.268588910973108,1.145130731653186,90,0.13886213302612305
SARIMA,5,s1_i23,2016-03-25,2016-03-26,2016-06-23,23.594288613296218,6.986717809832996,8.53650390285454,1.18533699588425,90,2.8584377765655518
Prophet,5,s1_i23,2016-03-25,2016-03-26,2016-06-23,18.497707638402755,5.549411772002467,6.75456136600186,0.9414897320587976,90,0.15014982223510742
LightGBM,5,s1_i23,2016-03-25,2016-03-26,2016-06-23,19.29308090007892,5.787615965018675,7.044530947625828,0.9819024480496289,90,0.11791586875915527
Naive,5,s1_i24,2016-03-25,2016-03-26,2016-06-23,45.81902546927858,27.444444444444443,30.097988120286196,3.087401297565149,90,0.0010569095611572266
SeasonalNaive,5,s1_i24,2016-03-25,2016-03-26,2016-06-23,22.875801222380975,15.011111111111111,18.93292253075461,1.6886960133645816,90,0.0008101463317871094
ETS,5,s1_i24,2016-03-25,2016-03-26,2016-06-23,22.304702038999405,14.793390607743367,17.180371148014782,1.6642032397555249,90,0.1250009536743164
SARIMA,5,s1_i24,2016-03-25,2016-03-26,2016-06-23,22.19469704794115,14.729644167881135,17.117119680417197,1.6570319945315883,90,2.8411190509796143
Prophet,5,s1_i24,2016-03-25,2016-03-26,2016-06-23,9.158935034068765,6.5520111763941635,8.845002251508333,0.7370776933965437,90,0.16366291046142578
LightGBM,5,s1_i24,2016-03-25,2016-03-26,2016-06-23,9.652223179220474,6.854585439282777,8.746246351118437,0.7711162097798195,90,0.11692380905151367
Naive,5,s1_i25,2016-03-25,2016-03-26,2016-06-23,19.892101608382813,17.08888888888889,21.588062544944705,1.7654805940281626,90,0.0020987987518310547
SeasonalNaive,5,s1_i25,2016-03-25,2016-03-26,2016-06-23,25.502021390949764,20.744444444444444,24.577089602581776,2.1431419174581143,90,0.001157999038696289
ETS,5,s1_i25,2016-03-25,2016-03-26,2016-06-23,21.08153056367087,17.67010276428445,21.04017202497458,1.8255267342226809,90,0.17596077919006348
SARIMA,5,s1_i25,2016-03-25,2016-03-26,2016-06-23,22.22950301620285,18.42547835529528,21.766765191929967,1.9035658013500512,90,3.457587957382202
Prophet,5,s1_i25,2016-03-25,2016-03-26,2016-06-23,10.837239770466308,9.531369277612981,12.352933416381509,0.984701088733924,90,0.17572712898254395
LightGBM,5,s1_i25,2016-03-25,2016-03-26,2016-06-23,9.876993468353588,8.547213655943423,10.671277938598962,0.8830263887075784,90,0.12402606010437012
Naive,5,s1_i26,2016-03-25,2016-03-26,2016-06-23,15.419957887875842,8.2,11.179346035335778,1.1123626689829071,90,0.0009999275207519531
SeasonalNaive,5,s1_i26,2016-03-25,2016-03-26,2016-06-23,31.426389360650447,14.344444444444445,17.59513821738519,1.9458810374755193,90,0.0011892318725585938
ETS,5,s1_i26,2016-03-25,2016-03-26,2016-06-23,22.25582440219899,11.157531811461654,13.562193011978,1.5135636420803873,90,0.15863728523254395
SARIMA,5,s1_i26,2016-03-25,2016-03-26,2016-06-23,23.20818047377057,11.531983919573461,13.926680693362007,1.5643595623713051,90,3.1963119506835938
Prophet,5,s1_i26,2016-03-25,2016-03-26,2016-06-23,11.71879730908693,6.252641130162225,8.529441728996437,0.8481956799682382,90,0.15108919143676758
LightGBM,5,s1_i26,2016-03-25,2016-03-26,2016-06-23,11.886447730055796,6.276300242616003,8.224042529290452,0.8514051328310249,90,0.12633681297302246
Naive,5,s1_i27,2016-03-25,2016-03-26,2016-06-23,49.76585070309058,10.066666666666666,11.56527369133803,1.9729657473159081,90,0.0010569095611572266
SeasonalNaive,5,s1_i27,2016-03-25,2016-03-26,2016-06-23,33.96922807753213,7.2444444444444445,8.885693870236333,1.419838484823369,90,0.0007979869842529297
ETS,5,s1_i27,2016-03-25,2016-03-26,2016-06-23,23.32763035476847,5.307328302852394,6.5335401998951195,1.0401831408564282,90,0.11609196662902832
SARIMA,5,s1_i27,2016-03-25,2016-03-26,2016-06-23,23.32299123072388,5.3061372499379384,6.53279536177368,1.039949706425621,90,3.4810099601745605
Prophet,5,s1_i27,2016-03-25,2016-03-26,2016-06-23,18.450286064081155,4.200845288106899,5.081291554643449,0.823323562570365,90,0.15221595764160156
LightGBM,5,s1_i27,2016-03-25,2016-03-26,2016-06-23,17.797141031228037,4.046864129013832,4.896587000845405,0.7931447990648063,90,0.12945985794067383
Naive,5,s1_i28,2016-03-25,2016-03-26,2016-06-23,19.234264648172587,17.655555555555555,21.302842794122835,1.6769203777084727,90,0.0009391307830810547
SeasonalNaive,5,s1_i28,2016-03-25,2016-03-26,2016-06-23,25.61314594870104,21.044444444444444,23.317137236137906,1.9987962211326917,90,0.0007879734039306641
ETS,5,s1_i28,2016-03-25,2016-03-26,2016-06-23,20.839338903627464,18.543028730911253,21.02917590768911,1.7612123643152224,90,0.09126710891723633
SARIMA,5,s1_i28,2016-03-25,2016-03-26,2016-06-23,21.2280562821552,18.821092123283353,21.29244728145152,1.7876227577744528,90,3.6575686931610107
Prophet,5,s1_i28,2016-03-25,2016-03-26,2016-06-23,9.185119176032517,8.49449061138272,10.613193808000768,0.8068046547534856,90,0.1693711280822754
LightGBM,5,s1_i28,2016-03-25,2016-03-26,2016-06-23,9.07735843410382,8.170360820264715,10.180322038218929,0.7760188859320033,90,0.12766695022583008
Naive,5,s1_i29,2016-03-25,2016-03-26,2016-06-23,19.5528897470585,14.411111111111111,18.05946966121775,1.6184043400129196,90,0.0009312629699707031
SeasonalNaive,5,s1_i29,2016-03-25,2016-03-26,2016-06-23,20.145263673424445,14.622222222222222,18.34847859269718,1.6421126533978427,90,0.0007581710815429688
ETS,5,s1_i29,2016-03-25,2016-03-26,2016-06-23,17.857264797920283,12.9575235010096,15.339684135664633,1.4551627635210487,90,0.14865708351135254
SARIMA,5,s1_i29,2016-03-25,2016-03-26,2016-06-23,18.023930843422036,13.066040401791648,15.458925938801693,1.4673494867956343,90,3.2125439643859863
Prophet,5,s1_i29,2016-03-25,2016-03-26,2016-06-23,10.222356540919542,7.685277044313975,9.625901078546537,0.8630761102889328,90,0.14453816413879395
LightGBM,5,s1_i29,2016-03-25,2016-03-26,2016-06-23,10.056185829742008,7.396390540324397,9.125756430217752,0.8306334229608601,90,0.12926983833312988
Naive,5,s1_i30,2016-03-25,2016-03-26,2016-06-23,20.187891110138533,8.744444444444444,11.239315914334922,1.3061547601937111,90,0.0010352134704589844
SeasonalNaive,5,s1_i30,2016-03-25,2016-03-26,2016-06-23,24.369611649367656,9.71111111111111,11.93687098400954,1.4505454388936512,90,0.0010561943054199219
ETS,5,s1_i30,2016-03-25,2016-03-26,2016-06-23,17.25325639237863,7.498699127332163,9.785046324007086,1.1200781962366961,90,0.1276252269744873
SARIMA,5,s1_i30,2016-03-25,2016-03-26,2016-06-23,17.220086502063683,7.485980783291412,9.772603675107757,1.1181784614146444,90,3.1846508979797363
Prophet,5,s1_i30,2016-03-25,2016-03-26,2016-06-23,13.695285917372658,5.996803716162857,7.662715736049538,0.895740577869391,90,0.14480113983154297
LightGBM,5,s1_i30,2016-03-25,2016-03-26,2016-06-23,12.909075513544938,5.608206193080198,6.865005477218488,0.8376958950083351,90,0.13160085678100586
Naive,5,s1_i31,2016-03-25,2016-03-26,2016-06-23,13.924797142356024,8.755555555555556,10.570398920255249,1.0739586599819004,90,0.0010101795196533203
SeasonalNaive,5,s1_i31,2016-03-25,2016-03-26,2016-06-23,20.3851215312215,11.877777777777778,14.096098751072937,1.4569312278180857,90,0.000782012939453125
ETS,5,s1_i31,2016-03-25,2016-03-26,2016-06-23,19.120649218133398,11.44712056988195,13.476041921823832,1.4041067057225254,90,0.12012505531311035
SARIMA,5,s1_i31,2016-03-25,2016-03-26,2016-06-23,19.33937839303717,11.561675797982598,13.588335464295964,1.4181580789888202,90,3.837923765182495
Prophet,5,s1_i31,2016-03-25,2016-03-26,2016-06-23,10.510470477759466,6.597151196827365,7.861645910563459,0.8092082351698524,90,0.15148210525512695
LightGBM,5,s1_i31,2016-03-25,2016-03-26,2016-06-23,10.554549872859036,6.559501312359097,7.963579604971959,0.8045900908139115,90,0.1320648193359375
Naive,5,s1_i32,2016-03-25,2016-03-26,2016-06-23,17.242979244085895,8.144444444444444,9.97162641364654,1.1392121788691911,90,0.0013918876647949219
SeasonalNaive,5,s1_i32,2016-03-25,2016-03-26,2016-06-23,25.480660080506485,10.755555555555556,12.995725793078618,1.5044439142501735,90,0.0009829998016357422
ETS,5,s1_i32,2016-03-25,2016-03-26,2016-06-23,17.629567932836906,8.228098444635132,10.319782308946664,1.1509133644415679,90,0.12472987174987793
SARIMA,5,s1_i32,2016-03-25,2016-03-26,2016-06-23,17.947006519188026,8.34909910639066,10.437618120850152,1.167838451040588,90,3.1952550411224365
Prophet,5,s1_i32,2016-03-25,2016-03-26,2016-06-23,12.615351153944859,5.9385081344941275,7.419262614801619,0.8306546673965244,90,0.14959430694580078
LightGBM,5,s1_i32,2016-03-25,2016-03-26,2016-06-23,11.712274646100518,5.466385770889211,6.992239593937524,0.7646160873308072,90,0.12586212158203125
Naive,5,s1_i33,2016-03-25,2016-03-26,2016-06-23,36.885177298340075,24.344444444444445,27.570314148051022,2.6737858923405415,90,0.0011370182037353516
SeasonalNaive,5,s1_i33,2016-03-25,2016-03-26,2016-06-23,25.33631424874635,17.3,20.068493826006087,1.9000842694542326,90,0.00115203857421875
ETS,5,s1_i33,2016-03-25,2016-03-26,2016-06-23,22.71943326452583,15.850701096727473,18.227973330045486,1.7409056539718393,90,0.0958096981048584
SARIMA,5,s1_i33,2016-03-25,2016-03-26,2016-06-23,22.803881321318244,15.899159307228718,18.276835995857695,1.7462278900122623,90,3.643397092819214
Prophet,5,s1_i33,2016-03-25,2016-03-26,2016-06-23,9.441254148596759,7.0817252793430345,9.246801044773687,0.7777962314379236,90,0.15664410591125488
LightGBM,5,s1_i33,2016-03-25,2016-03-26,2016-06-23,8.943187841179776,6.719683704982442,9.098036490368383,0.7380326765054955,90,0.12587475776672363
Naive,5,s1_i34,2016-03-25,2016-03-26,2016-06-23,19.906849148299465,5.444444444444445,6.774133810967191,1.014508869284085,90,0.0011508464813232422
SeasonalNaive,5,s1_i34,2016-03-25,2016-03-26,2016-06-23,33.408922567438395,8.28888888888889,10.54197957374863,1.5445379928284233,90,0.0008392333984375
ETS,5,s1_i34,2016-03-25,2016-03-26,2016-06-23,23.105303840858912,6.168223328875253,7.670682397962702,1.1493766423228677,90,0.13981986045837402
SARIMA,5,s1_i34,2016-03-25,2016-03-26,2016-06-23,22.875804285224774,6.114468018763946,7.608094289369888,1.139359965794065,90,3.1032140254974365
Prophet,5,s1_i34,2016-03-25,2016-03-26,2016-06-23,15.846268737676583,4.327173553085009,5.303409939065501,0.8063184395270697,90,0.18887019157409668
LightGBM,5,s1_i34,2016-03-25,2016-03-26,2016-06-23,16.441406384757734,4.496319010918474,5.5005198609386055,0.8378367273748352,90,0.12488102912902832
Naive,5,s1_i35,2016-03-25,2016-03-26,2016-06-23,37.676656901149286,24.244444444444444,27.82205360261292,2.7837444528257635,90,0.001293182373046875
SeasonalNaive,5,s1_i35,2016-03-25,2016-03-26,2016-06-23,31.81429957600849,20.544444444444444,23.495862519932217,2.3589108585127576,90,0.0008342266082763672
ETS,5,s1_i35,2016-03-25,2016-03-26,2016-06-23,28.74664928472163,19.012844948754942,21.677350578746523,2.1830527723501203,90,0.09364509582519531
SARIMA,5,s1_i35,2016-03-25,2016-03-26,2016-06-23,28.816285641253447,19.051929818386693,21.71888988750419,2.187540492795772,90,4.812017917633057
Prophet,5,s1_i35,2016-03-25,2016-03-26,2016-06-23,12.781064580450732,9.290417711006116,11.748714413991937,1.0667247429286322,90,0.1765739917755127
LightGBM,5,s1_i35,2016-03-25,2016-03-26,2016-06-23,12.230795839269621,8.701467970781598,11.05405123588773,0.999101598331526,90,0.12027215957641602
Naive,5,s1_i36,2016-03-25,2016-03-26,2016-06-23,19.53488783173719,15.9,19.386421364793794,1.7713648017781545,90,0.0008461475372314453
SeasonalNaive,5,s1_i36,2016-03-25,2016-03-26,2016-06-23,22.596139835920287,17.166666666666668,20.1833264519669,1.9124798174334372,90,0.0008938312530517578
ETS,5,s1_i36,2016-03-25,2016-03-26,2016-06-23,19.781806746788515,15.792762166563863,18.874100808978344,1.7594178002959078,90,0.16767501831054688
SARIMA,5,s1_i36,2016-03-25,2016-03-26,2016-06-23,20.80077489319686,16.44513455698873,19.409746485916074,1.8320963845758125,90,3.0577640533447266
Prophet,5,s1_i36,2016-03-25,2016-03-26,2016-06-23,10.28333733394836,8.565333708709954,10.695834525633089,0.9542346318926258,90,0.16376805305480957
LightGBM,5,s1_i36,2016-03-25,2016-03-26,2016-06-23,10.054449088623382,8.3525771882664,10.470243925352667,0.9305321531717136,90,0.12427616119384766
Naive,5,s1_i37,2016-03-25,2016-03-26,2016-06-23,58.87491459359539,15.1,16.59752324227256,2.607434122912039,90,0.0010769367218017578
SeasonalNaive,5,s1_i37,2016-03-25,2016-03-26,2016-06-23,33.25849256993766,9.255555555555556,11.463468546260817,1.5982285683485862,90,0.0009868144989013672
ETS,5,s1_i37,2016-03-25,2016-03-26,2016-06-23,28.17445580205662,8.235677071142165,9.641229306809342,1.422118239773534,90,0.1367800235748291
SARIMA,5,s1_i37,2016-03-25,2016-03-26,2016-06-23,29.219162367729645,8.485614912256217,9.884709776282655,1.465276945437623,90,3.1104447841644287
Prophet,5,s1_i37,2016-03-25,2016-03-26,2016-06-23,15.767578388739926,4.8252339427954585,6.026732121132375,0.8332105717535282,90,0.1359729766845703
LightGBM,5,s1_i37,2016-03-25,2016-03-26,2016-06-23,18.11448020837308,5.514808329333477,6.769828059449542,0.9522847297499101,90,0.1365659236907959
Naive,5,s1_i38,2016-03-25,2016-03-26,2016-06-23,35.25585976820345,27.08888888888889,30.795021242618642,2.758269675645071,90,0.001238107681274414
SeasonalNaive,5,s1_i38,2016-03-25,2016-03-26,2016-06-23,26.980166797990186,20.988888888888887,24.20445321744649,2.1371498840416483,90,0.0008409023284912109
ETS,5,s1_i38,2016-03-25,2016-03-26,2016-06-23,24.025926457643834,19.137729890872297,21.763835588975496,1.9486594756690474,90,0.1546468734741211
SARIMA,5,s1_i38,2016-03-25,2016-03-26,2016-06-23,24.248748116285306,19.289492940647587,21.93081550154421,1.9641124320378225,90,3.327112913131714
Prophet,5,s1_i38,2016-03-25,2016-03-26,2016-06-23,8.114337121858457,7.131604967992773,8.843714800026124,0.7261608182815743,90,0.1579420566558838
LightGBM,5,s1_i38,2016-03-25,2016-03-26,2016-06-23,8.380821154125204,7.1704494343086616,8.970274742775509,0.7301160751378154,90,0.12310290336608887
Naive,5,s1_i39,2016-03-25,2016-03-26,2016-06-23,22.055860588997895,11.2,13.310814316854465,1.5658641237381692,90,0.0011992454528808594
SeasonalNaive,5,s1_i39,2016-03-25,2016-03-26,2016-06-23,26.209169718251623,11.233333333333333,14.060583202698243,1.570524433630247,90,0.0013000965118408203
ETS,5,s1_i39,2016-03-25,2016-03-26,2016-06-23,16.59701582213031,8.079959535887271,10.37045804817298,1.1296534605805346,90,0.12117385864257812
SARIMA,5,s1_i39,2016-03-25,2016-03-26,2016-06-23,16.522918771993815,8.045668080980265,10.32569150916721,1.1248591963850287,90,3.0203120708465576
Prophet,5,s1_i39,2016-03-25,2016-03-26,2016-06-23,11.6970200441682,5.832491844441304,7.694031517084851,0.815436583143402,90,0.1710669994354248
LightGBM,5,s1_i39,2016-03-25,2016-03-26,2016-06-23,10.693915740667908,5.3883785164540505,7.239332539716958,0.7533454110747231,90,0.12353825569152832
Naive,5,s1_i40,2016-03-25,2016-03-26,2016-06-23,17.606080728015925,5.433333333333334,6.854844191437825,0.9624433704124212,90,0.001013040542602539
SeasonalNaive,5,s1_i40,2016-03-25,2016-03-26,2016-06-23,21.99864100781386,6.588888888888889,8.011796857689845,1.167134802974572,90,0.0008220672607421875
ETS,5,s1_i40,2016-03-25,2016-03-26,2016-06-23,21.66900158469323,6.527585553408836,7.922725370435084,1.1562757252782019,90,0.08745312690734863
SARIMA,5,s1_i40,2016-03-25,2016-03-26,2016-06-23,21.80358085836507,6.5638296022352485,7.959065772540158,1.162695880709469,90,3.242351770401001
Prophet,5,s1_i40,2016-03-25,2016-03-26,2016-06-23,14.306474089191894,4.3793700761399705,5.4359881794066345,0.775747674177323,90,0.16354107856750488
LightGBM,5,s1_i40,2016-03-25,2016-03-26,2016-06-23,16.076089620566506,4.910504198803626,6.031138374690833,0.8698310818750138,90,0.1231698989868164
Naive,5,s1_i41,2016-03-25,2016-03-26,2016-06-23,20.16305732679793,4.611111111111111,6.024948132556827,0.9348139184647072,90,0.0010089874267578125
SeasonalNaive,5,s1_i41,2016-03-25,2016-03-26,2016-06-23,23.43480489668991,5.133333333333334,6.4635731432217725,1.0406844104354092,90,0.0008230209350585938
ETS,5,s1_i41,2016-03-25,2016-03-26,2016-06-23,21.267675720473182,4.7937198138489885,6.000143023554961,0.9718343139483064,90,0.1301860809326172
SARIMA,5,s1_i41,2016-03-25,2016-03-26,2016-06-23,21.344734504721742,4.800524871860465,6.004345968035226,0.97321390832194,90,3.2002999782562256
Prophet,5,s1_i41,2016-03-25,2016-03-26,2016-06-23,16.921190182847994,3.7991719327226035,4.99225641126052,0.7702088966782161,90,0.16209006309509277
LightGBM,5,s1_i41,2016-03-25,2016-03-26,2016-06-23,16.50856413843984,3.715257620561266,4.8336119407915845,0.7531968869745704,90,0.12752604484558105
Naive,5,s1_i42,2016-03-25,2016-03-26,2016-06-23,15.582761426427783,6.133333333333334,7.57334507041344,1.0062097900447156,90,0.0010030269622802734
SeasonalNaive,5,s1_i42,2016-03-25,2016-03-26,2016-06-23,16.657400930415285,6.511111111111111,8.139069015830032,1.0681864800112377,90,0.0008089542388916016
ETS,5,s1_i42,2016-03-25,2016-03-26,2016-06-23,15.946252634083505,6.194650707044204,7.554539826365815,1.016269269674233,90,0.13051295280456543
SARIMA,5,s1_i42,2016-03-25,2016-03-26,2016-06-23,16.349654247211216,6.339669883067209,7.714900359566565,1.0400605274989994,90,3.282536745071411
Prophet,5,s1_i42,2016-03-25,2016-03-26,2016-06-23,12.753311041868026,4.985034610978149,6.0910648317462455,0.817824559121407,90,0.16770195960998535
LightGBM,5,s1_i42,2016-03-25,2016-03-26,2016-06-23,12.24656032805668,4.734428926519752,5.853680714955098,0.7767112069785436,90,0.12037801742553711
Naive,5,s1_i43,2016-03-25,2016-03-26,2016-06-23,24.95428113176196,13.21111111111111,16.236789502033133,1.7921398555835726,90,0.0013620853424072266
SeasonalNaive,5,s1_i43,2016-03-25,2016-03-26,2016-06-23,29.262479159118975,14.4,17.273615075535805,1.953417369921203,90,0.0015647411346435547
ETS,5,s1_i43,2016-03-25,2016-03-26,2016-06-23,24.217145310384012,12.628072960652705,15.012547226757208,1.7130484076368935,90,0.1507880687713623
SARIMA,5,s1_i43,2016-03-25,2016-03-26,2016-06-23,24.134395722799127,12.591165246947728,14.97280542198353,1.7080417292316585,90,3.0943081378936768
Prophet,5,s1_i43,2016-03-25,2016-03-26,2016-06-23,11.931980987931059,6.602026351029065,8.260397405316562,0.8955911771373384,90,0.1445178985595703
LightGBM,5,s1_i43,2016-03-25,2016-03-26,2016-06-23,11.622515896521344,6.377361830545318,8.03598656860249,0.8651145398652572,90,0.12802624702453613
Naive,5,s1_i44,2016-03-25,2016-03-26,2016-06-23,18.017191108215258,5.711111111111111,6.98729004852541,0.9824216647867653,90,0.0008401870727539062
SeasonalNaive,5,s1_i44,2016-03-25,2016-03-26,2016-06-23,22.590699469664244,6.933333333333334,8.613942186943213,1.1926675463559175,90,0.0006649494171142578
ETS,5,s1_i44,2016-03-25,2016-03-26,2016-06-23,21.020420645467354,6.495234058636088,8.166561676529659,1.117305990536667,90,0.11561179161071777
SARIMA,5,s1_i44,2016-03-25,2016-03-26,2016-06-23,20.711689929288355,6.411248397270808,8.074346356601374,1.102858831017012,90,3.300934076309204
Prophet,5,s1_i44,2016-03-25,2016-03-26,2016-06-23,14.941840700036083,4.761680369801038,6.149695217341648,0.8191011985358281,90,0.15689802169799805
LightGBM,5,s1_i44,2016-03-25,2016-03-26,2016-06-23,15.947582899105656,5.040286508666052,6.4900590131966585,0.8670268475800348,90,0.12373590469360352
Naive,5,s1_i45,2016-03-25,2016-03-26,2016-06-23,20.903566914611886,17.822222222222223,22.650484419641987,1.8546368580989334,90,0.0009810924530029297
SeasonalNaive,5,s1_i45,2016-03-25,2016-03-26,2016-06-23,26.42322503689375,20.511111111111113,24.23037579384833,2.1344511471637353,90,0.0007848739624023438
ETS,5,s1_i45,2016-03-25,2016-03-26,2016-06-23,23.495838456775754,19.17328518012733,22.479962088282207,1.9952327460919934,90,0.1790621280670166
SARIMA,5,s1_i45,2016-03-25,2016-03-26,2016-06-23,25.21429430125957,20.33277326257089,23.564396968491373,2.115892746142096,90,3.1175198554992676
Prophet,5,s1_i45,2016-03-25,2016-03-26,2016-06-23,10.627001287032817,9.384974189978697,11.928711014678575,0.9766301209811412,90,0.15378189086914062
LightGBM,5,s1_i45,2016-03-25,2016-03-26,2016-06-23,10.13436499702619,8.820409659888108,11.201548109136832,0.917879748932938,90,0.1182701587677002
Naive,5,s1_i46,2016-03-25,2016-03-26,2016-06-23,23.651289454310895,14.3,17.55467648994611,1.7186372948754138,90,0.0009980201721191406
SeasonalNaive,5,s1_i46,2016-03-25,2016-03-26,2016-06-23,21.324763811796586,12.911111111111111,16.17886138007108,1.551714480687825,90,0.0009100437164306641
ETS,5,s1_i46,2016-03-25,2016-03-26,2016-06-23,19.74893276934744,12.007208072241687,14.78973767511256,1.4430794126072506,90,0.11447286605834961
SARIMA,5,s1_i46,2016-03-25,2016-03-26,2016-06-23,19.5466732620904,11.899805967835796,14.672654825248275,1.4301713523149382,90,3.6512298583984375
Prophet,5,s1_i46,2016-03-25,2016-03-26,2016-06-23,11.134823218790869,7.086828943558538,9.158008414021984,0.8517264702658902,90,0.14722990989685059
LightGBM,5,s1_i46,2016-03-25,2016-03-26,2016-06-23,11.193834530927333,7.129738532361812,9.074775919085246,0.8568835345753362,90,0.10621809959411621
Naive,5,s1_i47,2016-03-25,2016-03-26,2016-06-23,36.374986610122384,7.477777777777778,9.081727686832378,1.5838630067669668,90,0.0009860992431640625
SeasonalNaive,5,s1_i47,2016-03-25,2016-03-26,2016-06-23,32.75598247049874,6.722222222222222,8.16292431260595,1.4238293002882838,90,0.0007989406585693359
ETS,5,s1_i47,2016-03-25,2016-03-26,2016-06-23,24.671913851048647,5.27454854678468,6.416695695504287,1.117198527278432,90,0.11026406288146973
SARIMA,5,s1_i47,2016-03-25,2016-03-26,2016-06-23,24.50356365491718,5.240562081656955,6.377029677480137,1.1099998772989488,90,3.6780569553375244
Prophet,5,s1_i47,2016-03-25,2016-03-26,2016-06-23,20.21170312179447,4.321704570466626,5.450211485282287,0.9153772950674639,90,0.13240599632263184
LightGBM,5,s1_i47,2016-03-25,2016-03-26,2016-06-23,20.912546361445717,4.470357178423406,5.438850806743308,0.9468633024882601,90,0.09520506858825684
Naive,5,s1_i48,2016-03-25,2016-03-26,2016-06-23,19.27892904398287,10.544444444444444,13.381994536606932,1.3609851817492185,90,0.0009741783142089844
SeasonalNaive,5,s1_i48,2016-03-25,2016-03-26,2016-06-23,19.81661677735741,10.38888888888889,13.08391718442489,1.3409074235358476,90,0.0008008480072021484
ETS,5,s1_i48,2016-03-25,2016-03-26,2016-06-23,18.128664172989385,9.595089051413352,11.656134614650336,1.2384506443502594,90,0.12414693832397461
SARIMA,5,s1_i48,2016-03-25,2016-03-26,2016-06-23,18.10020971483254,9.579804101547971,11.643533611302955,1.2364777959578985,90,3.1018431186676025
Prophet,5,s1_i48,2016-03-25,2016-03-26,2016-06-23,13.750084731197004,7.2839289697765945,9.035248874165427,0.9401462016334896,90,0.11950206756591797
LightGBM,5,s1_i48,2016-03-25,2016-03-26,2016-06-23,13.070718885452983,6.913689270241621,8.643937420155451,0.8923588812661404,90,0.0935969352722168
Naive,5,s1_i49,2016-03-25,2016-03-26,2016-06-23,26.206887576113537,7.944444444444445,9.799659858042693,1.476835710237877,90,0.0009541511535644531
SeasonalNaive,5,s1_i49,2016-03-25,2016-03-26,2016-06-23,32.371899055677204,9.366666666666667,11.204661728247062,1.741220284937805,90,0.0008115768432617188
ETS,5,s1_i49,2016-03-25,2016-03-26,2016-06-23,26.339575980277104,7.830005264639159,9.407908485880169,1.455561992664716,90,0.11410307884216309
SARIMA,5,s1_i49,2016-03-25,2016-03-26,2016-06-23,26.59957831652287,7.89277146830453,9.467463753063452,1.4672299414580272,90,2.849802017211914
Prophet,5,s1_i49,2016-03-25,2016-03-26,2016-06-23,14.561104354879284,4.586949293208068,5.834174134097967,0.8526927923823859,90,0.11876201629638672
LightGBM,5,s1_i49,2016-03-25,2016-03-26,2016-06-23,17.20559098076458,5.367307497031386,6.6688222620000115,0.9977577960138583,90,0.08678793907165527
Naive,5,s1_i50,2016-03-25,2016-03-26,2016-06-23,27.320461524504484,18.2,21.343747458109494,2.0366914708653847,90,0.0010449886322021484
SeasonalNaive,5,s1_i50,2016-03-25,2016-03-26,2016-06-23,26.671823543502143,17.511111111111113,20.582624819114894,1.9596005849107732,90,0.0008289813995361328
ETS,5,s1_i50,2016-03-25,2016-03-26,2016-06-23,23.092775130084803,15.430330668054207,18.32030519532612,1.7267485090251966,90,0.16510295867919922
SARIMA,5,s1_i50,2016-03-25,2016-03-26,2016-06-23,23.0306312300874,15.39420421230808,18.28408118940081,1.7227057373608705,90,3.1508278846740723
Prophet,5,s1_i50,2016-03-25,2016-03-26,2016-06-23,10.710704745564483,7.605948042957355,9.445210473927359,0.8511521707107972,90,0.09857010841369629
LightGBM,5,s1_i50,2016-03-25,2016-03-26,2016-06-23,10.668959274180358,7.5116963852114145,9.370156659325724,0.8406048329390345,90,0.07687616348266602
Naive,6,s1_i1,2016-06-23,2016-06-24,2016-09-21,21.942626893245905,5.488888888888889,6.795423296438403,1.1714205247021228,90,0.0007498264312744141
SeasonalNaive,6,s1_i1,2016-06-23,2016-06-24,2016-09-21,20.766372036576094,5.066666666666666,6.333333333333334,1.0813112535711902,90,0.0005078315734863281
ETS,6,s1_i1,2016-06-23,2016-06-24,2016-09-21,18.248112843349244,4.572377638380859,5.570637507866456,0.975821722886543,90,0.10316634178161621
SARIMA,6,s1_i1,2016-06-23,2016-06-24,2016-09-21,18.2853945222117,4.583578225552221,5.583528381189857,0.9782121151802927,90,2.7119271755218506
Prophet,6,s1_i1,2016-06-23,2016-06-24,2016-09-21,16.599580122537617,4.0965532818230805,4.896889574191822,0.8742728614123595,90,0.1683351993560791
LightGBM,6,s1_i1,2016-06-23,2016-06-24,2016-09-21,16.42856372118249,4.053009669281595,4.941567806680203,0.8649799275448098,90,0.113037109375
Naive,6,s1_i2,2016-06-23,2016-06-24,2016-09-21,21.976185912784103,15.477777777777778,17.993517351164744,1.8510021144773712,90,0.0007569789886474609
SeasonalNaive,6,s1_i2,2016-06-23,2016-06-24,2016-09-21,16.16155767166991,11.622222222222222,14.573186946504796,1.3899125712443146,90,0.0005588531494140625
ETS,6,s1_i2,2016-06-23,2016-06-24,2016-09-21,14.771703208927493,10.036958231964974,12.170839793208932,1.200329348116253,90,0.13118529319763184
SARIMA,6,s1_i2,2016-06-23,2016-06-24,2016-09-21,16.42297561647862,11.288056774372327,13.79298929060096,1.349949408609721,90,2.917933940887451
Prophet,6,s1_i2,2016-06-23,2016-06-24,2016-09-21,10.966806805316335,7.568670164608312,9.614459032902037,0.9051444386665184,90,0.16822099685668945
LightGBM,6,s1_i2,2016-06-23,2016-06-24,2016-09-21,9.970009416143565,6.760767752618754,8.119619217601443,0.8085266234765948,90,0.11913895606994629
Naive,6,s1_i3,2016-06-23,2016-06-24,2016-09-21,19.204484521622977,8.011111111111111,9.81665251838256,1.2095676427741362,90,0.0007550716400146484
SeasonalNaive,6,s1_i3,2016-06-23,2016-06-24,2016-09-21,15.394457770189812,6.322222222222222,7.891627067834476,0.9545686390270228,90,0.0005359649658203125
ETS,6,s1_i3,2016-06-23,2016-06-24,2016-09-21,15.069209488455638,6.1778741058294715,7.712650536205209,0.9327740579180548,90,0.07605099678039551
SARIMA,6,s1_i3,2016-06-23,2016-06-24,2016-09-21,15.385410726310633,6.323107356500957,7.845107717685868,0.9547022821344793,90,3.2954506874084473
Prophet,6,s1_i3,2016-06-23,2016-06-24,2016-09-21,12.450981101671468,5.075222372323242,6.77023801830337,0.7662888051735124,90,0.1598200798034668
LightGBM,6,s1_i3,2016-06-23,2016-06-24,2016-09-21,12.280999005756685,5.002208677242356,6.591173787237228,0.7552647409926115,90,0.12323117256164551
Naive,6,s1_i4,2016-06-23,2016-06-24,2016-09-21,34.634262715663475,9.511111111111111,11.060440015358038,1.922620571527699,90,0.0006990432739257812
SeasonalNaive,6,s1_i4,2016-06-23,2016-06-24,2016-09-21,21.257027995906192,5.344444444444444,6.786424357167444,1.0803510454495597,90,0.0005290508270263672
ETS,6,s1_i4,2016-06-23,2016-06-24,2016-09-21,21.624514810336194,5.324785710378629,6.323793828381744,1.0763771368195814,90,0.10488009452819824
SARIMA,6,s1_i4,2016-06-23,2016-06-24,2016-09-21,21.611124280554527,5.321156344650377,6.32219178507835,1.0756434798231256,90,2.9358911514282227
Prophet,6,s1_i4,2016-06-23,2016-06-24,2016-09-21,19.249810640462876,4.703566414287432,5.746139247730964,0.9508009571133428,90,0.16845011711120605
LightGBM,6,s1_i4,2016-06-23,2016-06-24,2016-09-21,19.462886310006866,4.754571970922871,5.720898009339493,0.9611114593568666,90,0.12482094764709473
Naive,6,s1_i5,2016-06-23,2016-06-24,2016-09-21,79.36666793953442,12.755555555555556,13.83795103651147,2.865066096931903,90,0.0007250308990478516
SeasonalNaive,6,s1_i5,2016-06-23,2016-06-24,2016-09-21,30.274155460997456,5.8,7.495183638696105,1.3027565353645063,90,0.00057220458984375
ETS,6,s1_i5,2016-06-23,2016-06-24,2016-09-21,18.315667725138436,3.946164890321792,4.994648633224103,0.8863607069814956,90,0.06681585311889648
SARIMA,6,s1_i5,2016-06-23,2016-06-24,2016-09-21,18.34487970297606,3.9516856120520956,4.998686423528224,0.8876007339321994,90,3.095165252685547
Prophet,6,s1_i5,2016-06-23,2016-06-24,2016-09-21,17.76383897409839,3.8258899338705494,4.782642425632325,0.8593453646439891,90,0.14058208465576172
LightGBM,6,s1_i5,2016-06-23,2016-06-24,2016-09-21,18.37348409860253,3.961047014711072,4.8071729821998685,0.889703428500158,90,0.11798906326293945
Naive,6,s1_i6,2016-06-23,2016-06-24,2016-09-21,15.43331941250125,10.38888888888889,13.137309042908631,1.2185333084256742,90,0.0007290840148925781
SeasonalNaive,6,s1_i6,2016-06-23,2016-06-24,2016-09-21,13.822846618522359,9.311111111111112,11.899579824514813,1.0921186229526363,90,0.0005710124969482422
ETS,6,s1_i6,2016-06-23,2016-06-24,2016-09-21,12.365399801965303,8.268863310547102,10.215184280284687,0.9698713187217721,90,0.10087418556213379
SARIMA,6,s1_i6,2016-06-23,2016-06-24,2016-09-21,12.417787324222017,8.3075273213145,10.243930849386565,0.9744062969529661,90,3.375649929046631
Prophet,6,s1_i6,2016-06-23,2016-06-24,2016-09-21,10.94404215880133,7.372211731525586,9.352620954589852,0.8647012830446412,90,0.14923906326293945
LightGBM,6,s1_i6,2016-06-23,2016-06-24,2016-09-21,10.036801510389765,6.692132175225383,8.855570988587111,0.7849334079047443,90,0.13338613510131836
Naive,6,s1_i7,2016-06-23,2016-06-24,2016-09-21,17.21876787752129,11.5,13.807003054006083,1.4245292269714416,90,0.000713348388671875
SeasonalNaive,6,s1_i7,2016-06-23,2016-06-24,2016-09-21,15.738809494287628,10.322222222222223,13.077971300371221,1.2786354124217094,90,0.0005481243133544922
ETS,6,s1_i7,2016-06-23,2016-06-24,2016-09-21,13.58435442637016,9.07083687699877,11.430409059343797,1.123623673423922,90,0.16884803771972656
SARIMA,6,s1_i7,2016-06-23,2016-06-24,2016-09-21,13.656941399879555,9.122055003124958,11.50248126416237,1.1299681706080493,90,2.9628050327301025
Prophet,6,s1_i7,2016-06-23,2016-06-24,2016-09-21,10.182201380497006,6.7406295291010725,8.934118135385953,0.8349759802079324,90,0.16556596755981445
LightGBM,6,s1_i7,2016-06-23,2016-06-24,2016-09-21,10.153895426987182,6.675863462992078,8.65868156457264,0.8269532711567823,90,0.12091970443725586
Naive,6,s1_i8,2016-06-23,2016-06-24,2016-09-21,15.038528439480025,12.911111111111111,16.24807680927192,1.3669824236404422,90,0.0007472038269042969
SeasonalNaive,6,s1_i8,2016-06-23,2016-06-24,2016-09-21,14.922692022948905,13.133333333333333,16.42626622888544,1.3905105204328765,90,0.0005540847778320312
ETS,6,s1_i8,2016-06-23,2016-06-24,2016-09-21,13.802053738883382,11.904039935124645,14.156471008110222,1.2603573171657805,90,0.12660574913024902
SARIMA,6,s1_i8,2016-06-23,2016-06-24,2016-09-21,14.232017746438249,12.321460440093857,14.705520606216357,1.3045523123640617,90,3.1294660568237305
Prophet,6,s1_i8,2016-06-23,2016-06-24,2016-09-21,10.960030173428834,9.40223128595084,10.892222212528177,0.9954747349231811,90,0.15839576721191406
LightGBM,6,s1_i8,2016-06-23,2016-06-24,2016-09-21,9.668201079452919,8.275788857398869,10.025933892496987,0.8762110257178403,90,0.12619400024414062
Naive,6,s1_i9,2016-06-23,2016-06-24,2016-09-21,18.86580692193178,11.455555555555556,13.994046353122222,1.485458589814223,90,0.0010180473327636719
SeasonalNaive,6,s1_i9,2016-06-23,2016-06-24,2016-09-21,17.021405181659382,9.722222222222221,12.088102507102686,1.2606947294737585,90,0.0010890960693359375
ETS,6,s1_i9,2016-06-23,2016-06-24,2016-09-21,13.176436607611922,7.808093388993804,9.629561813217446,1.012486853082177,90,0.14914679527282715
SARIMA,6,s1_i9,2016-06-23,2016-06-24,2016-09-21,13.396437528138987,7.936655920827934,9.70901587444043,1.0291577440149748,90,3.431558132171631
Prophet,6,s1_i9,2016-06-23,2016-06-24,2016-09-21,12.658244419051432,7.419813914052105,9.28499795532874,0.9621380874982164,90,0.16172313690185547
LightGBM,6,s1_i9,2016-06-23,2016-06-24,2016-09-21,12.244531978066782,7.15826020529908,8.927537463041462,0.9282220367680075,90,0.1313321590423584
Naive,6,s1_i10,2016-06-23,2016-06-24,2016-09-21,15.406705167983937,12.644444444444444,15.666666666666668,1.3264064228951895,90,0.0008058547973632812
SeasonalNaive,6,s1_i10,2016-06-23,2016-06-24,2016-09-21,12.937321883723966,10.61111111111111,13.436682791688002,1.1131090807248734,90,0.0005960464477539062
ETS,6,s1_i10,2016-06-23,2016-06-24,2016-09-21,12.934507310583648,10.571386040259192,12.871566213758774,1.1089419075952462,90,0.11149907112121582
SARIMA,6,s1_i10,2016-06-23,2016-06-24,2016-09-21,13.011678283806827,10.629666715346609,12.929182048584021,1.1150555697736255,90,3.559699773788452
Prophet,6,s1_i10,2016-06-23,2016-06-24,2016-09-21,10.463250321162986,8.625466293339763,10.694112168830854,0.9048142796798454,90,0.15728425979614258
LightGBM,6,s1_i10,2016-06-23,2016-06-24,2016-09-21,9.934753529087295,8.123680609239717,10.089470735367005,0.852176794717065,90,0.11567425727844238
Naive,6,s1_i11,2016-06-23,2016-06-24,2016-09-21,16.268217917842115,12.922222222222222,16.273700664978858,1.4268898990089618,90,0.0007851123809814453
SeasonalNaive,6,s1_i11,2016-06-23,2016-06-24,2016-09-21,11.415767416185405,9.1,11.845768114488068,1.004834761210954,90,0.0007319450378417969
ETS,6,s1_i11,2016-06-23,2016-06-24,2016-09-21,12.423775492317448,9.84619920174654,12.05115710888048,1.087231123485986,90,0.13401103019714355
SARIMA,6,s1_i11,2016-06-23,2016-06-24,2016-09-21,12.476194245826363,9.882859725789338,12.093320869215482,1.0912792299609764,90,3.6182563304901123
Prophet,6,s1_i11,2016-06-23,2016-06-24,2016-09-21,10.014095228071263,8.022695264775573,10.244999610000148,0.8858772616097819,90,0.1555640697479248
LightGBM,6,s1_i11,2016-06-23,2016-06-24,2016-09-21,8.491693344083236,6.780121561958088,8.370433617970498,0.7486705308452085,90,0.13347506523132324
Naive,6,s1_i12,2016-06-23,2016-06-24,2016-09-21,14.85987357750513,12.122222222222222,14.66553025900454,1.3352840279940872,90,0.0008182525634765625
SeasonalNaive,6,s1_i12,2016-06-23,2016-06-24,2016-09-21,11.300513198070467,9.277777777777779,12.238827104297572,1.0219634861366296,90,0.0006189346313476562
ETS,6,s1_i12,2016-06-23,2016-06-24,2016-09-21,10.94341043609123,8.934809248502713,11.41792543710335,0.9841849014142596,90,0.15939712524414062
SARIMA,6,s1_i12,2016-06-23,2016-06-24,2016-09-21,11.772628462018615,9.619239419134743,12.229688589646205,1.0595760845132511,90,3.3022592067718506
Prophet,6,s1_i12,2016-06-23,2016-06-24,2016-09-21,10.388801592588607,8.415581314336388,10.557915053625399,0.9269910342609513,90,0.18619132041931152
LightGBM,6,s1_i12,2016-06-23,2016-06-24,2016-09-21,9.312759187914848,7.4763486159610135,8.926413152628616,0.8235329060630244,90,0.1300029754638672
Naive,6,s1_i13,2016-06-23,2016-06-24,2016-09-21,13.742148777246813,13.077777777777778,15.889549325823491,1.267728400624161,90,0.0018939971923828125
SeasonalNaive,6,s1_i13,2016-06-23,2016-06-24,2016-09-21,12.874094018013949,12.944444444444445,16.1730228054828,1.2548033871938382,90,0.0007317066192626953
ETS,6,s1_i13,2016-06-23,2016-06-24,2016-09-21,11.662197818203397,11.168049877362506,13.111666373543676,1.0826039599156894,90,0.09644389152526855
SARIMA,6,s1_i13,2016-06-23,2016-06-24,2016-09-21,12.34283786990197,11.884048909675586,13.856224567858032,1.1520111882312745,90,3.262085199356079
Prophet,6,s1_i13,2016-06-23,2016-06-24,2016-09-21,8.38539653115307,8.038835565549658,9.784723171504453,0.779265432366644,90,0.17046523094177246
LightGBM,6,s1_i13,2016-06-23,2016-06-24,2016-09-21,9.48382096916699,8.956275139209597,10.64102391627342,0.8681998234496265,90,0.13199877738952637
Naive,6,s1_i14,2016-06-23,2016-06-24,2016-09-21,14.853975033919967,10.0,12.934879632648736,1.1823628532584418,90,0.0009191036224365234
SeasonalNaive,6,s1_i14,2016-06-23,2016-06-24,2016-09-21,18.336469648425147,12.6,14.866068747318506,1.4897771951056367,90,0.0007369518280029297
ETS,6,s1_i14,2016-06-23,2016-06-24,2016-09-21,11.690810561673658,7.876205546747058,10.03742075035131,0.9312532863101817,90,0.11057806015014648
SARIMA,6,s1_i14,2016-06-23,2016-06-24,2016-09-21,11.684237042402218,7.871998557736025,10.038763525078194,0.9307558675571105,90,3.956598997116089
Prophet,6,s1_i14,2016-06-23,2016-06-24,2016-09-21,11.002561527962579,7.430152555063109,9.578842363286252,0.8785136375149919,90,0.15784907341003418
LightGBM,6,s1_i14,2016-06-23,2016-06-24,2016-09-21,10.941154885572688,7.463140849976217,9.684099298665394,0.8824140509647511,90,0.13289904594421387
Naive,6,s1_i15,2016-06-23,2016-06-24,2016-09-21,16.79395853615523,16.72222222222222,20.262444735684454,1.5285638463296005,90,0.0013959407806396484
SeasonalNaive,6,s1_i15,2016-06-23,2016-06-24,2016-09-21,12.042746624961778,11.822222222222223,14.21032488486218,1.0806590913586014,90,0.0008690357208251953
ETS,6,s1_i15,2016-06-23,2016-06-24,2016-09-21,13.43241019304679,13.19415632535964,15.831221034607783,1.2060663991753608,90,0.2593100070953369
SARIMA,6,s1_i15,2016-06-23,2016-06-24,2016-09-21,13.657130042477094,13.439878101126558,16.210746505934637,1.2285276138214671,90,3.90010404586792
Prophet,6,s1_i15,2016-06-23,2016-06-24,2016-09-21,10.57003275795889,10.478914837783762,12.306539685648618,0.957868527097858,90,0.17037272453308105
LightGBM,6,s1_i15,2016-06-23,2016-06-24,2016-09-21,11.306515642433926,11.182194314121663,13.000449162106166,1.0221546947560742,90,0.12810206413269043
Naive,6,s1_i16,2016-06-23,2016-06-24,2016-09-21,24.218380798120123,7.333333333333333,8.555699854482976,1.348965918773122,90,0.0009341239929199219
SeasonalNaive,6,s1_i16,2016-06-23,2016-06-24,2016-09-21,19.21167741241687,5.833333333333333,7.54615428178118,1.073041071751347,90,0.0009000301361083984
ETS,6,s1_i16,2016-06-23,2016-06-24,2016-09-21,16.50283231287497,4.804425283748183,6.000064558786053,0.8837735409638434,90,0.09638285636901855
SARIMA,6,s1_i16,2016-06-23,2016-06-24,2016-09-21,16.557040032758703,4.821541827807599,6.017938306604241,0.886922127497934,90,3.769120693206787
Prophet,6,s1_i16,2016-06-23,2016-06-24,2016-09-21,13.976883295982445,4.056345550924163,5.094583735676192,0.746164350404138,90,0.17223024368286133
LightGBM,6,s1_i16,2016-06-23,2016-06-24,2016-09-21,15.1437092850574,4.41980556529861,5.583203958062676,0.8130227829806723,90,0.1299607753753662
Naive,6,s1_i17,2016-06-23,2016-06-24,2016-09-21,23.020392890195673,8.78888888888889,11.239315914334922,1.4517874267372561,90,0.0010149478912353516
SeasonalNaive,6,s1_i17,2016-06-23,2016-06-24,2016-09-21,16.090643106043107,6.2555555555555555,7.897256907728574,1.0333202544286664,90,0.0007898807525634766
ETS,6,s1_i17,2016-06-23,2016-06-24,2016-09-21,14.735091563996802,5.742479315835949,7.0118731472599,0.9485680584230659,90,0.11886286735534668
SARIMA,6,s1_i17,2016-06-23,2016-06-24,2016-09-21,14.732296222509417,5.742579184655563,7.017211558108224,0.9485845551951235,90,3.8927009105682373
Prophet,6,s1_i17,2016-06-23,2016-06-24,2016-09-21,13.544755126126068,5.293428470705081,6.689388411671965,0.8743918594554225,90,0.1874098777770996
LightGBM,6,s1_i17,2016-06-23,2016-06-24,2016-09-21,13.004395070494907,5.047940341338005,6.199675371955685,0.833841047614015,90,0.13954472541809082
Naive,6,s1_i18,2016-06-23,2016-06-24,2016-09-21,15.882707617403133,15.377777777777778,18.365426455404975,1.5260574629846722,90,0.001077890396118164
SeasonalNaive,6,s1_i18,2016-06-23,2016-06-24,2016-09-21,12.338672835397215,11.9,14.995925372506285,1.1809303055322138,90,0.0012691020965576172
ETS,6,s1_i18,2016-06-23,2016-06-24,2016-09-21,12.300434778789091,11.83360839501439,14.061192466974424,1.1743417460061272,90,0.19895172119140625
SARIMA,6,s1_i18,2016-06-23,2016-06-24,2016-09-21,12.672927440685813,12.2175952442026,14.480495864616872,1.2124477718155544,90,3.305521011352539
Prophet,6,s1_i18,2016-06-23,2016-06-24,2016-09-21,9.24512829031368,9.015233257239666,11.382670916606983,0.8946522827660683,90,0.17845988273620605
LightGBM,6,s1_i18,2016-06-23,2016-06-24,2016-09-21,8.665384057934022,8.328332500609944,10.9637390406339,0.8264857348335435,90,0.13228893280029297
Naive,6,s1_i19,2016-06-23,2016-06-24,2016-09-21,28.59059378403785,12.7,15.171977092287245,1.7678937504427585,90,0.001107931137084961
SeasonalNaive,6,s1_i19,2016-06-23,2016-06-24,2016-09-21,17.272388288718982,7.988888888888889,9.588766575761683,1.1120871448541938,90,0.0008299350738525391
ETS,6,s1_i19,2016-06-23,2016-06-24,2016-09-21,13.90889045044974,6.539673007341547,8.064293788382653,0.910350160599868,90,0.15903401374816895
SARIMA,6,s1_i19,2016-06-23,2016-06-24,2016-09-21,13.9117524975996,6.541187606339081,8.064354227984424,0.9105609991905897,90,4.174809217453003
Prophet,6,s1_i19,2016-06-23,2016-06-24,2016-09-21,13.656592065204434,6.330827776089647,7.737848748639313,0.8812780205101035,90,0.15553593635559082
LightGBM,6,s1_i19,2016-06-23,2016-06-24,2016-09-21,13.83077512423895,6.353564515872881,7.811423032423908,0.8844430709170502,90,0.12334203720092773
Naive,6,s1_i20,2016-06-23,2016-06-24,2016-09-21,18.687325454374907,10.044444444444444,12.378296418418095,1.4014729707869282,90,0.0017828941345214844
SeasonalNaive,6,s1_i20,2016-06-23,2016-06-24,2016-09-21,17.133486384819147,9.077777777777778,10.974212196478312,1.2665967003682745,90,0.0010640621185302734
ETS,6,s1_i20,2016-06-23,2016-06-24,2016-09-21,12.521863965602073,6.7014602590416565,8.326346613685711,0.9350358269983056,90,0.10280299186706543
SARIMA,6,s1_i20,2016-06-23,2016-06-24,2016-09-21,12.565306915355237,6.72702166422764,8.344474132041311,0.9386023376860423,90,4.169399976730347
Prophet,6,s1_i20,2016-06-23,2016-06-24,2016-09-21,12.215791698300341,6.598477563407092,8.118195506495182,0.920666942269151,90,0.15391993522644043
LightGBM,6,s1_i20,2016-06-23,2016-06-24,2016-09-21,11.686753111502785,6.272472277863391,7.805248325542455,0.8751803453199415,90,0.13224196434020996
Naive,6,s1_i21,2016-06-23,2016-06-24,2016-09-21,23.306579692294406,11.11111111111111,12.934879632648736,1.6036262520063937,90,0.0012919902801513672
SeasonalNaive,6,s1_i21,2016-06-23,2016-06-24,2016-09-21,17.108056319775585,8.055555555555555,9.582971007643367,1.1626290327046356,90,0.0008120536804199219
ETS,6,s1_i21,2016-06-23,2016-06-24,2016-09-21,15.218148675526658,6.91873232671287,8.296188887919497,0.9985554710749833,90,0.1370401382446289
SARIMA,6,s1_i21,2016-06-23,2016-06-24,2016-09-21,16.283002684581028,7.475852231620893,8.83493566520212,1.0789625605273063,90,3.980497121810913
Prophet,6,s1_i21,2016-06-23,2016-06-24,2016-09-21,10.051432658032398,4.554702258752751,5.966894338991023,0.6573636100987856,90,0.1795976161956787
LightGBM,6,s1_i21,2016-06-23,2016-06-24,2016-09-21,10.434737994700754,4.761783770836995,6.180181601876768,0.6872509315162982,90,0.12598586082458496
Naive,6,s1_i22,2016-06-23,2016-06-24,2016-09-21,16.980781442294244,15.144444444444444,18.92411747538633,1.5121696048243705,90,0.0011620521545410156
SeasonalNaive,6,s1_i22,2016-06-23,2016-06-24,2016-09-21,15.689600713695537,14.744444444444444,18.26502425706331,1.4722296886294495,90,0.0012340545654296875
ETS,6,s1_i22,2016-06-23,2016-06-24,2016-09-21,11.497563451534148,10.354896938753361,12.725510704937397,1.0339342898521335,90,0.13887572288513184
SARIMA,6,s1_i22,2016-06-23,2016-06-24,2016-09-21,11.88968670137168,10.726245768097169,13.138992627660262,1.0710133926598178,90,3.663127899169922
Prophet,6,s1_i22,2016-06-23,2016-06-24,2016-09-21,9.40915999290731,8.447251528943022,10.86749735858295,0.8434562953585067,90,0.15015196800231934
LightGBM,6,s1_i22,2016-06-23,2016-06-24,2016-09-21,8.583855974112474,7.788975567720836,10.155436261053778,0.7777275785476437,90,0.13585925102233887
Naive,6,s1_i23,2016-06-23,2016-06-24,2016-09-21,35.85723803296895,10.9,13.061818828597765,1.8272763469195847,90,0.0009350776672363281
SeasonalNaive,6,s1_i23,2016-06-23,2016-06-24,2016-09-21,19.7564495778494,6.411111111111111,8.035338615557322,1.0747588707162083,90,0.0007569789886474609
ETS,6,s1_i23,2016-06-23,2016-06-24,2016-09-21,15.28494603336095,5.163868306486507,6.512460233295696,0.8656710472523382,90,0.06851792335510254
SARIMA,6,s1_i23,2016-06-23,2016-06-24,2016-09-21,15.17350689749811,5.123768604648761,6.484257106731442,0.8589487319599859,90,3.3685059547424316
Prophet,6,s1_i23,2016-06-23,2016-06-24,2016-09-21,13.6946188041922,4.642531884620377,5.910244905353304,0.7782741928978731,90,0.17910194396972656
LightGBM,6,s1_i23,2016-06-23,2016-06-24,2016-09-21,13.852271276163878,4.676146637516893,5.703780816026567,0.783909371143318,90,0.12596583366394043
Naive,6,s1_i24,2016-06-23,2016-06-24,2016-09-21,14.161653692566178,10.866666666666667,13.893243761707422,1.2127418925924105,90,0.0010609626770019531
SeasonalNaive,6,s1_i24,2016-06-23,2016-06-24,2016-09-21,14.406219763459315,11.133333333333333,13.224556283251582,1.2425024298339418,90,0.0008940696716308594
ETS,6,s1_i24,2016-06-23,2016-06-24,2016-09-21,12.062932067733987,9.153961016653453,11.287410902275562,1.0216004915386614,90,0.1727590560913086
SARIMA,6,s1_i24,2016-06-23,2016-06-24,2016-09-21,12.085756854625718,9.171470304197667,11.311642050201348,1.0235545633037824,90,3.555697202682495
Prophet,6,s1_i24,2016-06-23,2016-06-24,2016-09-21,10.136519399589815,7.756533112097989,10.225599681651767,0.8656447220541178,90,0.1491680145263672
LightGBM,6,s1_i24,2016-06-23,2016-06-24,2016-09-21,10.235448302989987,7.705169515431189,9.98163001413498,0.859912441186138,90,0.13880586624145508
Naive,6,s1_i25,2016-06-23,2016-06-24,2016-09-21,17.529920168869165,16.344444444444445,20.176719257599835,1.662481543950521,90,0.0009968280792236328
SeasonalNaive,6,s1_i25,2016-06-23,2016-06-24,2016-09-21,13.979937172343934,13.71111111111111,17.846256999407156,1.3946310164751479,90,0.0009799003601074219
ETS,6,s1_i25,2016-06-23,2016-06-24,2016-09-21,12.545679402361761,11.447886931111785,14.544975660703187,1.164426285940526,90,0.1581728458404541
SARIMA,6,s1_i25,2016-06-23,2016-06-24,2016-09-21,14.05056039585878,12.981900167847446,16.227771535117665,1.3204590408571784,90,3.832697629928589
Prophet,6,s1_i25,2016-06-23,2016-06-24,2016-09-21,9.524902429232862,8.760621179765614,11.018217817281764,0.8910900015235986,90,0.20170998573303223
LightGBM,6,s1_i25,2016-06-23,2016-06-24,2016-09-21,9.326775716147507,8.527934841889456,10.497982715500028,0.8674222198768485,90,0.13580799102783203
Naive,6,s1_i26,2016-06-23,2016-06-24,2016-09-21,17.31771413207863,9.588888888888889,11.839200423452027,1.2943001672578782,90,0.000997781753540039
SeasonalNaive,6,s1_i26,2016-06-23,2016-06-24,2016-09-21,23.392204546945806,13.944444444444445,18.594802141100256,1.8822093973448866,90,0.0007910728454589844
ETS,6,s1_i26,2016-06-23,2016-06-24,2016-09-21,15.527038234059484,8.565513295578642,11.021114153657532,1.1561657893401291,90,0.19764280319213867
SARIMA,6,s1_i26,2016-06-23,2016-06-24,2016-09-21,16.37028081874243,9.122551393249656,11.785554955155487,1.231354323834468,90,3.7850348949432373
Prophet,6,s1_i26,2016-06-23,2016-06-24,2016-09-21,12.060629473384312,6.551140606406106,8.125939144266704,0.8842674558912132,90,0.1775820255279541
LightGBM,6,s1_i26,2016-06-23,2016-06-24,2016-09-21,11.785521570746534,6.36263146671801,7.86366130898258,0.8588226505696436,90,0.12942194938659668
Naive,6,s1_i27,2016-06-23,2016-06-24,2016-09-21,21.27298502307807,5.2555555555555555,6.291970191354127,1.020253099504778,90,0.00096893310546875
SeasonalNaive,6,s1_i27,2016-06-23,2016-06-24,2016-09-21,18.88913605657957,4.733333333333333,6.101001739241042,0.9188748845434155,90,0.0008077621459960938
ETS,6,s1_i27,2016-06-23,2016-06-24,2016-09-21,21.872440232067085,5.487179117104789,6.707479240292066,1.0652178333166276,90,0.12859487533569336
SARIMA,6,s1_i27,2016-06-23,2016-06-24,2016-09-21,18.630765395954295,4.583075487781168,5.531879748769812,0.8897055548638053,90,4.2209532260894775
Prophet,6,s1_i27,2016-06-23,2016-06-24,2016-09-21,17.090348693594112,4.1777547496926335,4.96854308302928,0.8110212492833502,90,0.16085600852966309
LightGBM,6,s1_i27,2016-06-23,2016-06-24,2016-09-21,17.158900427848103,4.18034982753727,5.067487002562195,0.8115250278442385,90,0.12843894958496094
Naive,6,s1_i28,2016-06-23,2016-06-24,2016-09-21,14.184141416774823,14.088888888888889,17.065234314893605,1.3358056200720323,90,0.0010287761688232422
SeasonalNaive,6,s1_i28,2016-06-23,2016-06-24,2016-09-21,10.029340949141506,9.966666666666667,11.980076052438992,0.9449665940099472,90,0.000762939453125
ETS,6,s1_i28,2016-06-23,2016-06-24,2016-09-21,10.7361703384464,10.626823848739468,12.910712553351818,1.0075578800154195,90,0.10761404037475586
SARIMA,6,s1_i28,2016-06-23,2016-06-24,2016-09-21,11.156763684077466,11.095877361982945,13.383205015234342,1.0520301108667327,90,4.2121970653533936
Prophet,6,s1_i28,2016-06-23,2016-06-24,2016-09-21,9.694068093993216,9.542377783266417,11.418619840592052,0.9047386186564672,90,0.15465903282165527
LightGBM,6,s1_i28,2016-06-23,2016-06-24,2016-09-21,10.431762801767148,9.931289460063791,12.14306541356352,0.9416123854719098,90,0.12617015838623047
Naive,6,s1_i29,2016-06-23,2016-06-24,2016-09-21,15.531654077573496,12.233333333333333,15.1499908324138,1.3773132464129483,90,0.0010809898376464844
SeasonalNaive,6,s1_i29,2016-06-23,2016-06-24,2016-09-21,16.259222662994752,13.21111111111111,16.293488815406533,1.4873982288692056,90,0.0008072853088378906
ETS,6,s1_i29,2016-06-23,2016-06-24,2016-09-21,11.29418941097062,8.863340789434584,10.868123912072917,0.9978961861112086,90,0.13997697830200195
SARIMA,6,s1_i29,2016-06-23,2016-06-24,2016-09-21,11.696340302202438,9.203676795966663,11.358278756110742,1.0362135667674415,90,3.800095319747925
Prophet,6,s1_i29,2016-06-23,2016-06-24,2016-09-21,9.152704672293986,7.158771646550319,8.670466299885657,0.8059840068260916,90,0.17524385452270508
LightGBM,6,s1_i29,2016-06-23,2016-06-24,2016-09-21,9.28029393482814,7.202049826419817,8.595397750478101,0.8108565635357565,90,0.13052606582641602
Naive,6,s1_i30,2016-06-23,2016-06-24,2016-09-21,18.19572393806888,8.21111111111111,10.358571330062848,1.2103913785953089,90,0.0012698173522949219
SeasonalNaive,6,s1_i30,2016-06-23,2016-06-24,2016-09-21,18.42955342944654,8.755555555555556,10.47748909700114,1.2906473698688818,90,0.0008020401000976562
ETS,6,s1_i30,2016-06-23,2016-06-24,2016-09-21,14.146045699915927,6.487101779209654,7.984394895935336,0.9562569498055602,90,0.11433601379394531
SARIMA,6,s1_i30,2016-06-23,2016-06-24,2016-09-21,14.651336218516848,6.749591422348399,8.358397672882694,0.9949502760468493,90,3.912003755569458
Prophet,6,s1_i30,2016-06-23,2016-06-24,2016-09-21,11.750472172152188,5.3015980248978005,6.474236438718451,0.781503070081569,90,0.17034697532653809
LightGBM,6,s1_i30,2016-06-23,2016-06-24,2016-09-21,11.61205021081627,5.188061581317895,6.317330400794939,0.7647667806067462,90,0.14014291763305664
Naive,6,s1_i31,2016-06-23,2016-06-24,2016-09-21,23.903605771850344,16.855555555555554,19.842434886430198,2.072283331456183,90,0.0010030269622802734
SeasonalNaive,6,s1_i31,2016-06-23,2016-06-24,2016-09-21,16.582531305535277,11.077777777777778,14.078746787662284,1.361942308148856,90,0.0007519721984863281
ETS,6,s1_i31,2016-06-23,2016-06-24,2016-09-21,13.065579526955762,8.655832415515048,10.984944913951015,1.06417953270237,90,0.1485898494720459
SARIMA,6,s1_i31,2016-06-23,2016-06-24,2016-09-21,13.127377968430903,8.696482123929869,11.006977043590023,1.0691771557649228,90,3.8707871437072754
Prophet,6,s1_i31,2016-06-23,2016-06-24,2016-09-21,11.299916419926994,7.520350346178236,9.614143128924542,0.9245792354770143,90,0.17475628852844238
LightGBM,6,s1_i31,2016-06-23,2016-06-24,2016-09-21,11.089158290345354,7.37142065108305,9.222690489006588,0.9062692768590745,90,0.12579011917114258
Naive,6,s1_i32,2016-06-23,2016-06-24,2016-09-21,21.015907931345463,10.755555555555556,12.920268315067352,1.490810652412618,90,0.0009739398956298828
SeasonalNaive,6,s1_i32,2016-06-23,2016-06-24,2016-09-21,17.218692526036264,8.488888888888889,10.337633513849612,1.1766315479785536,90,0.0007779598236083984
ETS,6,s1_i32,2016-06-23,2016-06-24,2016-09-21,14.845765208283934,7.352514445945222,8.980016181922794,1.0191204723377598,90,0.17873406410217285
SARIMA,6,s1_i32,2016-06-23,2016-06-24,2016-09-21,15.20761878270885,7.548622211967703,9.207203817603673,1.046302661588425,90,3.7744078636169434
Prophet,6,s1_i32,2016-06-23,2016-06-24,2016-09-21,13.12399647991607,6.506994450911946,7.768287993659297,0.9019242746227675,90,0.15088391304016113
LightGBM,6,s1_i32,2016-06-23,2016-06-24,2016-09-21,11.869089359026534,5.834824786651971,7.138659556218688,0.8087558938235273,90,0.1307082176208496
Naive,6,s1_i33,2016-06-23,2016-06-24,2016-09-21,17.12200634806082,13.633333333333333,16.267554620573225,1.5051486012324298,90,0.0012600421905517578
SeasonalNaive,6,s1_i33,2016-06-23,2016-06-24,2016-09-21,14.980241537707462,12.455555555555556,15.795568998931314,1.3751194637176478,90,0.0008211135864257812
ETS,6,s1_i33,2016-06-23,2016-06-24,2016-09-21,13.17453960381149,10.41709625318286,12.255102443993357,1.1500692802725012,90,0.10686588287353516
SARIMA,6,s1_i33,2016-06-23,2016-06-24,2016-09-21,13.699393575570799,10.873028525892424,12.700866765643932,1.2004051596753513,90,3.8847169876098633
Prophet,6,s1_i33,2016-06-23,2016-06-24,2016-09-21,8.933804728613518,7.079161129555939,9.19948319609217,0.7815542400036755,90,0.1853470802307129
LightGBM,6,s1_i33,2016-06-23,2016-06-24,2016-09-21,9.247845092786909,7.376863562399178,8.980062786647533,0.8144212131364988,90,0.13199615478515625
Naive,6,s1_i34,2016-06-23,2016-06-24,2016-09-21,43.38190332301383,11.21111111111111,12.909514148702714,2.0921444046529185,90,0.0010881423950195312
SeasonalNaive,6,s1_i34,2016-06-23,2016-06-24,2016-09-21,20.026187866967355,5.688888888888889,7.261772051870902,1.0616233252549996,90,0.0008373260498046875
ETS,6,s1_i34,2016-06-23,2016-06-24,2016-09-21,17.072130848612048,4.959016280850933,6.202992563617015,0.925419261457731,90,0.13568615913391113
SARIMA,6,s1_i34,2016-06-23,2016-06-24,2016-09-21,17.097666158880237,4.966868785492984,6.213584536941192,0.9268846446375567,90,3.4016048908233643
Prophet,6,s1_i34,2016-06-23,2016-06-24,2016-09-21,14.782557385380752,4.256351468309509,5.463928102034086,0.7942925389290364,90,0.21727371215820312
LightGBM,6,s1_i34,2016-06-23,2016-06-24,2016-09-21,14.295954879676506,4.136809426872195,5.32429891196789,0.7719843831507928,90,0.13330483436584473
Naive,6,s1_i35,2016-06-23,2016-06-24,2016-09-21,14.596136468619331,11.11111111111111,14.242346872775022,1.2555545613087202,90,0.0009400844573974609
SeasonalNaive,6,s1_i35,2016-06-23,2016-06-24,2016-09-21,14.467051558685723,11.077777777777778,14.246637030073682,1.2517878976247943,90,0.0006678104400634766
ETS,6,s1_i35,2016-06-23,2016-06-24,2016-09-21,13.394995746650629,10.211029218398055,12.777371790109672,1.1538453879734667,90,0.11629700660705566
SARIMA,6,s1_i35,2016-06-23,2016-06-24,2016-09-21,13.379408319452512,10.19782377803535,12.760978373645017,1.1523531743941329,90,4.933673143386841
Prophet,6,s1_i35,2016-06-23,2016-06-24,2016-09-21,9.999958276234935,7.687084062528317,9.93293038990273,0.8686398112083897,90,0.19786477088928223
LightGBM,6,s1_i35,2016-06-23,2016-06-24,2016-09-21,8.521180496020307,6.409041092165251,8.506371410936156,0.7242210699194793,90,0.136458158493042
Naive,6,s1_i36,2016-06-23,2016-06-24,2016-09-21,25.939115367476568,25.155555555555555,28.560267661366357,2.747921351253766,90,0.0009372234344482422
SeasonalNaive,6,s1_i36,2016-06-23,2016-06-24,2016-09-21,14.598332841159614,13.377777777777778,17.052858997833766,1.4613504005784161,90,0.001722097396850586
ETS,6,s1_i36,2016-06-23,2016-06-24,2016-09-21,11.904583200955758,10.639801656667286,13.292454584659108,1.1622616753937767,90,0.13064002990722656
SARIMA,6,s1_i36,2016-06-23,2016-06-24,2016-09-21,13.436761048400914,12.09861911620937,14.831666013056749,1.321618746073623,90,3.2757556438446045
Prophet,6,s1_i36,2016-06-23,2016-06-24,2016-09-21,9.062778464312316,8.180564196338867,10.731900266834288,0.8936215688330172,90,0.18093323707580566
LightGBM,6,s1_i36,2016-06-23,2016-06-24,2016-09-21,9.040127405577012,8.03578823570867,10.496369123867062,0.8778066546091836,90,0.13257288932800293
Naive,6,s1_i37,2016-06-23,2016-06-24,2016-09-21,21.799727774235,6.877777777777778,8.34865258589672,1.177529257400856,90,0.0014510154724121094
SeasonalNaive,6,s1_i37,2016-06-23,2016-06-24,2016-09-21,19.929853518553546,6.677777777777778,8.64291617453276,1.1432876957963076,90,0.0010633468627929688
ETS,6,s1_i37,2016-06-23,2016-06-24,2016-09-21,16.89287381256245,5.367462494756463,6.767370475108524,0.9189514883715301,90,0.1542682647705078
SARIMA,6,s1_i37,2016-06-23,2016-06-24,2016-09-21,17.044755057795072,5.432947779393832,6.876737106580006,0.9301630804120393,90,3.462416887283325
Prophet,6,s1_i37,2016-06-23,2016-06-24,2016-09-21,14.441059541747482,4.540648198842014,5.528688226724051,0.7773944251261509,90,0.1674818992614746
LightGBM,6,s1_i37,2016-06-23,2016-06-24,2016-09-21,14.776950058662619,4.721840220494004,5.854176296426458,0.8084159139843972,90,0.1307373046875
Naive,6,s1_i38,2016-06-23,2016-06-24,2016-09-21,17.905912395846162,16.733333333333334,19.714630776828326,1.6988906750686739,90,0.0008733272552490234
SeasonalNaive,6,s1_i38,2016-06-23,2016-06-24,2016-09-21,14.154940921033376,13.088888888888889,15.235922464141558,1.3288799569926277,90,0.0007410049438476562
ETS,6,s1_i38,2016-06-23,2016-06-24,2016-09-21,13.10113632083042,11.984921030363665,13.976611100889224,1.2167970466087215,90,0.22723793983459473
SARIMA,6,s1_i38,2016-06-23,2016-06-24,2016-09-21,13.389084185509093,12.267543610868007,14.321025414751928,1.245490962938363,90,3.798251152038574
Prophet,6,s1_i38,2016-06-23,2016-06-24,2016-09-21,8.295762074658606,7.675487986510335,9.39870650620149,0.7792718107699624,90,0.18253183364868164
LightGBM,6,s1_i38,2016-06-23,2016-06-24,2016-09-21,8.679195813009239,7.855963481327472,9.162887626450742,0.7975950061020285,90,0.13823390007019043
Naive,6,s1_i39,2016-06-23,2016-06-24,2016-09-21,25.243835801848576,11.944444444444445,14.843255108709215,1.668048798233811,90,0.001110076904296875
SeasonalNaive,6,s1_i39,2016-06-23,2016-06-24,2016-09-21,17.916823564865823,9.233333333333333,11.32597800535467,1.2894405128672528,90,0.0012221336364746094
ETS,6,s1_i39,2016-06-23,2016-06-24,2016-09-21,14.012450690540662,6.940239077917849,8.623318086989299,0.9692085309803331,90,0.15985822677612305
SARIMA,6,s1_i39,2016-06-23,2016-06-24,2016-09-21,14.286303481820095,7.092372320790261,8.776323907058886,0.9904540291803579,90,3.7919559478759766
Prophet,6,s1_i39,2016-06-23,2016-06-24,2016-09-21,10.623894090341341,5.228608479297877,6.6771101798303745,0.7301782959344321,90,0.15549683570861816
LightGBM,6,s1_i39,2016-06-23,2016-06-24,2016-09-21,10.209119237047329,4.981359940460802,6.314871009765633,0.695649889863267,90,0.1331038475036621
Naive,6,s1_i40,2016-06-23,2016-06-24,2016-09-21,21.080060939573244,7.1,8.674995997437437,1.245458333114859,90,0.0014078617095947266
SeasonalNaive,6,s1_i40,2016-06-23,2016-06-24,2016-09-21,19.64021376840817,6.777777777777778,8.516650358758033,1.188935184976626,90,0.0008530616760253906
ETS,6,s1_i40,2016-06-23,2016-06-24,2016-09-21,16.168835036316977,5.314760847386998,6.713548345658914,0.9322976318155952,90,0.11196780204772949
SARIMA,6,s1_i40,2016-06-23,2016-06-24,2016-09-21,16.197797547463324,5.3251292681412705,6.7261226937515755,0.9341164256225882,90,3.449972152709961
Prophet,6,s1_i40,2016-06-23,2016-06-24,2016-09-21,14.427077633987311,4.731447869710146,6.029424892877842,0.8299748136660633,90,0.18473196029663086
LightGBM,6,s1_i40,2016-06-23,2016-06-24,2016-09-21,14.740864814008702,4.8246932881037425,5.909423919387419,0.8463316141397375,90,0.13902997970581055
Naive,6,s1_i41,2016-06-23,2016-06-24,2016-09-21,20.067636665263326,4.966666666666667,6.311365409587163,0.9985514165454997,90,0.0011568069458007812
SeasonalNaive,6,s1_i41,2016-06-23,2016-06-24,2016-09-21,21.4266320345234,5.355555555555555,6.7560672320843915,1.0767377690714337,90,0.0007901191711425781
ETS,6,s1_i41,2016-06-23,2016-06-24,2016-09-21,17.198450719647152,4.2422734778955515,5.3854825718339665,0.8529117162535584,90,0.08646798133850098
SARIMA,6,s1_i41,2016-06-23,2016-06-24,2016-09-21,17.207368140229985,4.2542240805189735,5.4468996656113084,0.8553143923297041,90,4.242603063583374
Prophet,6,s1_i41,2016-06-23,2016-06-24,2016-09-21,16.726288933232038,4.137238086827998,5.14171891263086,0.8317942856754545,90,0.1907820701599121
LightGBM,6,s1_i41,2016-06-23,2016-06-24,2016-09-21,16.982649037084016,4.18251258284677,5.163383094087202,0.8408967512055743,90,0.13164210319519043
Naive,6,s1_i42,2016-06-23,2016-06-24,2016-09-21,26.52801525813272,11.61111111111111,13.86722755275906,1.8893111737886024,90,0.0009777545928955078
SeasonalNaive,6,s1_i42,2016-06-23,2016-06-24,2016-09-21,17.48636439465058,7.444444444444445,9.795690662508466,1.211328695156329,90,0.0007679462432861328
ETS,6,s1_i42,2016-06-23,2016-06-24,2016-09-21,16.28642136593286,6.632589162294595,8.03653808569588,1.0792270176004908,90,0.13535618782043457
SARIMA,6,s1_i42,2016-06-23,2016-06-24,2016-09-21,16.25727818845939,6.620725733387332,8.014585835372603,1.0772966503359411,90,3.419745922088623
Prophet,6,s1_i42,2016-06-23,2016-06-24,2016-09-21,13.625660022491507,5.595715927515619,6.955153156049829,0.9105113650221915,90,0.16937494277954102
LightGBM,6,s1_i42,2016-06-23,2016-06-24,2016-09-21,12.259213340829142,4.97611113674046,6.104056996722881,0.8096918789848699,90,0.13292884826660156
Naive,6,s1_i43,2016-06-23,2016-06-24,2016-09-21,21.604305792026032,12.71111111111111,15.394082557196379,1.714452512939767,90,0.0016090869903564453
SeasonalNaive,6,s1_i43,2016-06-23,2016-06-24,2016-09-21,18.07265559819993,10.78888888888889,12.708265027138834,1.455186529776673,90,0.0009808540344238281
ETS,6,s1_i43,2016-06-23,2016-06-24,2016-09-21,18.13671746065843,10.459808813894485,12.277871592231035,1.4108007828029574,90,0.1770477294921875
SARIMA,6,s1_i43,2016-06-23,2016-06-24,2016-09-21,18.19222279647873,10.497381821568755,12.331706552810166,1.415868564593453,90,3.6603848934173584
Prophet,6,s1_i43,2016-06-23,2016-06-24,2016-09-21,12.76691019481595,7.354592390794096,9.218291350113057,0.991974603622392,90,0.17043805122375488
LightGBM,6,s1_i43,2016-06-23,2016-06-24,2016-09-21,11.187613855717435,6.392478106652764,7.775080314331075,0.862206305810922,90,0.1270589828491211
Naive,6,s1_i44,2016-06-23,2016-06-24,2016-09-21,23.584869658747152,7.355555555555555,8.83427667918797,1.2589872157577673,90,0.0010209083557128906
SeasonalNaive,6,s1_i44,2016-06-23,2016-06-24,2016-09-21,23.60824890184017,7.911111111111111,10.032170475248337,1.354076884621647,90,0.0008158683776855469
ETS,6,s1_i44,2016-06-23,2016-06-24,2016-09-21,19.37580028886154,6.187932566233802,7.8220245449187145,1.0591352256153412,90,0.10276913642883301
SARIMA,6,s1_i44,2016-06-23,2016-06-24,2016-09-21,19.61731377672695,6.281261219564588,7.943270813469311,1.0751094889486665,90,3.7387168407440186
Prophet,6,s1_i44,2016-06-23,2016-06-24,2016-09-21,14.794635831311936,4.547315695573368,5.754393078872741,0.7783249386808699,90,0.1675262451171875
LightGBM,6,s1_i44,2016-06-23,2016-06-24,2016-09-21,15.555956885131323,4.822339223330261,6.027005238473866,0.8253983518123921,90,0.12476110458374023
Naive,6,s1_i45,2016-06-23,2016-06-24,2016-09-21,18.8748614802326,16.844444444444445,19.910912697424106,1.7265487202688445,90,0.0014719963073730469
SeasonalNaive,6,s1_i45,2016-06-23,2016-06-24,2016-09-21,13.687717314627648,12.333333333333334,15.358674711344364,1.26416166193827,90,0.0007219314575195312
ETS,6,s1_i45,2016-06-23,2016-06-24,2016-09-21,12.529970303763774,11.148345181217831,13.676389050971027,1.1427008572013382,90,0.15448617935180664
SARIMA,6,s1_i45,2016-06-23,2016-06-24,2016-09-21,13.23184857543347,11.813176279153142,14.351811596428208,1.2108457749587014,90,3.723783254623413
Prophet,6,s1_i45,2016-06-23,2016-06-24,2016-09-21,9.787225647628029,8.637629322742539,10.629145756586126,0.8853535005279682,90,0.17694592475891113
LightGBM,6,s1_i45,2016-06-23,2016-06-24,2016-09-21,8.894741426508213,7.881436481217101,10.06638863197855,0.8078440411261881,90,0.1276390552520752
Naive,6,s1_i46,2016-06-23,2016-06-24,2016-09-21,18.216170630939462,12.133333333333333,14.95548951611637,1.4444716748209663,90,0.0011000633239746094
SeasonalNaive,6,s1_i46,2016-06-23,2016-06-24,2016-09-21,17.95636762203175,11.933333333333334,14.898918678138283,1.4206617021590824,90,0.0008320808410644531
ETS,6,s1_i46,2016-06-23,2016-06-24,2016-09-21,15.808425730157674,10.487292582115932,12.735572490502582,1.2485107483867992,90,0.12949204444885254
SARIMA,6,s1_i46,2016-06-23,2016-06-24,2016-09-21,15.865437227146073,10.528793794551039,12.776230824573748,1.253451462054374,90,3.894315004348755
Prophet,6,s1_i46,2016-06-23,2016-06-24,2016-09-21,11.982819068445473,7.894004061760076,10.15760677138701,0.9397801045165457,90,0.16208600997924805
LightGBM,6,s1_i46,2016-06-23,2016-06-24,2016-09-21,10.975310533634048,7.1346036345957575,9.335182058611393,0.8493735874655183,90,0.11321616172790527
Naive,6,s1_i47,2016-06-23,2016-06-24,2016-09-21,20.212724826813957,5.088888888888889,6.485882103975269,1.0496924163548758,90,0.001051187515258789
SeasonalNaive,6,s1_i47,2016-06-23,2016-06-24,2016-09-21,25.116857526424774,6.266666666666667,7.714344503009385,1.292634329310371,90,0.0009431838989257812
ETS,6,s1_i47,2016-06-23,2016-06-24,2016-09-21,18.231739439000485,4.581556849536148,5.788493629630596,0.9450443083081109,90,0.10126018524169922
SARIMA,6,s1_i47,2016-06-23,2016-06-24,2016-09-21,18.29395594944449,4.597089799613655,5.797442634842032,0.948248312218587,90,3.544217109680176
Prophet,6,s1_i47,2016-06-23,2016-06-24,2016-09-21,16.188930888920993,4.08737621749282,5.205488444047827,0.8431089599262754,90,0.19447970390319824
LightGBM,6,s1_i47,2016-06-23,2016-06-24,2016-09-21,16.79546017355889,4.235633115694322,5.3681669907145615,0.873690123145265,90,0.12076520919799805
Naive,6,s1_i48,2016-06-23,2016-06-24,2016-09-21,16.306181782194123,9.555555555555555,11.754904413808637,1.2074704017150206,90,0.0011219978332519531
SeasonalNaive,6,s1_i48,2016-06-23,2016-06-24,2016-09-21,17.603121222072698,10.866666666666667,14.669696656713798,1.3731465731131283,90,0.0008661746978759766
ETS,6,s1_i48,2016-06-23,2016-06-24,2016-09-21,13.145300822400019,7.654004273375487,9.841948404365269,0.9671843317710541,90,0.1423780918121338
SARIMA,6,s1_i48,2016-06-23,2016-06-24,2016-09-21,13.275424864824679,7.738561591766367,9.94418847357007,0.9778692635483615,90,3.754667043685913
Prophet,6,s1_i48,2016-06-23,2016-06-24,2016-09-21,11.331491902527192,6.606833397761312,8.575380674165922,0.8348604882759487,90,0.1292572021484375
LightGBM,6,s1_i48,2016-06-23,2016-06-24,2016-09-21,10.547300496345086,6.133128448801355,8.017407325091337,0.7750016237976273,90,0.09324216842651367
Naive,6,s1_i49,2016-06-23,2016-06-24,2016-09-21,21.221278744474965,6.788888888888889,8.562839612080927,1.237818199090992,90,0.0011668205261230469
SeasonalNaive,6,s1_i49,2016-06-23,2016-06-24,2016-09-21,24.10302041332095,7.911111111111111,9.51139667276403,1.442432991412089,90,0.0008308887481689453
ETS,6,s1_i49,2016-06-23,2016-06-24,2016-09-21,18.791646508663295,6.010234465025788,7.475093095663536,1.095846127897144,90,0.10519886016845703
SARIMA,6,s1_i49,2016-06-23,2016-06-24,2016-09-21,18.935186189222293,6.064261422887854,7.5277364114308885,1.105696863824291,90,3.1726560592651367
Prophet,6,s1_i49,2016-06-23,2016-06-24,2016-09-21,15.920772046784032,5.0176297607444615,6.318340996149813,0.914864499301975,90,0.14262604713439941
LightGBM,6,s1_i49,2016-06-23,2016-06-24,2016-09-21,16.38106518499617,5.219575306945373,6.372935565659248,0.951685233357879,90,0.09116291999816895
Naive,6,s1_i50,2016-06-23,2016-06-24,2016-09-21,15.600479662333319,11.666666666666666,14.452220129331918,1.29732347229807,90,0.0010540485382080078
SeasonalNaive,6,s1_i50,2016-06-23,2016-06-24,2016-09-21,16.438491101154227,12.255555555555556,14.51474346234813,1.3628074189950203,90,0.0008418560028076172
ETS,6,s1_i50,2016-06-23,2016-06-24,2016-09-21,14.720570430841518,11.043488597094463,12.921368973044396,1.2280265976914342,90,0.1807548999786377
SARIMA,6,s1_i50,2016-06-23,2016-06-24,2016-09-21,14.737302035320385,11.057190014635363,12.937003076355516,1.2295501837411114,90,3.1036672592163086
Prophet,6,s1_i50,2016-06-23,2016-06-24,2016-09-21,10.264107332730962,7.7562836894157,9.551265798718061,0.8624921904069996,90,0.11263513565063477
LightGBM,6,s1_i50,2016-06-23,2016-06-24,2016-09-21,9.783458674016579,7.399024785196047,9.261313746155155,0.8227653022242872,90,0.08082008361816406
Naive,7,s1_i1,2016-09-21,2016-09-22,2016-12-20,27.101505273349485,5.7444444444444445,7.021395872616783,1.2018298023360536,90,0.0007219314575195312
SeasonalNaive,7,s1_i1,2016-09-21,2016-09-22,2016-12-20,24.522556744479648,5.066666666666666,6.171619632550996,1.060027833395049,90,0.0005581378936767578
ETS,7,s1_i1,2016-09-21,2016-09-22,2016-12-20,22.22835598198643,4.595080222073624,5.89940823743318,0.9613643944896996,90,0.08854198455810547
SARIMA,7,s1_i1,2016-09-21,2016-09-22,2016-12-20,22.101840919165102,4.5684057822624435,5.86868381367987,0.9557836743633696,90,3.5343573093414307
Prophet,7,s1_i1,2016-09-21,2016-09-22,2016-12-20,18.4690450618991,3.7284198515720264,4.66301200921112,0.7800451612991419,90,0.17044401168823242
LightGBM,7,s1_i1,2016-09-21,2016-09-22,2016-12-20,17.569830493717834,3.5416905775258436,4.545047490552395,0.740978405812575,90,0.11766576766967773
Naive,7,s1_i2,2016-09-21,2016-09-22,2016-12-20,21.620580557204505,12.277777777777779,14.52851602118323,1.452591232193772,90,0.0006897449493408203
SeasonalNaive,7,s1_i2,2016-09-21,2016-09-22,2016-12-20,17.048723356524278,9.477777777777778,12.277802916012476,1.1213215575215272,90,0.0005621910095214844
ETS,7,s1_i2,2016-09-21,2016-09-22,2016-12-20,15.455582074954794,8.650610654150046,11.19789353436397,1.0234589203987645,90,0.1254563331604004
SARIMA,7,s1_i2,2016-09-21,2016-09-22,2016-12-20,14.711526711288576,8.216366964157181,10.683792126923157,0.9720832897157605,90,3.516145944595337
Prophet,7,s1_i2,2016-09-21,2016-09-22,2016-12-20,10.567908282067156,5.872113800711708,7.475709420950181,0.6947332958572023,90,0.17693281173706055
LightGBM,7,s1_i2,2016-09-21,2016-09-22,2016-12-20,9.900966261741335,5.530077696463752,7.042064843538336,0.65426679979278,90,0.11938095092773438
Naive,7,s1_i3,2016-09-21,2016-09-22,2016-12-20,21.196440316269438,7.0777777777777775,8.321992282834415,1.0548836012234055,90,0.0010571479797363281
SeasonalNaive,7,s1_i3,2016-09-21,2016-09-22,2016-12-20,24.395482315353163,9.066666666666666,11.738824472663351,1.3513108612218192,90,0.0007078647613525391
ETS,7,s1_i3,2016-09-21,2016-09-22,2016-12-20,22.202217478910192,7.601474821455772,9.41053268143312,1.1329362670077987,90,0.08218789100646973
SARIMA,7,s1_i3,2016-09-21,2016-09-22,2016-12-20,21.990932612287413,7.536293672892726,9.34921400676753,1.123221561787193,90,3.1666910648345947
Prophet,7,s1_i3,2016-09-21,2016-09-22,2016-12-20,13.598733078909891,4.472991667516507,5.531000211098373,0.6666620098312228,90,0.19153404235839844
LightGBM,7,s1_i3,2016-09-21,2016-09-22,2016-12-20,14.179637451068267,4.645255556229558,5.622134461083417,0.692336502163677,90,0.12510204315185547
Naive,7,s1_i4,2016-09-21,2016-09-22,2016-12-20,24.713609870270552,5.1,6.19408319823577,1.0082261833190924,90,0.0007638931274414062
SeasonalNaive,7,s1_i4,2016-09-21,2016-09-22,2016-12-20,29.03012290811386,6.788888888888889,8.680117766738217,1.3421050065533018,90,0.0005540847778320312
ETS,7,s1_i4,2016-09-21,2016-09-22,2016-12-20,22.63540610000476,4.716401144512284,5.707355983711932,0.9323919852810628,90,0.11730313301086426
SARIMA,7,s1_i4,2016-09-21,2016-09-22,2016-12-20,22.661392574131455,4.722669650519816,5.713195706495138,0.9336312150628444,90,3.106398105621338
Prophet,7,s1_i4,2016-09-21,2016-09-22,2016-12-20,19.745326010130324,4.056479194607699,4.911910832975495,0.8019310855083582,90,0.1512610912322998
LightGBM,7,s1_i4,2016-09-21,2016-09-22,2016-12-20,19.21254548678269,3.9515126709766744,4.761699011170091,0.7811801056070286,90,0.1226649284362793
Naive,7,s1_i5,2016-09-21,2016-09-22,2016-12-20,22.65219813834347,3.811111111111111,4.8362060428489695,0.8426921608421589,90,0.0007338523864746094
SeasonalNaive,7,s1_i5,2016-09-21,2016-09-22,2016-12-20,25.351768316023016,4.511111111111111,5.621387729022079,0.9974723536499025,90,0.0007410049438476562
ETS,7,s1_i5,2016-09-21,2016-09-22,2016-12-20,24.839255485334206,4.309289279595828,5.301928179535642,0.9528466079431204,90,0.08218526840209961
SARIMA,7,s1_i5,2016-09-21,2016-09-22,2016-12-20,24.780348843160382,4.2997802179469415,5.285705196457072,0.9507440159496413,90,3.335092067718506
Prophet,7,s1_i5,2016-09-21,2016-09-22,2016-12-20,19.809264989095574,3.306566141579156,4.053867535994742,0.7311299213216832,90,0.1646440029144287
LightGBM,7,s1_i5,2016-09-21,2016-09-22,2016-12-20,19.86441734030924,3.3469984241142816,4.020263988002522,0.7400700877308888,90,0.11864089965820312
Naive,7,s1_i6,2016-09-21,2016-09-22,2016-12-20,20.56076314642354,11.6,13.960261060914616,1.3582691473961281,90,0.0007169246673583984
SeasonalNaive,7,s1_i6,2016-09-21,2016-09-22,2016-12-20,20.325961343001712,11.922222222222222,14.802777517149348,1.3959988459349095,90,0.0005671977996826172
ETS,7,s1_i6,2016-09-21,2016-09-22,2016-12-20,17.859278059378564,10.047962260676538,12.539515282195534,1.176537683868758,90,0.09178280830383301
SARIMA,7,s1_i6,2016-09-21,2016-09-22,2016-12-20,17.35144317236732,9.768508048315564,12.312803562875148,1.1438157843204997,90,4.053167104721069
Prophet,7,s1_i6,2016-09-21,2016-09-22,2016-12-20,12.221358000286536,6.820852140628666,8.516077305588729,0.7986683639281684,90,0.16535615921020508
LightGBM,7,s1_i6,2016-09-21,2016-09-22,2016-12-20,11.505908129777149,6.38341013714562,7.893456745544016,0.7474473314190158,90,0.13166403770446777
Naive,7,s1_i7,2016-09-21,2016-09-22,2016-12-20,20.48937719613692,10.988888888888889,13.978157564174504,1.3554532468623155,90,0.0007431507110595703
SeasonalNaive,7,s1_i7,2016-09-21,2016-09-22,2016-12-20,21.906280340074886,11.966666666666667,14.536161804272819,1.476059804722663,90,0.0005733966827392578
ETS,7,s1_i7,2016-09-21,2016-09-22,2016-12-20,17.56507474433067,9.522753296180973,12.605265412240927,1.1746089167785223,90,0.15185284614562988
SARIMA,7,s1_i7,2016-09-21,2016-09-22,2016-12-20,17.481004071992242,9.472890963295804,12.531956905591866,1.1684585168892605,90,3.569650173187256
Prophet,7,s1_i7,2016-09-21,2016-09-22,2016-12-20,14.022476149587234,7.437396212715607,9.809459607945241,0.9173850920378332,90,0.18019628524780273
LightGBM,7,s1_i7,2016-09-21,2016-09-22,2016-12-20,13.563712129863761,7.193860346000339,9.195482187842487,0.8873455234695852,90,0.13409185409545898
Naive,7,s1_i8,2016-09-21,2016-09-22,2016-12-20,22.840057827237455,15.544444444444444,18.89532570064177,1.6259476869836431,90,0.0007531642913818359
SeasonalNaive,7,s1_i8,2016-09-21,2016-09-22,2016-12-20,21.06647599549038,15.0,17.656600906050844,1.5689988401915071,90,0.0005738735198974609
ETS,7,s1_i8,2016-09-21,2016-09-22,2016-12-20,12.815202164870074,9.014708752747948,12.064454698946484,0.9429378385150505,90,0.2012937068939209
SARIMA,7,s1_i8,2016-09-21,2016-09-22,2016-12-20,12.673575225640151,8.913565492348253,11.837391221576498,0.9323582612976966,90,3.5870070457458496
Prophet,7,s1_i8,2016-09-21,2016-09-22,2016-12-20,10.533098931418582,7.316388712820221,8.945270824790805,0.7652936936536774,90,0.15499591827392578
LightGBM,7,s1_i8,2016-09-21,2016-09-22,2016-12-20,10.60342220703989,7.196207978921312,8.802724368973252,0.7527227981802939,90,0.13523578643798828
Naive,7,s1_i9,2016-09-21,2016-09-22,2016-12-20,33.980901446589975,18.433333333333334,21.31327181723997,2.351527436999659,90,0.0012121200561523438
SeasonalNaive,7,s1_i9,2016-09-21,2016-09-22,2016-12-20,22.516374835723717,11.177777777777777,13.82590161817867,1.4259412909111855,90,0.0014042854309082031
ETS,7,s1_i9,2016-09-21,2016-09-22,2016-12-20,21.068886426933318,10.270993062878134,12.832270314140516,1.3102633992364066,90,0.13335394859313965
SARIMA,7,s1_i9,2016-09-21,2016-09-22,2016-12-20,20.930976173212727,10.214028412181035,12.763113001385932,1.3029964586006022,90,3.748152017593384
Prophet,7,s1_i9,2016-09-21,2016-09-22,2016-12-20,11.653269342425002,5.455283253007275,6.867461784517229,0.6959266679593866,90,0.21067190170288086
LightGBM,7,s1_i9,2016-09-21,2016-09-22,2016-12-20,10.87667115273778,5.115157487227354,6.420480427285855,0.6525370619777228,90,0.13285493850708008
Naive,7,s1_i10,2016-09-21,2016-09-22,2016-12-20,19.089429718870587,12.622222222222222,15.445243784270792,1.3072463766762064,90,0.0010669231414794922
SeasonalNaive,7,s1_i10,2016-09-21,2016-09-22,2016-12-20,17.592402593486238,11.844444444444445,14.449913494550755,1.2266942231838347,90,0.0008108615875244141
ETS,7,s1_i10,2016-09-21,2016-09-22,2016-12-20,15.833676388042988,10.429067552216502,13.314301608674581,1.080107807462304,90,0.12461185455322266
SARIMA,7,s1_i10,2016-09-21,2016-09-22,2016-12-20,15.555890280630619,10.246694222612497,12.991845799499085,1.0612199388976482,90,4.222050905227661
Prophet,7,s1_i10,2016-09-21,2016-09-22,2016-12-20,11.672142056228244,7.75586395561841,9.512717215770014,0.8032519849100511,90,0.18503499031066895
LightGBM,7,s1_i10,2016-09-21,2016-09-22,2016-12-20,10.186006337566365,6.842919743128241,8.719839454555752,0.708701041908576,90,0.12809014320373535
Naive,7,s1_i11,2016-09-21,2016-09-22,2016-12-20,17.61473373766063,11.588888888888889,14.264563707936453,1.267461536250246,90,0.0008938312530517578
SeasonalNaive,7,s1_i11,2016-09-21,2016-09-22,2016-12-20,17.031679416900595,11.233333333333333,13.798953261429329,1.2285748927603053,90,0.0006840229034423828
ETS,7,s1_i11,2016-09-21,2016-09-22,2016-12-20,16.25787964904687,10.723699762919525,13.543339119454561,1.1728369394263414,90,0.18008899688720703
SARIMA,7,s1_i11,2016-09-21,2016-09-22,2016-12-20,16.320143136164237,10.78056363278835,13.507074817794825,1.1790560660874123,90,3.818044900894165
Prophet,7,s1_i11,2016-09-21,2016-09-22,2016-12-20,12.320865966828556,8.082778105259228,10.23851168382022,0.884002811027377,90,0.18024301528930664
LightGBM,7,s1_i11,2016-09-21,2016-09-22,2016-12-20,11.533355840364418,7.541068293382627,9.434507378497786,0.8247567213508042,90,0.13972711563110352
Naive,7,s1_i12,2016-09-21,2016-09-22,2016-12-20,20.114292146079165,12.8,15.693593880589905,1.395857177247635,90,0.0009839534759521484
SeasonalNaive,7,s1_i12,2016-09-21,2016-09-22,2016-12-20,21.614311440118783,14.655555555555555,17.491902888670136,1.5982080006854429,90,0.0007910728454589844
ETS,7,s1_i12,2016-09-21,2016-09-22,2016-12-20,18.777914888246528,12.393724764370997,15.580647332528576,1.35155231759211,90,0.12262201309204102
SARIMA,7,s1_i12,2016-09-21,2016-09-22,2016-12-20,18.5175880793301,12.199764006816096,15.318947372549115,1.3304006366907508,90,3.6173458099365234
Prophet,7,s1_i12,2016-09-21,2016-09-22,2016-12-20,10.890084549721236,7.029400114736236,8.928245017093406,0.7665655157734315,90,0.17574620246887207
LightGBM,7,s1_i12,2016-09-21,2016-09-22,2016-12-20,9.707825055722662,6.337364351820627,8.266602304920879,0.6910980871345411,90,0.147902250289917
Naive,7,s1_i13,2016-09-21,2016-09-22,2016-12-20,18.24255532751439,14.522222222222222,16.86317486912434,1.4035693024335767,90,0.0010759830474853516
SeasonalNaive,7,s1_i13,2016-09-21,2016-09-22,2016-12-20,17.894961484852363,14.522222222222222,18.606151909755248,1.4035693024335767,90,0.0009570121765136719
ETS,7,s1_i13,2016-09-21,2016-09-22,2016-12-20,17.601880534509185,14.173572087882528,18.255548722524257,1.3698723503858579,90,0.12665009498596191
SARIMA,7,s1_i13,2016-09-21,2016-09-22,2016-12-20,17.403170908522796,14.033355969675009,18.119265967607422,1.3563204961165216,90,3.3022241592407227
Prophet,7,s1_i13,2016-09-21,2016-09-22,2016-12-20,9.731429374915225,7.6011263281514525,9.49111193417952,0.7346470405739651,90,0.1938459873199463
LightGBM,7,s1_i13,2016-09-21,2016-09-22,2016-12-20,9.75136444756113,7.623058930345307,9.398448751090308,0.736766821327263,90,0.13149690628051758
Naive,7,s1_i14,2016-09-21,2016-09-22,2016-12-20,17.292729940431098,9.511111111111111,11.901447157570564,1.1157042944185698,90,0.0009999275207519531
SeasonalNaive,7,s1_i14,2016-09-21,2016-09-22,2016-12-20,23.253202882044558,13.844444444444445,17.206587885652013,1.6240275126700212,90,0.0007932186126708984
ETS,7,s1_i14,2016-09-21,2016-09-22,2016-12-20,13.94002517907549,7.6808054443498985,9.637106627550931,0.9009996328235096,90,0.10491299629211426
SARIMA,7,s1_i14,2016-09-21,2016-09-22,2016-12-20,19.048606921808272,10.765079960206336,13.073840433557423,1.2628015592552975,90,4.5170159339904785
Prophet,7,s1_i14,2016-09-21,2016-09-22,2016-12-20,10.916660886810735,6.056074020593433,8.004829991493933,0.7104099314116291,90,0.18258404731750488
LightGBM,7,s1_i14,2016-09-21,2016-09-22,2016-12-20,10.673033010643525,5.971982158898354,7.8147005361781146,0.7005455054657217,90,0.1328270435333252
Naive,7,s1_i15,2016-09-21,2016-09-22,2016-12-20,18.878225486572628,15.222222222222221,18.853234323172362,1.376347678749296,90,0.0010139942169189453
SeasonalNaive,7,s1_i15,2016-09-21,2016-09-22,2016-12-20,18.720273878110635,15.6,20.279710714570527,1.4105052123824904,90,0.0007958412170410156
ETS,7,s1_i15,2016-09-21,2016-09-22,2016-12-20,18.543037367324228,15.201488876419536,19.5955567659101,1.3744730318053975,90,0.20607495307922363
SARIMA,7,s1_i15,2016-09-21,2016-09-22,2016-12-20,18.01737814159082,14.709244469949754,18.950488638615,1.3299657689149005,90,4.181010961532593
Prophet,7,s1_i15,2016-09-21,2016-09-22,2016-12-20,10.82257304445775,8.668709180386939,10.474657203577772,0.7837986848438284,90,0.16983509063720703
LightGBM,7,s1_i15,2016-09-21,2016-09-22,2016-12-20,11.694994599455757,9.403109115308247,11.76147568528385,0.8502009243425378,90,0.15302610397338867
Naive,7,s1_i16,2016-09-21,2016-09-22,2016-12-20,24.309091165150825,5.7444444444444445,6.916164640415476,1.0504437534683178,90,0.0010628700256347656
SeasonalNaive,7,s1_i16,2016-09-21,2016-09-22,2016-12-20,26.825017988535354,6.366666666666666,7.726577508832744,1.1642248950432224,90,0.0008487701416015625
ETS,7,s1_i16,2016-09-21,2016-09-22,2016-12-20,21.770940434051305,5.097048413079993,6.300069852257719,0.9320592649866407,90,0.1110379695892334
SARIMA,7,s1_i16,2016-09-21,2016-09-22,2016-12-20,21.88006401916389,5.127268475089892,6.339213265947568,0.93758538255549,90,3.9049289226531982
Prophet,7,s1_i16,2016-09-21,2016-09-22,2016-12-20,16.093727816445522,3.65688449389791,4.670619471280599,0.6687072198052589,90,0.18458914756774902
LightGBM,7,s1_i16,2016-09-21,2016-09-22,2016-12-20,16.773734053544338,3.827548102827013,4.697105301240926,0.6999152023486908,90,0.1331162452697754
Naive,7,s1_i17,2016-09-21,2016-09-22,2016-12-20,21.248391315632908,6.455555555555556,7.883174769370805,1.052460135587744,90,0.0010838508605957031
SeasonalNaive,7,s1_i17,2016-09-21,2016-09-22,2016-12-20,21.705872183699302,7.0,8.822949872035116,1.141221833769843,90,0.000993967056274414
ETS,7,s1_i17,2016-09-21,2016-09-22,2016-12-20,15.508817927467225,4.66580458949928,5.773392141365228,0.7606740099485882,90,0.1335737705230713
SARIMA,7,s1_i17,2016-09-21,2016-09-22,2016-12-20,19.573442017711066,6.098076291854584,7.992704426630364,0.9941796868940989,90,4.203230857849121
Prophet,7,s1_i17,2016-09-21,2016-09-22,2016-12-20,13.562407262513021,4.0663109369375725,4.9742233514284795,0.6629375463043236,90,0.19971323013305664
LightGBM,7,s1_i17,2016-09-21,2016-09-22,2016-12-20,13.015524684814153,3.912943003472522,4.9194804028998504,0.6379337128371126,90,0.14597129821777344
Naive,7,s1_i18,2016-09-21,2016-09-22,2016-12-20,16.447124407972154,12.877777777777778,16.543881044059763,1.2542206544512218,90,0.0009450912475585938
SeasonalNaive,7,s1_i18,2016-09-21,2016-09-22,2016-12-20,15.78585676083436,12.877777777777778,16.293488815406533,1.2542206544512218,90,0.0007231235504150391
ETS,7,s1_i18,2016-09-21,2016-09-22,2016-12-20,16.538675366979287,13.210730925870466,16.672124251836376,1.2866483545178453,90,0.23423528671264648
SARIMA,7,s1_i18,2016-09-21,2016-09-22,2016-12-20,16.039346918032294,12.851411266355361,16.320619299439137,1.2516527095943937,90,4.042374849319458
Prophet,7,s1_i18,2016-09-21,2016-09-22,2016-12-20,9.753825976453392,7.731032253083892,10.006436835230554,0.7529575753961816,90,0.17104887962341309
LightGBM,7,s1_i18,2016-09-21,2016-09-22,2016-12-20,9.708407019279836,7.623593315320076,9.695612364820818,0.7424936477557925,90,0.14509201049804688
Naive,7,s1_i19,2016-09-21,2016-09-22,2016-12-20,18.923859176258713,7.2555555555555555,8.95358401237553,0.9983490964421743,90,0.0016887187957763672
SeasonalNaive,7,s1_i19,2016-09-21,2016-09-22,2016-12-20,19.896614457978306,7.711111111111111,9.558010020687128,1.0610325772295084,90,0.0015921592712402344
ETS,7,s1_i19,2016-09-21,2016-09-22,2016-12-20,18.914711377203247,7.374035327515458,9.027719622183282,1.0146516624382784,90,0.16072988510131836
SARIMA,7,s1_i19,2016-09-21,2016-09-22,2016-12-20,18.770187800482308,7.312644678940549,8.949635815285266,1.0062044390567648,90,4.071130990982056
Prophet,7,s1_i19,2016-09-21,2016-09-22,2016-12-20,13.491771057212004,5.195631805380537,6.39593502715224,0.7149079458672426,90,0.18559789657592773
LightGBM,7,s1_i19,2016-09-21,2016-09-22,2016-12-20,14.243074275302867,5.528352740462036,6.787690961857777,0.7606896427149314,90,0.1413731575012207
Naive,7,s1_i20,2016-09-21,2016-09-22,2016-12-20,20.583110556821545,8.955555555555556,11.154470952143908,1.2325161901128139,90,0.0016241073608398438
SeasonalNaive,7,s1_i20,2016-09-21,2016-09-22,2016-12-20,20.977799326816104,10.044444444444444,12.561846997953765,1.3823754787369524,90,0.0009658336639404297
ETS,7,s1_i20,2016-09-21,2016-09-22,2016-12-20,20.448102821707696,9.224062039807995,11.112968987609309,1.269469630570911,90,0.1756439208984375
SARIMA,7,s1_i20,2016-09-21,2016-09-22,2016-12-20,20.387024417852764,9.195197395905403,11.079169007931545,1.265497108630637,90,4.220271825790405
Prophet,7,s1_i20,2016-09-21,2016-09-22,2016-12-20,12.70559695891474,5.557282285656826,7.071590984954971,0.7648258500110748,90,0.17672181129455566
LightGBM,7,s1_i20,2016-09-21,2016-09-22,2016-12-20,12.719352350480358,5.533842122207296,6.953000516247471,0.7615998769520931,90,0.13974332809448242
Naive,7,s1_i21,2016-09-21,2016-09-22,2016-12-20,27.375392859120595,10.566666666666666,12.630210695876068,1.5329937806053893,90,0.0010607242584228516
SeasonalNaive,7,s1_i21,2016-09-21,2016-09-22,2016-12-20,24.384322077269825,9.466666666666667,11.633285577743433,1.3734076772616106,90,0.0008420944213867188
ETS,7,s1_i21,2016-09-21,2016-09-22,2016-12-20,22.73397998493637,8.543305174064619,10.568539125127929,1.2394479840051957,90,0.10831499099731445
SARIMA,7,s1_i21,2016-09-21,2016-09-22,2016-12-20,22.79671650216834,8.60267299067173,10.663740339077512,1.2480609644746112,90,3.9175379276275635
Prophet,7,s1_i21,2016-09-21,2016-09-22,2016-12-20,14.355123559091407,5.167042584791088,6.267983912701279,0.7496256290165235,90,0.2037642002105713
LightGBM,7,s1_i21,2016-09-21,2016-09-22,2016-12-20,14.135926454615847,5.085500478973624,6.274741080609028,0.7377956409021098,90,0.14113593101501465
Naive,7,s1_i22,2016-09-21,2016-09-22,2016-12-20,17.7585769379852,13.7,17.425077713839137,1.3418343707966192,90,0.0011479854583740234
SeasonalNaive,7,s1_i22,2016-09-21,2016-09-22,2016-12-20,17.273794844994402,13.333333333333334,16.67932852365466,1.305921528755834,90,0.001233816146850586
ETS,7,s1_i22,2016-09-21,2016-09-22,2016-12-20,16.337253941500713,12.728881454882742,16.90033101923423,1.246719024668419,90,0.12595701217651367
SARIMA,7,s1_i22,2016-09-21,2016-09-22,2016-12-20,16.21079637544725,12.665901530144705,16.797687247041623,1.2405505116988071,90,3.87321400642395
Prophet,7,s1_i22,2016-09-21,2016-09-22,2016-12-20,12.238948817722608,9.23936667406192,11.465914469553748,0.9049415888794985,90,0.1875002384185791
LightGBM,7,s1_i22,2016-09-21,2016-09-22,2016-12-20,11.313736046129835,8.546795101155539,10.99855746341694,0.8371082793347935,90,0.1271679401397705
Naive,7,s1_i23,2016-09-21,2016-09-22,2016-12-20,27.856872927484716,7.311111111111111,9.19661773576448,1.2207741986525515,90,0.0010540485382080078
SeasonalNaive,7,s1_i23,2016-09-21,2016-09-22,2016-12-20,28.2007562018802,7.933333333333334,9.45515732285825,1.32466987513362,90,0.0008938312530517578
ETS,7,s1_i23,2016-09-21,2016-09-22,2016-12-20,22.237769672628033,6.041681858515143,7.698465217314307,1.0088110024936525,90,0.16807126998901367
SARIMA,7,s1_i23,2016-09-21,2016-09-22,2016-12-20,21.8297623437733,5.931457082542301,7.597605598996036,0.9904061991040002,90,3.592999219894409
Prophet,7,s1_i23,2016-09-21,2016-09-22,2016-12-20,18.336434728184468,4.843266728109068,6.154079612190748,0.8087054031886203,90,0.16823911666870117
LightGBM,7,s1_i23,2016-09-21,2016-09-22,2016-12-20,18.154442100375224,4.805120037321846,6.060587395141993,0.8023358520808215,90,0.13250303268432617
Naive,7,s1_i24,2016-09-21,2016-09-22,2016-12-20,17.39666284431017,10.844444444444445,13.773565664384481,1.2063251937598598,90,0.0010619163513183594
SeasonalNaive,7,s1_i24,2016-09-21,2016-09-22,2016-12-20,18.404757825834064,12.1,15.742017377423743,1.3459919426275484,90,0.0008308887481689453
ETS,7,s1_i24,2016-09-21,2016-09-22,2016-12-20,17.109463989213783,10.763241851388614,13.812689228724532,1.1972922982248506,90,0.1255497932434082
SARIMA,7,s1_i24,2016-09-21,2016-09-22,2016-12-20,16.857831352312548,10.589801479205985,13.64831808298828,1.1779989640526074,90,3.45556902885437
Prophet,7,s1_i24,2016-09-21,2016-09-22,2016-12-20,11.095935146642551,6.93979085469884,8.73326422828005,0.7719754193342964,90,0.19094514846801758
LightGBM,7,s1_i24,2016-09-21,2016-09-22,2016-12-20,10.201396485072515,6.443210177943692,8.237859773692941,0.7167362796833077,90,0.13576602935791016
Naive,7,s1_i25,2016-09-21,2016-09-22,2016-12-20,19.721087651222334,15.322222222222223,18.9423100785282,1.5407630371298413,90,0.0010199546813964844
SeasonalNaive,7,s1_i25,2016-09-21,2016-09-22,2016-12-20,18.762437887138418,14.866666666666667,18.44631851255601,1.4949535487162635,90,0.0008029937744140625
ETS,7,s1_i25,2016-09-21,2016-09-22,2016-12-20,18.005298508134118,14.206752846078091,18.01147754629914,1.4285943217250663,90,0.17035293579101562
SARIMA,7,s1_i25,2016-09-21,2016-09-22,2016-12-20,17.769313983478476,14.001033092400384,17.81508598293868,1.4079076753707038,90,3.970379114151001
Prophet,7,s1_i25,2016-09-21,2016-09-22,2016-12-20,9.63875903149628,7.159826347919528,8.778233037516232,0.7199736193059083,90,0.17615604400634766
LightGBM,7,s1_i25,2016-09-21,2016-09-22,2016-12-20,9.737336555625012,7.176774669922183,8.881161765961668,0.7216778987311989,90,0.1285088062286377
Naive,7,s1_i26,2016-09-21,2016-09-22,2016-12-20,20.472340026792867,8.988888888888889,11.345581616745006,1.204035903874627,90,0.0011909008026123047
SeasonalNaive,7,s1_i26,2016-09-21,2016-09-22,2016-12-20,25.232266961207873,11.61111111111111,13.945528952957568,1.5552750550667305,90,0.0008368492126464844
ETS,7,s1_i26,2016-09-21,2016-09-22,2016-12-20,19.912841499242703,8.895133469600731,11.593369619080486,1.1914776341706483,90,0.1445162296295166
SARIMA,7,s1_i26,2016-09-21,2016-09-22,2016-12-20,19.497449901856083,8.723183937393916,11.414393670156356,1.16844548715108,90,3.910719871520996
Prophet,7,s1_i26,2016-09-21,2016-09-22,2016-12-20,12.699095821700151,5.507275602760518,6.927944428129435,0.7376837827479353,90,0.21118688583374023
LightGBM,7,s1_i26,2016-09-21,2016-09-22,2016-12-20,12.947539296538594,5.579623195761051,7.150264163170573,0.7473745354770324,90,0.12640786170959473
Naive,7,s1_i27,2016-09-21,2016-09-22,2016-12-20,31.503505562675276,6.188888888888889,7.750985600410942,1.1981065481536168,90,0.0010547637939453125
SeasonalNaive,7,s1_i27,2016-09-21,2016-09-22,2016-12-20,24.71550589522354,5.344444444444444,6.665833281243488,1.034630609805906,90,0.0009911060333251953
ETS,7,s1_i27,2016-09-21,2016-09-22,2016-12-20,19.859299490221186,4.010496410623879,5.296685669526041,0.7763917073291815,90,0.18140077590942383
SARIMA,7,s1_i27,2016-09-21,2016-09-22,2016-12-20,21.29526820505932,4.3042839058064155,5.298271061545384,0.8332660070723523,90,3.4111201763153076
Prophet,7,s1_i27,2016-09-21,2016-09-22,2016-12-20,17.95514024569817,3.615133780558545,4.528629951024599,0.6998534846399784,90,0.17330598831176758
LightGBM,7,s1_i27,2016-09-21,2016-09-22,2016-12-20,17.137455941473426,3.453531618524435,4.389462618080177,0.6685689338902542,90,0.13381719589233398
Naive,7,s1_i28,2016-09-21,2016-09-22,2016-12-20,17.11651712520058,14.311111111111112,17.336538165261125,1.350933742517653,90,0.0009388923645019531
SeasonalNaive,7,s1_i28,2016-09-21,2016-09-22,2016-12-20,15.574709292759403,13.244444444444444,16.79219395367317,1.2502430287896291,90,0.0008161067962646484
ETS,7,s1_i28,2016-09-21,2016-09-22,2016-12-20,15.539866857785814,13.093882012689127,16.890548365446044,1.2360303049951886,90,0.1711421012878418
SARIMA,7,s1_i28,2016-09-21,2016-09-22,2016-12-20,15.398088921489968,13.013917906066965,16.90895226916711,1.2284818897123049,90,4.424177885055542
Prophet,7,s1_i28,2016-09-21,2016-09-22,2016-12-20,10.473278624210522,8.637343720997965,10.887446180396404,0.8153440349827032,90,0.17075777053833008
LightGBM,7,s1_i28,2016-09-21,2016-09-22,2016-12-20,11.047284510625449,8.983983126184501,11.390441387649254,0.8480659435275376,90,0.13403701782226562
Naive,7,s1_i29,2016-09-21,2016-09-22,2016-12-20,24.039475364712725,16.155555555555555,19.761916236370737,1.7897704629693854,90,0.00096893310546875
SeasonalNaive,7,s1_i29,2016-09-21,2016-09-22,2016-12-20,17.6416101910877,11.644444444444444,14.895935314336219,1.2900133735845365,90,0.0007717609405517578
ETS,7,s1_i29,2016-09-21,2016-09-22,2016-12-20,17.357165641497076,11.30276021766309,14.939010582907384,1.2521603678706286,90,0.1688849925994873
SARIMA,7,s1_i29,2016-09-21,2016-09-22,2016-12-20,16.842759172603536,10.929606864090154,14.509513780989195,1.2108210992774695,90,4.029705047607422
Prophet,7,s1_i29,2016-09-21,2016-09-22,2016-12-20,11.45633023841457,7.281056967356545,8.825303474018513,0.8066216388882376,90,0.18767809867858887
LightGBM,7,s1_i29,2016-09-21,2016-09-22,2016-12-20,9.315986716956,5.981956661895131,7.579106974130003,0.662702641664413,90,0.14165115356445312
Naive,7,s1_i30,2016-09-21,2016-09-22,2016-12-20,25.693260758912494,9.366666666666667,11.637582795981876,1.373926712721279,90,0.001730203628540039
SeasonalNaive,7,s1_i30,2016-09-21,2016-09-22,2016-12-20,23.720561579455936,9.21111111111111,11.326958991715296,1.3511094244910322,90,0.001878976821899414
ETS,7,s1_i30,2016-09-21,2016-09-22,2016-12-20,20.28796171758827,7.60700034839195,9.734112618932386,1.1158143397511504,90,0.1584160327911377
SARIMA,7,s1_i30,2016-09-21,2016-09-22,2016-12-20,20.06735651755014,7.525076212884585,9.570716973558799,1.1037974972397446,90,4.086744070053101
Prophet,7,s1_i30,2016-09-21,2016-09-22,2016-12-20,14.703291256281274,5.4504326821412965,6.851956952660787,0.7994834581369767,90,0.17042779922485352
LightGBM,7,s1_i30,2016-09-21,2016-09-22,2016-12-20,14.68957754926544,5.4644764680686775,6.838942186747285,0.8015434367099341,90,0.14226603507995605
Naive,7,s1_i31,2016-09-21,2016-09-22,2016-12-20,18.740451958561522,10.255555555555556,12.730104302618873,1.2493937209595027,90,0.0009989738464355469
SeasonalNaive,7,s1_i31,2016-09-21,2016-09-22,2016-12-20,21.084808413435766,11.666666666666666,14.341857930159847,1.421303799574732,90,0.0008020401000976562
ETS,7,s1_i31,2016-09-21,2016-09-22,2016-12-20,16.043353503217187,8.749232555182518,11.241240200616936,1.0658843549180448,90,0.12889313697814941
SARIMA,7,s1_i31,2016-09-21,2016-09-22,2016-12-20,16.027678406744094,8.742056168431073,11.231500614098579,1.0650100841388692,90,4.391387701034546
Prophet,7,s1_i31,2016-09-21,2016-09-22,2016-12-20,12.40222895422651,6.760617696947344,8.547855664526839,0.8236192817265802,90,0.15452313423156738
LightGBM,7,s1_i31,2016-09-21,2016-09-22,2016-12-20,11.532409097830833,6.331420926047806,7.913095061464537,0.7713319387627471,90,0.12984704971313477
Naive,7,s1_i32,2016-09-21,2016-09-22,2016-12-20,24.97597120457475,10.811111111111112,12.918978287774928,1.4779663869186266,90,0.001024007797241211
SeasonalNaive,7,s1_i32,2016-09-21,2016-09-22,2016-12-20,19.95912085650387,8.444444444444445,10.235016148280156,1.1544238993403455,90,0.0007927417755126953
ETS,7,s1_i32,2016-09-21,2016-09-22,2016-12-20,18.34325803432431,7.687884388148446,9.72866564140903,1.0509960165446954,90,0.09088683128356934
SARIMA,7,s1_i32,2016-09-21,2016-09-22,2016-12-20,17.909744552243403,7.488819700797081,9.5119956725195,1.0237822626849826,90,4.374695062637329
Prophet,7,s1_i32,2016-09-21,2016-09-22,2016-12-20,14.24748954409445,5.907722306430949,7.667334582041449,0.8076334525117052,90,0.1738293170928955
LightGBM,7,s1_i32,2016-09-21,2016-09-22,2016-12-20,14.130088206109518,5.892759065642814,7.570732058547127,0.805587856393328,90,0.1407918930053711
Naive,7,s1_i33,2016-09-21,2016-09-22,2016-12-20,17.580636320227462,11.044444444444444,13.98173411594173,1.2171648881393262,90,0.0010030269622802734
SeasonalNaive,7,s1_i33,2016-09-21,2016-09-22,2016-12-20,16.175443186762067,10.11111111111111,13.178264933847197,1.1143058835078339,90,0.0007917881011962891
ETS,7,s1_i33,2016-09-21,2016-09-22,2016-12-20,16.744604888976188,10.643498548178018,13.686393695444886,1.1729782140667768,90,0.11786389350891113
SARIMA,7,s1_i33,2016-09-21,2016-09-22,2016-12-20,16.487402342866233,10.481703039571487,13.476456383405942,1.1551473658855833,90,4.091713190078735
Prophet,7,s1_i33,2016-09-21,2016-09-22,2016-12-20,9.312168735067665,5.7725083680073075,7.398404002450149,0.6361654981716344,90,0.16631770133972168
LightGBM,7,s1_i33,2016-09-21,2016-09-22,2016-12-20,9.92089868838647,6.204887986696612,7.775900357680495,0.6838163594587694,90,0.14068388938903809
Naive,7,s1_i34,2016-09-21,2016-09-22,2016-12-20,20.325608995899543,4.811111111111111,5.871778076339209,0.8952597073472763,90,0.001077890396118164
SeasonalNaive,7,s1_i34,2016-09-21,2016-09-22,2016-12-20,18.600685067312465,4.2555555555555555,5.478239782184704,0.7918809882540574,90,0.0007998943328857422
ETS,7,s1_i34,2016-09-21,2016-09-22,2016-12-20,17.44226794037268,4.086063392642738,4.97515410852456,0.7603415993971782,90,0.1563119888305664
SARIMA,7,s1_i34,2016-09-21,2016-09-22,2016-12-20,17.418879884214494,4.0803770716595436,4.970790197403825,0.7592834791539061,90,3.63329815864563
Prophet,7,s1_i34,2016-09-21,2016-09-22,2016-12-20,14.42183499084471,3.3621017585369133,4.268461366124861,0.6256255918654893,90,0.17896318435668945
LightGBM,7,s1_i34,2016-09-21,2016-09-22,2016-12-20,13.233350230954793,3.0810355619743053,3.86569896199045,0.5733243177796077,90,0.14274001121520996
Naive,7,s1_i35,2016-09-21,2016-09-22,2016-12-20,20.246497589404473,12.355555555555556,14.76030713320921,1.3903082721877562,90,0.0010080337524414062
SeasonalNaive,7,s1_i35,2016-09-21,2016-09-22,2016-12-20,17.30720055807303,10.78888888888889,13.636144779388507,1.2140191837179057,90,0.0008213520050048828
ETS,7,s1_i35,2016-09-21,2016-09-22,2016-12-20,16.355453066860505,9.965449625743215,12.800488332110236,1.1213617217326486,90,0.12345218658447266
SARIMA,7,s1_i35,2016-09-21,2016-09-22,2016-12-20,16.324855352100844,9.94424232963012,12.77309948374492,1.1189753717960396,90,4.884495735168457
Prophet,7,s1_i35,2016-09-21,2016-09-22,2016-12-20,12.428342594777408,7.500421391780219,9.267596741882672,0.8439845427425753,90,0.2109229564666748
LightGBM,7,s1_i35,2016-09-21,2016-09-22,2016-12-20,11.64127498332458,7.041763906130275,9.021589868841161,0.7923741320627229,90,0.13573074340820312
Naive,7,s1_i36,2016-09-21,2016-09-22,2016-12-20,19.873245449829565,14.5,17.617226418101875,1.5501343234752425,90,0.0010499954223632812
SeasonalNaive,7,s1_i36,2016-09-21,2016-09-22,2016-12-20,18.361173086427073,13.5,16.72091172421196,1.4432285080631568,90,0.0007827281951904297
ETS,7,s1_i36,2016-09-21,2016-09-22,2016-12-20,17.136139321057847,12.508565920842962,16.792815911200954,1.3372384394035433,90,0.17029809951782227
SARIMA,7,s1_i36,2016-09-21,2016-09-22,2016-12-20,16.802179227426077,12.239195916311568,16.449094101340467,1.3084412194215573,90,3.687518358230591
Prophet,7,s1_i36,2016-09-21,2016-09-22,2016-12-20,10.792588202711535,7.8392212877770655,10.156213042662337,0.8380583439655876,90,0.18460321426391602
LightGBM,7,s1_i36,2016-09-21,2016-09-22,2016-12-20,10.453693424178203,7.515795561207606,9.526531361970285,0.8034822529414334,90,0.1395730972290039
Naive,7,s1_i37,2016-09-21,2016-09-22,2016-12-20,30.69062360591377,7.844444444444444,9.527737285304301,1.3499788007513116,90,0.0011720657348632812
SeasonalNaive,7,s1_i37,2016-09-21,2016-09-22,2016-12-20,27.564719489390267,7.1,8.70440501508671,1.2218646652692466,90,0.0009920597076416016
ETS,7,s1_i37,2016-09-21,2016-09-22,2016-12-20,20.024763459090455,5.240707988882164,6.581803520837071,0.9018923820576581,90,0.14527511596679688
SARIMA,7,s1_i37,2016-09-21,2016-09-22,2016-12-20,20.13019472002312,5.26005576606584,6.521868348042061,0.9052220109720575,90,3.7870821952819824
Prophet,7,s1_i37,2016-09-21,2016-09-22,2016-12-20,16.908421085717446,4.439711801219549,5.626986061095717,0.7640460526604295,90,0.16981124877929688
LightGBM,7,s1_i37,2016-09-21,2016-09-22,2016-12-20,16.60012915958013,4.404821077545172,5.698194961656886,0.758041581899388,90,0.13767600059509277
Naive,7,s1_i38,2016-09-21,2016-09-22,2016-12-20,19.887436702519366,14.844444444444445,18.083755755434826,1.5081875295706808,90,0.0009768009185791016
SeasonalNaive,7,s1_i38,2016-09-21,2016-09-22,2016-12-20,15.443084383411868,11.511111111111111,14.511298280229022,1.1695226651461268,90,0.0008189678192138672
ETS,7,s1_i38,2016-09-21,2016-09-22,2016-12-20,13.627844771499218,10.205037825921725,13.384564805092989,1.036826325528968,90,0.15606403350830078
SARIMA,7,s1_i38,2016-09-21,2016-09-22,2016-12-20,13.150332193766367,9.830304243760345,12.77074976982315,0.9987535961895648,90,3.6473658084869385
Prophet,7,s1_i38,2016-09-21,2016-09-22,2016-12-20,10.385660327977739,7.648851590555424,9.504863814811499,0.7771191860756962,90,0.21341395378112793
LightGBM,7,s1_i38,2016-09-21,2016-09-22,2016-12-20,10.649007905046798,7.810060010954515,9.373957438076317,0.7934978744272626,90,0.13427472114562988
Naive,7,s1_i39,2016-09-21,2016-09-22,2016-12-20,26.18950317457059,10.366666666666667,12.830086169278486,1.4412351004983568,90,0.0011248588562011719
SeasonalNaive,7,s1_i39,2016-09-21,2016-09-22,2016-12-20,19.476421195670355,8.122222222222222,10.659893683022046,1.1291992052136106,90,0.0011789798736572266
ETS,7,s1_i39,2016-09-21,2016-09-22,2016-12-20,16.81466890324729,6.8233982325017,8.780023530147563,0.9486290389736235,90,0.21483111381530762
SARIMA,7,s1_i39,2016-09-21,2016-09-22,2016-12-20,16.45907231023851,6.6747934214039155,8.658471554935739,0.9279691222671552,90,4.003326177597046
Prophet,7,s1_i39,2016-09-21,2016-09-22,2016-12-20,14.440979544156487,5.749719976394969,7.009033300308064,0.799359959615789,90,0.17967677116394043
LightGBM,7,s1_i39,2016-09-21,2016-09-22,2016-12-20,13.52225912004405,5.380654943364367,6.495641231886586,0.7480503634771759,90,0.1432480812072754
Naive,7,s1_i40,2016-09-21,2016-09-22,2016-12-20,29.965822746582205,8.877777777777778,10.52668566601621,1.5498881717724304,90,0.0010859966278076172
SeasonalNaive,7,s1_i40,2016-09-21,2016-09-22,2016-12-20,24.667044325007055,7.133333333333334,8.941787044856053,1.2453419352664585,90,0.001035928726196289
ETS,7,s1_i40,2016-09-21,2016-09-22,2016-12-20,20.87775976806357,5.799209992618618,7.2120802176736305,1.0124298217604093,90,0.0996708869934082
SARIMA,7,s1_i40,2016-09-21,2016-09-22,2016-12-20,21.019444012612606,5.844735416745696,7.262321836349998,1.0203776796743684,90,3.9095780849456787
Prophet,7,s1_i40,2016-09-21,2016-09-22,2016-12-20,16.89659218467033,4.489683057342224,5.427376803912947,0.7838117645836815,90,0.18890905380249023
LightGBM,7,s1_i40,2016-09-21,2016-09-22,2016-12-20,16.327183721244264,4.368045057521586,5.3291724723310665,0.762576124102573,90,0.14233803749084473
Naive,7,s1_i41,2016-09-21,2016-09-22,2016-12-20,59.297009892847264,10.333333333333334,11.907047399661167,2.0533117928068543,90,0.00109100341796875
SeasonalNaive,7,s1_i41,2016-09-21,2016-09-22,2016-12-20,29.754703653588617,5.944444444444445,7.451323521510942,1.181206246399642,90,0.0008199214935302734
ETS,7,s1_i41,2016-09-21,2016-09-22,2016-12-20,22.468510391556354,4.5301293277023404,5.6458616443580265,0.9001710940172324,90,0.16823911666870117
SARIMA,7,s1_i41,2016-09-21,2016-09-22,2016-12-20,24.28579940773026,4.863912895563083,5.91787999751769,0.966496423320485,90,3.933121919631958
Prophet,7,s1_i41,2016-09-21,2016-09-22,2016-12-20,20.558568029213582,4.086762921551549,4.83377973387744,0.812070822699444,90,0.16217589378356934
LightGBM,7,s1_i41,2016-09-21,2016-09-22,2016-12-20,22.403637773626656,4.470601074781606,5.247119690859703,0.8883423781726518,90,0.13736295700073242
Naive,7,s1_i42,2016-09-21,2016-09-22,2016-12-20,19.16950948209959,6.611111111111111,8.530338015967871,1.0735517681085953,90,0.0017120838165283203
SeasonalNaive,7,s1_i42,2016-09-21,2016-09-22,2016-12-20,20.054128445508677,6.811111111111111,8.792041856133306,1.1060289644547379,90,0.0021560192108154297
ETS,7,s1_i42,2016-09-21,2016-09-22,2016-12-20,16.540916098606782,5.638430349822315,7.474997751911018,0.9156020477761381,90,0.07862305641174316
SARIMA,7,s1_i42,2016-09-21,2016-09-22,2016-12-20,17.026894924023438,5.821689266545395,7.656518728813948,0.9453607268791222,90,3.8949761390686035
Prophet,7,s1_i42,2016-09-21,2016-09-22,2016-12-20,15.117440720784073,5.191689739345876,6.6285351376201325,0.843057635164944,90,0.22094202041625977
LightGBM,7,s1_i42,2016-09-21,2016-09-22,2016-12-20,15.401925625929788,5.249667378842533,6.63807737474302,0.852472391073038,90,0.13526296615600586
Naive,7,s1_i43,2016-09-21,2016-09-22,2016-12-20,19.937092406995763,9.577777777777778,11.387127235025815,1.268971144889974,90,0.001344919204711914
SeasonalNaive,7,s1_i43,2016-09-21,2016-09-22,2016-12-20,22.738749112409494,11.522222222222222,14.318209074849799,1.526592897042811,90,0.0009372234344482422
ETS,7,s1_i43,2016-09-21,2016-09-22,2016-12-20,19.87949569210217,9.701350058193679,11.911696925400864,1.285343382980511,90,0.11752796173095703
SARIMA,7,s1_i43,2016-09-21,2016-09-22,2016-12-20,19.43898708224981,9.561786344659415,11.855841540310205,1.2668524209371461,90,3.6849801540374756
Prophet,7,s1_i43,2016-09-21,2016-09-22,2016-12-20,12.115062491723556,5.818996901204884,7.264516997226893,0.7709658055510273,90,0.17925596237182617
LightGBM,7,s1_i43,2016-09-21,2016-09-22,2016-12-20,11.72668074224834,5.6287331045904905,6.788263631453551,0.7457575293284296,90,0.13280582427978516
Naive,7,s1_i44,2016-09-21,2016-09-22,2016-12-20,22.60879050855206,5.811111111111111,7.484057129065165,0.9892341887260819,90,0.0010349750518798828
SeasonalNaive,7,s1_i44,2016-09-21,2016-09-22,2016-12-20,28.012482451372822,7.766666666666667,9.44281031614353,1.3221313535746297,90,0.0008420944213867188
ETS,7,s1_i44,2016-09-21,2016-09-22,2016-12-20,23.57078039517334,6.219051722613407,7.692847154350052,1.0586785328716088,90,0.12106084823608398
SARIMA,7,s1_i44,2016-09-21,2016-09-22,2016-12-20,23.704859770393323,6.261285032616244,7.7449392203578595,1.0658679727840537,90,3.959350109100342
Prophet,7,s1_i44,2016-09-21,2016-09-22,2016-12-20,17.70902285941033,4.577171847630826,5.735616732101997,0.7791788511311373,90,0.1464238166809082
LightGBM,7,s1_i44,2016-09-21,2016-09-22,2016-12-20,16.070939187418773,4.13155653588408,5.238164644893339,0.7033210860719133,90,0.13236403465270996
Naive,7,s1_i45,2016-09-21,2016-09-22,2016-12-20,15.617650682525214,11.6,15.058404814440193,1.167594107902116,90,0.001483917236328125
SeasonalNaive,7,s1_i45,2016-09-21,2016-09-22,2016-12-20,17.38109568803336,13.377777777777778,17.34486795696192,1.3465357336342412,90,0.0014820098876953125
ETS,7,s1_i45,2016-09-21,2016-09-22,2016-12-20,15.234866390868396,11.530639561781635,14.963053555174262,1.1606126562654548,90,0.13707399368286133
SARIMA,7,s1_i45,2016-09-21,2016-09-22,2016-12-20,14.7862066211259,11.155677651542044,14.360293932944519,1.1228709909996384,90,3.9502062797546387
Prophet,7,s1_i45,2016-09-21,2016-09-22,2016-12-20,9.93662990611041,7.396439681954378,9.052253672988593,0.7444861544916667,90,0.16700410842895508
LightGBM,7,s1_i45,2016-09-21,2016-09-22,2016-12-20,9.778465930136434,7.2038196863182975,8.705949611683902,0.7250980534598719,90,0.12836909294128418
Naive,7,s1_i46,2016-09-21,2016-09-22,2016-12-20,18.281869177706643,10.177777777777777,12.662279942148386,1.1961894832969848,90,0.00098419189453125
SeasonalNaive,7,s1_i46,2016-09-21,2016-09-22,2016-12-20,16.191996869568275,9.077777777777778,11.575356965937978,1.0669069954734025,90,0.0009777545928955078
ETS,7,s1_i46,2016-09-21,2016-09-22,2016-12-20,16.534349852343148,9.207472010171314,11.38590160435105,1.0821498982190445,90,0.12188196182250977
SARIMA,7,s1_i46,2016-09-21,2016-09-22,2016-12-20,16.466059361261024,9.168323823049707,11.338883049662286,1.0775488300146223,90,4.201413154602051
Prophet,7,s1_i46,2016-09-21,2016-09-22,2016-12-20,11.757125336638454,6.529433978451044,8.168033386589187,0.7674013352854385,90,0.16357922554016113
LightGBM,7,s1_i46,2016-09-21,2016-09-22,2016-12-20,11.06935102750202,6.215417988184859,7.905195255399305,0.7304951821599857,90,0.11697721481323242
Naive,7,s1_i47,2016-09-21,2016-09-22,2016-12-20,68.66112829638104,11.444444444444445,12.731413467831798,2.3553899194016568,90,0.0012049674987792969
SeasonalNaive,7,s1_i47,2016-09-21,2016-09-22,2016-12-20,32.58689428750233,6.311111111111111,8.215162134059735,1.2988946351651856,90,0.0008509159088134766
ETS,7,s1_i47,2016-09-21,2016-09-22,2016-12-20,19.789797091691852,4.17869045027805,5.025901809722407,0.8600194977278058,90,0.1184539794921875
SARIMA,7,s1_i47,2016-09-21,2016-09-22,2016-12-20,19.678153503365724,4.1589077799858645,5.034804718772573,0.8559480111291112,90,4.161264896392822
Prophet,7,s1_i47,2016-09-21,2016-09-22,2016-12-20,16.397006906149905,3.4876786733156937,4.2772929344024195,0.7178018320695083,90,0.16556787490844727
LightGBM,7,s1_i47,2016-09-21,2016-09-22,2016-12-20,15.753409802398163,3.356928129699132,4.223787512362019,0.6908919620547838,90,0.1128387451171875
Naive,7,s1_i48,2016-09-21,2016-09-22,2016-12-20,25.26438556287553,11.433333333333334,14.0850590658644,1.434600760276267,90,0.0014770030975341797
SeasonalNaive,7,s1_i48,2016-09-21,2016-09-22,2016-12-20,23.349374680533703,11.744444444444444,13.903237033151669,1.4736375156579338,90,0.0007979869842529297
ETS,7,s1_i48,2016-09-21,2016-09-22,2016-12-20,20.185067252770466,9.585311108607897,11.97909387496888,1.2027196446554025,90,0.14794397354125977
SARIMA,7,s1_i48,2016-09-21,2016-09-22,2016-12-20,19.922787362428874,9.463929083459515,11.826488610144695,1.1874892004371744,90,3.9756040573120117
Prophet,7,s1_i48,2016-09-21,2016-09-22,2016-12-20,13.15846090044556,6.006005347326573,7.354161404328459,0.7536052336004104,90,0.14754319190979004
LightGBM,7,s1_i48,2016-09-21,2016-09-22,2016-12-20,12.002389465106528,5.51022751520613,6.720732314362776,0.6913973687413922,90,0.11771988868713379
Naive,7,s1_i49,2016-09-21,2016-09-22,2016-12-20,69.68493112656915,14.955555555555556,16.306781138873212,2.6951074404661943,90,0.001088857650756836
SeasonalNaive,7,s1_i49,2016-09-21,2016-09-22,2016-12-20,28.572272740641107,7.177777777777778,8.911914621573874,1.293491386731918,90,0.0008208751678466797
ETS,7,s1_i49,2016-09-21,2016-09-22,2016-12-20,17.284596897351477,4.714552559895429,5.846421042557185,0.8495990426730166,90,0.18422603607177734
SARIMA,7,s1_i49,2016-09-21,2016-09-22,2016-12-20,17.315571863809524,4.718132115635685,5.886604663621242,0.8502441064604024,90,3.139862060546875
Prophet,7,s1_i49,2016-09-21,2016-09-22,2016-12-20,14.769594413436964,4.056910689036366,5.130673118866279,0.7310868621839428,90,0.14583396911621094
LightGBM,7,s1_i49,2016-09-21,2016-09-22,2016-12-20,16.403868741566082,4.477685117945892,5.593654622947138,0.8069136871988597,90,0.08820700645446777
Naive,7,s1_i50,2016-09-21,2016-09-22,2016-12-20,23.688190544381087,14.166666666666666,17.491267662592225,1.5696912618029815,90,0.0015900135040283203
SeasonalNaive,7,s1_i50,2016-09-21,2016-09-22,2016-12-20,22.495527500939126,14.177777777777777,17.165857586111645,1.5709223922043956,90,0.0011153221130371094
ETS,7,s1_i50,2016-09-21,2016-09-22,2016-12-20,17.663481677479464,10.84032668589353,13.206066995015343,1.2011270169837704,90,0.234483003616333
SARIMA,7,s1_i50,2016-09-21,2016-09-22,2016-12-20,17.427780395926714,10.674474738318182,12.945736918952148,1.182750333252333,90,3.4729700088500977
Prophet,7,s1_i50,2016-09-21,2016-09-22,2016-12-20,13.072163754958222,8.028769080930246,9.74122814360012,0.8896015531320114,90,0.11156916618347168
LightGBM,7,s1_i50,2016-09-21,2016-09-22,2016-12-20,13.053289798775747,7.990488844977598,9.699588909364797,0.8853600365290966,90,0.08139896392822266
Naive,8,s1_i1,2016-12-20,2016-12-21,2017-03-20,25.15183115811153,4.188888888888889,5.021066730398144,0.8684722220421639,90,0.0007653236389160156
SeasonalNaive,8,s1_i1,2016-12-20,2016-12-21,2017-03-20,30.167664097338708,4.7555555555555555,5.779273310719955,0.9859578542017139,90,0.0006389617919921875
ETS,8,s1_i1,2016-12-20,2016-12-21,2017-03-20,21.181099330266743,3.4763488504760622,4.267269818951878,0.7207430158328916,90,0.11880302429199219
SARIMA,8,s1_i1,2016-12-20,2016-12-21,2017-03-20,21.18148080777445,3.475777885571463,4.286251540810297,0.7206246390574367,90,3.5976309776306152
Prophet,8,s1_i1,2016-12-20,2016-12-21,2017-03-20,23.023083820701952,3.8228057740588133,4.490725279971817,0.7925730935090782,90,0.17378616333007812
LightGBM,8,s1_i1,2016-12-20,2016-12-21,2017-03-20,21.240085539927204,3.4879971929228883,4.31923075848311,0.7231580385552027,90,0.12858176231384277
Naive,8,s1_i2,2016-12-20,2016-12-21,2017-03-20,18.929658945340076,8.177777777777777,10.250203250017371,0.9705982342435234,90,0.0007848739624023438
SeasonalNaive,8,s1_i2,2016-12-20,2016-12-21,2017-03-20,18.751311576697972,8.233333333333333,10.375719519896226,0.9771919722478952,90,0.0005450248718261719
ETS,8,s1_i2,2016-12-20,2016-12-21,2017-03-20,15.952663380632787,6.921801377087083,8.596342115459864,0.8215298063786143,90,0.08742094039916992
SARIMA,8,s1_i2,2016-12-20,2016-12-21,2017-03-20,17.409643753987623,7.5096455189804034,9.451977912293184,0.8912994310415016,90,4.349386930465698
Prophet,8,s1_i2,2016-12-20,2016-12-21,2017-03-20,17.743043057699996,7.8893122030661464,9.45751770057946,0.9363610386308011,90,0.16230297088623047
LightGBM,8,s1_i2,2016-12-20,2016-12-21,2017-03-20,15.369792456268716,6.691852380990374,8.201384544784146,0.7942377845552743,90,0.1362628936767578
Naive,8,s1_i3,2016-12-20,2016-12-21,2017-03-20,22.59827525700612,6.2,7.72298157737311,0.9255741773913094,90,0.0007679462432861328
SeasonalNaive,8,s1_i3,2016-12-20,2016-12-21,2017-03-20,23.79831903749039,6.455555555555556,7.986794656737388,0.9637250843447146,90,0.0005891323089599609
ETS,8,s1_i3,2016-12-20,2016-12-21,2017-03-20,16.97413464773086,4.609807655620302,5.814124972201443,0.6881804723843422,90,0.10259008407592773
SARIMA,8,s1_i3,2016-12-20,2016-12-21,2017-03-20,19.380060472991044,5.171262711413066,6.512707974113456,0.7719979403533065,90,3.8211729526519775
Prophet,8,s1_i3,2016-12-20,2016-12-21,2017-03-20,15.94524463901768,4.4248495694804015,5.556140191663974,0.6605687903793729,90,0.1708509922027588
LightGBM,8,s1_i3,2016-12-20,2016-12-21,2017-03-20,14.76173828100836,4.033211189111295,5.089118121256795,0.6021026013882438,90,0.128068208694458
Naive,8,s1_i4,2016-12-20,2016-12-21,2017-03-20,24.393611358827158,4.044444444444444,5.232377832092955,0.7948969398237942,90,0.00180816650390625
SeasonalNaive,8,s1_i4,2016-12-20,2016-12-21,2017-03-20,24.66265194262715,4.266666666666667,5.465040408511785,0.8385725958580685,90,0.0011157989501953125
ETS,8,s1_i4,2016-12-20,2016-12-21,2017-03-20,21.957462616572894,3.6935231825629065,4.6714593260055794,0.725926716343062,90,0.09357380867004395
SARIMA,8,s1_i4,2016-12-20,2016-12-21,2017-03-20,21.75682531677129,3.6521422530549734,4.630883169163251,0.7177936897470104,90,4.051382064819336
Prophet,8,s1_i4,2016-12-20,2016-12-21,2017-03-20,20.81242243295335,3.4790034913950265,4.497961508371056,0.6837649192449401,90,0.19173765182495117
LightGBM,8,s1_i4,2016-12-20,2016-12-21,2017-03-20,19.388491445049358,3.208008323261825,4.157282387403201,0.6305034063684277,90,0.12124419212341309
Naive,8,s1_i5,2016-12-20,2016-12-21,2017-03-20,26.56516821994292,3.7555555555555555,4.862555341016125,0.8274952917197421,90,0.00092315673828125
SeasonalNaive,8,s1_i5,2016-12-20,2016-12-21,2017-03-20,30.85762655091782,4.2,5.308274463305168,0.9254237286096525,90,0.0005807876586914062
ETS,8,s1_i5,2016-12-20,2016-12-21,2017-03-20,26.021129661282345,3.6530020042122056,4.472549970301884,0.8048987465134744,90,0.09554314613342285
SARIMA,8,s1_i5,2016-12-20,2016-12-21,2017-03-20,26.06808768372425,3.6572820546953015,4.4740399109969635,0.8058418084841182,90,3.584481716156006
Prophet,8,s1_i5,2016-12-20,2016-12-21,2017-03-20,27.020007827352575,3.8177784203276772,4.643682489696221,0.8412054144631209,90,0.17197489738464355
LightGBM,8,s1_i5,2016-12-20,2016-12-21,2017-03-20,26.18934228781744,3.6788816810716907,4.437979992251627,0.8106010481931214,90,0.1303253173828125
Naive,8,s1_i6,2016-12-20,2016-12-21,2017-03-20,21.58580889911745,10.077777777777778,12.256064258607292,1.1635648369062497,90,0.0010509490966796875
SeasonalNaive,8,s1_i6,2016-12-20,2016-12-21,2017-03-20,23.069593243145743,10.511111111111111,12.915967723024947,1.2135968420212924,90,0.0006468296051025391
ETS,8,s1_i6,2016-12-20,2016-12-21,2017-03-20,16.048702654599108,7.365638571138651,9.078455557086528,0.8504253846156112,90,0.10866308212280273
SARIMA,8,s1_i6,2016-12-20,2016-12-21,2017-03-20,16.98482951580367,7.7674101130122635,9.750127054896609,0.8968133134727632,90,4.2515869140625
Prophet,8,s1_i6,2016-12-20,2016-12-21,2017-03-20,15.091688968076328,6.869613813570277,8.303862119206045,0.7931551233667297,90,0.19501519203186035
LightGBM,8,s1_i6,2016-12-20,2016-12-21,2017-03-20,12.798217359971051,5.699668369333928,7.081573685789549,0.6580750084812974,90,0.12642502784729004
Naive,8,s1_i7,2016-12-20,2016-12-21,2017-03-20,21.79488931881979,9.78888888888889,11.525334413080314,1.1801626422394262,90,0.0008559226989746094
SeasonalNaive,8,s1_i7,2016-12-20,2016-12-21,2017-03-20,23.314666385115483,10.11111111111111,12.072006185109968,1.2190102207013367,90,0.0006668567657470703
ETS,8,s1_i7,2016-12-20,2016-12-21,2017-03-20,15.823055919667528,7.067811028175663,8.723486156757629,0.8521055487031409,90,0.22964096069335938
SARIMA,8,s1_i7,2016-12-20,2016-12-21,2017-03-20,15.93362247163041,7.098460553510746,8.805614364385248,0.8558006999315804,90,4.608409881591797
Prophet,8,s1_i7,2016-12-20,2016-12-21,2017-03-20,15.612056779478396,6.948720318681046,8.415308415783675,0.8377478000374199,90,0.19221997261047363
LightGBM,8,s1_i7,2016-12-20,2016-12-21,2017-03-20,13.765531075121523,6.025918117493557,7.36611438958889,0.7264934282308356,90,0.1273810863494873
Naive,8,s1_i8,2016-12-20,2016-12-21,2017-03-20,36.31164787304031,19.133333333333333,22.746916762986192,1.9933145619178143,90,0.0014770030975341797
SeasonalNaive,8,s1_i8,2016-12-20,2016-12-21,2017-03-20,23.23398289242802,12.733333333333333,15.237380935639097,1.3265612589766638,90,0.002463102340698242
ETS,8,s1_i8,2016-12-20,2016-12-21,2017-03-20,13.275255999876032,7.781013444731304,10.415556924053515,0.810627564766265,90,0.20528078079223633
SARIMA,8,s1_i8,2016-12-20,2016-12-21,2017-03-20,14.864546730423973,8.583000880149719,11.342629010240803,0.8941787790604103,90,3.9779751300811768
Prophet,8,s1_i8,2016-12-20,2016-12-21,2017-03-20,13.8950417573763,8.281343713313932,10.149638873488914,0.8627520740067182,90,0.1697096824645996
LightGBM,8,s1_i8,2016-12-20,2016-12-21,2017-03-20,10.579823323929787,6.250307448560684,8.01127877757282,0.651158302457111,90,0.13022708892822266
Naive,8,s1_i9,2016-12-20,2016-12-21,2017-03-20,20.39367391143074,8.122222222222222,10.061477691340041,1.0307243571523463,90,0.0011010169982910156
SeasonalNaive,8,s1_i9,2016-12-20,2016-12-21,2017-03-20,21.41232208266259,8.3,10.561460336735847,1.053284671399183,90,0.0008349418640136719
ETS,8,s1_i9,2016-12-20,2016-12-21,2017-03-20,17.5795030497121,6.873305517025064,8.486358783743324,0.8722346196296308,90,0.15873503684997559
SARIMA,8,s1_i9,2016-12-20,2016-12-21,2017-03-20,19.57336479313745,7.56487980876599,9.385187580773152,0.9599966197048674,90,4.173734188079834
Prophet,8,s1_i9,2016-12-20,2016-12-21,2017-03-20,13.727581731300306,5.336591211730344,6.989226425896323,0.6772228579324293,90,0.18207907676696777
LightGBM,8,s1_i9,2016-12-20,2016-12-21,2017-03-20,13.330651231993546,5.187987206300846,6.663215735361475,0.6583647469652714,90,0.1295008659362793
Naive,8,s1_i10,2016-12-20,2016-12-21,2017-03-20,34.79556774279399,17.855555555555554,20.72491790628427,1.832674206132877,90,0.0010821819305419922
SeasonalNaive,8,s1_i10,2016-12-20,2016-12-21,2017-03-20,17.651056752918603,10.155555555555555,12.80017360993375,1.0423548378378653,90,0.0008077621459960938
ETS,8,s1_i10,2016-12-20,2016-12-21,2017-03-20,13.164536226765202,7.33318933320003,9.208432325279144,0.7526703326496579,90,0.1582479476928711
SARIMA,8,s1_i10,2016-12-20,2016-12-21,2017-03-20,15.005098865097693,8.255528036879976,10.39069471616224,0.8473381432530832,90,4.28095269203186
Prophet,8,s1_i10,2016-12-20,2016-12-21,2017-03-20,12.254123898119719,6.80958050140531,8.528513198788621,0.6989277091200874,90,0.1929149627685547
LightGBM,8,s1_i10,2016-12-20,2016-12-21,2017-03-20,11.685165626534246,6.480995918791656,8.26483511367792,0.665202155904152,90,0.14919614791870117
Naive,8,s1_i11,2016-12-20,2016-12-21,2017-03-20,26.89447181853445,13.644444444444444,17.09060820710863,1.4750474476479503,90,0.0010581016540527344
SeasonalNaive,8,s1_i11,2016-12-20,2016-12-21,2017-03-20,18.92948051910728,9.988888888888889,12.680255868431397,1.0798596542634424,90,0.0010828971862792969
ETS,8,s1_i11,2016-12-20,2016-12-21,2017-03-20,13.562344480866036,7.292485123988125,9.588724762563698,0.7883620042536154,90,0.17213106155395508
SARIMA,8,s1_i11,2016-12-20,2016-12-21,2017-03-20,15.154602300930172,8.057903809902822,10.47451448380976,0.8711084204699403,90,4.861821889877319
Prophet,8,s1_i11,2016-12-20,2016-12-21,2017-03-20,13.815791397553143,7.487498276796427,9.116563044629213,0.8094441123950568,90,0.17216897010803223
LightGBM,8,s1_i11,2016-12-20,2016-12-21,2017-03-20,10.466859278425325,5.624111134024898,7.296617981158603,0.6080006267246466,90,0.12833929061889648
Naive,8,s1_i12,2016-12-20,2016-12-21,2017-03-20,36.90102121419254,17.42222222222222,20.397167559355992,1.8864160474183662,90,0.0009620189666748047
SeasonalNaive,8,s1_i12,2016-12-20,2016-12-21,2017-03-20,15.777808445697167,8.055555555555555,10.382142788889436,0.8722268076392319,90,0.0007076263427734375
ETS,8,s1_i12,2016-12-20,2016-12-21,2017-03-20,13.562108201999717,7.138702129408111,9.026600709052254,0.7729531906370927,90,0.13003802299499512
SARIMA,8,s1_i12,2016-12-20,2016-12-21,2017-03-20,17.48661021496639,8.926393647041767,11.525075787688284,0.9665180484194931,90,4.184837818145752
Prophet,8,s1_i12,2016-12-20,2016-12-21,2017-03-20,12.730348326278365,6.694189175769425,8.07664461806057,0.7248229143535201,90,0.2028501033782959
LightGBM,8,s1_i12,2016-12-20,2016-12-21,2017-03-20,10.284894674104253,5.377412103174915,6.726008787385705,0.5822469921243506,90,0.12534284591674805
Naive,8,s1_i13,2016-12-20,2016-12-21,2017-03-20,24.067421520157183,15.044444444444444,19.284420885494303,1.4530879070439444,90,0.0009388923645019531
SeasonalNaive,8,s1_i13,2016-12-20,2016-12-21,2017-03-20,14.922683105338297,9.822222222222223,12.765404637360914,0.9486925478780257,90,0.0007531642913818359
ETS,8,s1_i13,2016-12-20,2016-12-21,2017-03-20,12.593444227102795,8.346605574654616,11.264505338637678,0.806168128719097,90,0.1369919776916504
SARIMA,8,s1_i13,2016-12-20,2016-12-21,2017-03-20,15.096760769681264,9.738275325302576,12.980879749556053,0.9405844238992205,90,3.6370792388916016
Prophet,8,s1_i13,2016-12-20,2016-12-21,2017-03-20,11.863172892155225,7.786060052271251,9.718793442538853,0.7520270852973387,90,0.19095396995544434
LightGBM,8,s1_i13,2016-12-20,2016-12-21,2017-03-20,9.726883568765803,6.394162138030956,8.063078462506802,0.6175887526296847,90,0.14120006561279297
Naive,8,s1_i14,2016-12-20,2016-12-21,2017-03-20,18.874938871246954,8.133333333333333,10.053191864610298,0.9435922172888243,90,0.0011091232299804688
SeasonalNaive,8,s1_i14,2016-12-20,2016-12-21,2017-03-20,15.434563754962122,6.666666666666667,7.900773520499257,0.7734362436793643,90,0.0007848739624023438
ETS,8,s1_i14,2016-12-20,2016-12-21,2017-03-20,15.593534533104778,6.782308769878652,7.91480590816847,0.7868525127672831,90,0.2040388584136963
SARIMA,8,s1_i14,2016-12-20,2016-12-21,2017-03-20,15.562754156837407,6.768047792793526,7.929026028034924,0.7851980192850955,90,4.817260980606079
Prophet,8,s1_i14,2016-12-20,2016-12-21,2017-03-20,15.349592872992691,6.833409385901291,8.125250339185,0.7927809730432208,90,0.1716299057006836
LightGBM,8,s1_i14,2016-12-20,2016-12-21,2017-03-20,13.8292400371725,6.040678726774037,7.138194394030416,0.7008119795564933,90,0.13389801979064941
Naive,8,s1_i15,2016-12-20,2016-12-21,2017-03-20,15.655093855127003,10.855555555555556,13.043090976537052,0.9700623399347825,90,0.0010581016540527344
SeasonalNaive,8,s1_i15,2016-12-20,2016-12-21,2017-03-20,17.665874365687234,11.866666666666667,14.440683270999795,1.0604161505121266,90,0.0007581710815429688
ETS,8,s1_i15,2016-12-20,2016-12-21,2017-03-20,13.745459812937044,9.187817503079344,11.505616161439473,0.8210317473221913,90,0.21324515342712402
SARIMA,8,s1_i15,2016-12-20,2016-12-21,2017-03-20,18.312715171505282,11.772952580970173,14.856207083493148,1.052041774388275,90,4.352014064788818
Prophet,8,s1_i15,2016-12-20,2016-12-21,2017-03-20,10.790707527603626,7.472770450445656,9.521763205868238,0.6677735793305353,90,0.1855628490447998
LightGBM,8,s1_i15,2016-12-20,2016-12-21,2017-03-20,11.1030203911409,7.450203060207863,9.225057300622897,0.6657569367673557,90,0.13771390914916992
Naive,8,s1_i16,2016-12-20,2016-12-21,2017-03-20,23.308301059000957,4.633333333333334,5.648008498577175,0.8495425665532542,90,0.0010380744934082031
SeasonalNaive,8,s1_i16,2016-12-20,2016-12-21,2017-03-20,23.335302646982363,4.644444444444445,5.767726299562651,0.8515798388951085,90,0.0007958412170410156
ETS,8,s1_i16,2016-12-20,2016-12-21,2017-03-20,21.907688171601748,4.31339885251592,5.155879600696739,0.7908811363455186,90,0.14773297309875488
SARIMA,8,s1_i16,2016-12-20,2016-12-21,2017-03-20,21.915311617716608,4.315815342460812,5.1530155723068525,0.7913242106771374,90,4.319498777389526
Prophet,8,s1_i16,2016-12-20,2016-12-21,2017-03-20,19.11810956670039,3.7330377661241037,4.610299362947969,0.6844693132820067,90,0.17014408111572266
LightGBM,8,s1_i16,2016-12-20,2016-12-21,2017-03-20,19.500451701601833,3.8101249371949817,4.5901571526345775,0.698603593820111,90,0.13124299049377441
Naive,8,s1_i17,2016-12-20,2016-12-21,2017-03-20,21.646144523238057,5.3,6.541321646952464,0.866715775016923,90,0.0010721683502197266
SeasonalNaive,8,s1_i17,2016-12-20,2016-12-21,2017-03-20,27.414722391849523,6.666666666666667,7.94285143313715,1.0902085220338655,90,0.0007841587066650391
ETS,8,s1_i17,2016-12-20,2016-12-21,2017-03-20,40.44271244381169,8.585586566156781,10.819981057793589,1.404011946162539,90,0.20537090301513672
SARIMA,8,s1_i17,2016-12-20,2016-12-21,2017-03-20,19.80523260895421,4.879876287452051,5.975986378839711,0.798012407257681,90,4.717194080352783
Prophet,8,s1_i17,2016-12-20,2016-12-21,2017-03-20,19.780101481626527,4.86643841641738,5.974993995705915,0.7958148950296825,90,0.18151092529296875
LightGBM,8,s1_i17,2016-12-20,2016-12-21,2017-03-20,17.032734485159338,4.150510598714927,5.230028976249873,0.6787383038266342,90,0.12717795372009277
Naive,8,s1_i18,2016-12-20,2016-12-21,2017-03-20,16.581533075626815,10.577777777777778,13.866826922150896,1.0209172183706874,90,0.0010178089141845703
SeasonalNaive,8,s1_i18,2016-12-20,2016-12-21,2017-03-20,15.314525392696707,9.866666666666667,12.815788873278322,0.9522841280600531,90,0.0007610321044921875
ETS,8,s1_i18,2016-12-20,2016-12-21,2017-03-20,14.03773572053257,8.991646470501555,11.150828471504193,0.8678313059782933,90,0.16127800941467285
SARIMA,8,s1_i18,2016-12-20,2016-12-21,2017-03-20,14.3934484474807,9.11431362099289,11.793379312447161,0.8796705607533526,90,4.46361231803894
Prophet,8,s1_i18,2016-12-20,2016-12-21,2017-03-20,14.48934522372329,9.460489519649665,11.788850445885938,0.9130818256663025,90,0.179520845413208
LightGBM,8,s1_i18,2016-12-20,2016-12-21,2017-03-20,11.600131021304115,7.41593706823611,9.299050983094626,0.7157512667000118,90,0.13765692710876465
Naive,8,s1_i19,2016-12-20,2016-12-21,2017-03-20,22.54686656218953,6.833333333333333,8.689073598491383,0.9384695915718843,90,0.0020411014556884766
SeasonalNaive,8,s1_i19,2016-12-20,2016-12-21,2017-03-20,20.23534338716935,6.188888888888889,7.796722958326074,0.84996351626917,90,0.000926971435546875
ETS,8,s1_i19,2016-12-20,2016-12-21,2017-03-20,15.524597127614332,4.879999936317627,6.432451043243661,0.6702046166497792,90,0.18737292289733887
SARIMA,8,s1_i19,2016-12-20,2016-12-21,2017-03-20,15.497953946349813,4.869081436843334,6.420026209629613,0.6687051025411621,90,4.171320199966431
Prophet,8,s1_i19,2016-12-20,2016-12-21,2017-03-20,17.064036712628976,5.444467220297468,6.669937920524839,0.7477268675940112,90,0.15631628036499023
LightGBM,8,s1_i19,2016-12-20,2016-12-21,2017-03-20,16.011701008304694,5.060297070138669,6.128864945203396,0.694966086533479,90,0.1268770694732666
Naive,8,s1_i20,2016-12-20,2016-12-21,2017-03-20,18.97189438430407,7.0,8.716523262045353,0.9582582296382918,90,0.0010571479797363281
SeasonalNaive,8,s1_i20,2016-12-20,2016-12-21,2017-03-20,19.55712848567624,7.144444444444445,8.913784580948517,0.9780318121546375,90,0.0007827281951904297
ETS,8,s1_i20,2016-12-20,2016-12-21,2017-03-20,14.849519193881763,5.44399736654756,7.041271553502965,0.7452507540890553,90,0.14110684394836426
SARIMA,8,s1_i20,2016-12-20,2016-12-21,2017-03-20,14.863585686361144,5.445095715624278,7.0609594152467725,0.7454011115235954,90,4.556116104125977
Prophet,8,s1_i20,2016-12-20,2016-12-21,2017-03-20,13.949109675587057,5.12317428221815,6.355236919062192,0.7013319882581129,90,0.18751883506774902
LightGBM,8,s1_i20,2016-12-20,2016-12-21,2017-03-20,13.374080857497791,4.864480659676394,5.994774381195291,0.6659183750073158,90,0.12797808647155762
Naive,8,s1_i21,2016-12-20,2016-12-21,2017-03-20,22.54939113940129,6.5777777777777775,8.347987115999215,0.9558643838825802,90,0.0010218620300292969
SeasonalNaive,8,s1_i21,2016-12-20,2016-12-21,2017-03-20,24.05279493282212,6.9222222222222225,8.948618763685142,1.0059180931737288,90,0.0008177757263183594
ETS,8,s1_i21,2016-12-20,2016-12-21,2017-03-20,17.29129386115379,5.031707759816601,6.50779878130164,0.7311937861389972,90,0.20052194595336914
SARIMA,8,s1_i21,2016-12-20,2016-12-21,2017-03-20,18.896996469994782,5.445881799203915,7.071893034767167,0.7913804063554166,90,4.399205923080444
Prophet,8,s1_i21,2016-12-20,2016-12-21,2017-03-20,18.22388525611583,5.451225328178192,6.6575148315758845,0.7921569131337411,90,0.17117691040039062
LightGBM,8,s1_i21,2016-12-20,2016-12-21,2017-03-20,16.343603484722507,4.834724241447474,5.965450458579463,0.7025686887608156,90,0.15565896034240723
Naive,8,s1_i22,2016-12-20,2016-12-21,2017-03-20,19.156059597719967,11.966666666666667,14.61696122850285,1.1589972480252075,90,0.001092672348022461
SeasonalNaive,8,s1_i22,2016-12-20,2016-12-21,2017-03-20,21.65097680832163,12.944444444444445,15.926567601198808,1.253697116016125,90,0.0013270378112792969
ETS,8,s1_i22,2016-12-20,2016-12-21,2017-03-20,13.369339714868639,8.313512601745032,10.229040431377229,0.8051814674244046,90,0.16098713874816895
SARIMA,8,s1_i22,2016-12-20,2016-12-21,2017-03-20,13.607925632927811,8.429239603316601,10.609751504494001,0.8163898749183035,90,4.205983877182007
Prophet,8,s1_i22,2016-12-20,2016-12-21,2017-03-20,13.77197600906733,8.559567232793368,10.323891099227668,0.8290123844368457,90,0.19651007652282715
LightGBM,8,s1_i22,2016-12-20,2016-12-21,2017-03-20,11.955381749251524,7.358822643589361,9.04487537586674,0.7127177041191353,90,0.14947986602783203
Naive,8,s1_i23,2016-12-20,2016-12-21,2017-03-20,22.910712984581394,5.4,6.679986693266852,0.8939084545956282,90,0.0009958744049072266
SeasonalNaive,8,s1_i23,2016-12-20,2016-12-21,2017-03-20,28.153798592388235,6.3,7.842193570679061,1.0428931970282327,90,0.0008099079132080078
ETS,8,s1_i23,2016-12-20,2016-12-21,2017-03-20,20.241051074083874,4.763094232559811,6.1365393695765285,0.7884759638001648,90,0.18695688247680664
SARIMA,8,s1_i23,2016-12-20,2016-12-21,2017-03-20,20.80124489746988,4.857006055261262,6.34173122845125,0.8040219957074449,90,3.670966148376465
Prophet,8,s1_i23,2016-12-20,2016-12-21,2017-03-20,18.648993154707018,4.365356162619755,5.646146499118749,0.722634959460542,90,0.2085728645324707
LightGBM,8,s1_i23,2016-12-20,2016-12-21,2017-03-20,17.795539952322706,4.121094054491559,5.457483571417887,0.6822001513877372,90,0.1437089443206787
Naive,8,s1_i24,2016-12-20,2016-12-21,2017-03-20,25.641435139230545,12.644444444444444,16.099689437998485,1.3927130242976604,90,0.0010890960693359375
SeasonalNaive,8,s1_i24,2016-12-20,2016-12-21,2017-03-20,18.08574459542225,9.033333333333333,11.157956802210698,0.9949698495202091,90,0.0010349750518798828
ETS,8,s1_i24,2016-12-20,2016-12-21,2017-03-20,13.160419601393361,6.79769407107909,8.708749284920097,0.7487270088914368,90,0.14284706115722656
SARIMA,8,s1_i24,2016-12-20,2016-12-21,2017-03-20,14.04956075834586,7.2160429648875635,9.30456303738803,0.7948057398050415,90,4.355274200439453
Prophet,8,s1_i24,2016-12-20,2016-12-21,2017-03-20,12.887141245409289,6.662764273104038,8.375086307486965,0.7338652656308801,90,0.22692513465881348
LightGBM,8,s1_i24,2016-12-20,2016-12-21,2017-03-20,10.926688804151572,5.575924243013983,7.097325183938067,0.61415607066506,90,0.13094305992126465
Naive,8,s1_i25,2016-12-20,2016-12-21,2017-03-20,16.88219031355747,10.255555555555556,12.88711673640686,1.0265515167303936,90,0.0010597705841064453
SeasonalNaive,8,s1_i25,2016-12-20,2016-12-21,2017-03-20,16.258483845630167,9.588888888888889,11.78369872135042,0.959820107192123,90,0.0007967948913574219
ETS,8,s1_i25,2016-12-20,2016-12-21,2017-03-20,11.485622304959966,6.966550978937104,9.064412130288602,0.697331649667036,90,0.12508678436279297
SARIMA,8,s1_i25,2016-12-20,2016-12-21,2017-03-20,14.52775562039849,8.569930315314604,11.205847453313913,0.8578252943785468,90,4.600775957107544
Prophet,8,s1_i25,2016-12-20,2016-12-21,2017-03-20,11.856410418588142,7.517988042132993,9.369968523893062,0.7525289084150949,90,0.23436284065246582
LightGBM,8,s1_i25,2016-12-20,2016-12-21,2017-03-20,9.503672441211066,5.804195611095367,7.116869099590849,0.5809832315463551,90,0.1434309482574463
Naive,8,s1_i26,2016-12-20,2016-12-21,2017-03-20,40.80563966616751,13.1,15.196856400073157,1.7435251796240632,90,0.0021097660064697266
SeasonalNaive,8,s1_i26,2016-12-20,2016-12-21,2017-03-20,28.08486799425915,9.377777777777778,11.48719093406023,1.248121502631645,90,0.0009238719940185547
ETS,8,s1_i26,2016-12-20,2016-12-21,2017-03-20,22.03381704782717,7.5727232649999845,9.39010542100623,1.0078804344162153,90,0.20715594291687012
SARIMA,8,s1_i26,2016-12-20,2016-12-21,2017-03-20,25.42984900730537,8.587398232624198,10.731037664498484,1.1429271027511043,90,4.277230262756348
Prophet,8,s1_i26,2016-12-20,2016-12-21,2017-03-20,18.186887810037845,6.368473718619534,7.89764262967056,0.8476026171135305,90,0.21756815910339355
LightGBM,8,s1_i26,2016-12-20,2016-12-21,2017-03-20,15.485920706437708,5.299454843911204,6.367221953425958,0.7053231266137323,90,0.13782882690429688
Naive,8,s1_i27,2016-12-20,2016-12-21,2017-03-20,27.81083844345366,4.522222222222222,5.824278686860908,0.8754449510871208,90,0.0012080669403076172
SeasonalNaive,8,s1_i27,2016-12-20,2016-12-21,2017-03-20,26.30619672358101,4.344444444444444,5.512611802847076,0.8410294247544576,90,0.0009160041809082031
ETS,8,s1_i27,2016-12-20,2016-12-21,2017-03-20,25.676975799651043,4.202955830075752,5.19909868602648,0.8136390208780828,90,0.16600799560546875
SARIMA,8,s1_i27,2016-12-20,2016-12-21,2017-03-20,25.848190708902248,4.22111247847285,5.252279588536495,0.8171539180650885,90,4.306682109832764
Prophet,8,s1_i27,2016-12-20,2016-12-21,2017-03-20,24.011207648408426,3.872810185653628,4.899769309180045,0.7497270052074495,90,0.16542387008666992
LightGBM,8,s1_i27,2016-12-20,2016-12-21,2017-03-20,22.73069307384872,3.635362490819623,4.578958475785488,0.7037601386151314,90,0.1485610008239746
Naive,8,s1_i28,2016-12-20,2016-12-21,2017-03-20,16.69858043262704,11.0,13.817862835233722,1.0317192069230567,90,0.0010421276092529297
SeasonalNaive,8,s1_i28,2016-12-20,2016-12-21,2017-03-20,15.303139600816607,10.21111111111111,13.441643418041478,0.9577272233962516,90,0.0008172988891601562
ETS,8,s1_i28,2016-12-20,2016-12-21,2017-03-20,12.943808177639216,8.626349398977963,11.103842557329884,0.8090882145958846,90,0.17096686363220215
SARIMA,8,s1_i28,2016-12-20,2016-12-21,2017-03-20,13.396852060780805,8.939056786611657,11.478319991371423,0.8384178707748315,90,4.519641160964966
Prophet,8,s1_i28,2016-12-20,2016-12-21,2017-03-20,14.62012727505109,9.889820852850486,11.957355023146564,0.9275925569921829,90,0.21265387535095215
LightGBM,8,s1_i28,2016-12-20,2016-12-21,2017-03-20,11.540428050221433,7.63706481327542,9.308991267299517,0.716300586579318,90,0.1442551612854004
Naive,8,s1_i29,2016-12-20,2016-12-21,2017-03-20,33.85177132002164,16.533333333333335,19.47191710016134,1.8174449605680985,90,0.0010607242584228516
SeasonalNaive,8,s1_i29,2016-12-20,2016-12-21,2017-03-20,16.220778535789282,8.566666666666666,10.982309006357047,0.9417003122298412,90,0.0008080005645751953
ETS,8,s1_i29,2016-12-20,2016-12-21,2017-03-20,15.284933048662083,8.108251688234734,10.492261177697964,0.8913085384959673,90,0.19925498962402344
SARIMA,8,s1_i29,2016-12-20,2016-12-21,2017-03-20,19.65443608496697,10.019529602433394,12.942043934916459,1.101407878016459,90,4.026978969573975
Prophet,8,s1_i29,2016-12-20,2016-12-21,2017-03-20,14.747657378723314,8.081650918561156,9.93606900134179,0.8883844194562207,90,0.2586967945098877
LightGBM,8,s1_i29,2016-12-20,2016-12-21,2017-03-20,12.706383740200684,6.812498739009707,8.653039745204708,0.7488714618199426,90,0.12954068183898926
Naive,8,s1_i30,2016-12-20,2016-12-21,2017-03-20,20.659076548181645,6.388888888888889,8.086339647138802,0.9346276019178832,90,0.0010221004486083984
SeasonalNaive,8,s1_i30,2016-12-20,2016-12-21,2017-03-20,27.545167384540015,8.5,10.586679261117613,1.2434610703777054,90,0.0016698837280273438
ETS,8,s1_i30,2016-12-20,2016-12-21,2017-03-20,16.075434753408242,4.9694955936656475,6.43225247087589,0.7269852129572678,90,0.11420989036560059
SARIMA,8,s1_i30,2016-12-20,2016-12-21,2017-03-20,17.954864743199472,5.488003720161243,7.376513773761412,0.8028375270715915,90,4.258867025375366
Prophet,8,s1_i30,2016-12-20,2016-12-21,2017-03-20,17.222762429836784,5.320728361568451,6.3256088382571685,0.778366892195873,90,0.18504571914672852
LightGBM,8,s1_i30,2016-12-20,2016-12-21,2017-03-20,14.06044619277306,4.354315271319578,5.438645868024535,0.6369907680043566,90,0.14095616340637207
Naive,8,s1_i31,2016-12-20,2016-12-21,2017-03-20,21.59653593091915,9.6,12.657891697365017,1.1455222027906236,90,0.002233743667602539
SeasonalNaive,8,s1_i31,2016-12-20,2016-12-21,2017-03-20,16.193079670595996,7.266666666666667,9.7182531580755,0.8670966673901248,90,0.0009260177612304688
ETS,8,s1_i31,2016-12-20,2016-12-21,2017-03-20,15.52757678185971,6.964564175159002,8.964512972776227,0.8310482182713336,90,0.13531494140625
SARIMA,8,s1_i31,2016-12-20,2016-12-21,2017-03-20,15.90892024975914,7.119774561942043,9.22123952349626,0.849568733288385,90,4.780447006225586
Prophet,8,s1_i31,2016-12-20,2016-12-21,2017-03-20,14.296746357676597,6.416042661788856,8.105796703086956,0.7655957628261444,90,0.17181706428527832
LightGBM,8,s1_i31,2016-12-20,2016-12-21,2017-03-20,12.291572694188625,5.501345277179862,7.217217043739561,0.6564492875236322,90,0.12462687492370605
Naive,8,s1_i32,2016-12-20,2016-12-21,2017-03-20,27.581443265622486,9.022222222222222,11.816184757451207,1.229373622747184,90,0.0014967918395996094
SeasonalNaive,8,s1_i32,2016-12-20,2016-12-21,2017-03-20,21.246585853563733,7.377777777777778,9.27242027616187,1.0053005979114906,90,0.001302957534790039
ETS,8,s1_i32,2016-12-20,2016-12-21,2017-03-20,17.90382143138298,6.102585545025079,7.482666619131289,0.8315421095629153,90,0.10268521308898926
SARIMA,8,s1_i32,2016-12-20,2016-12-21,2017-03-20,17.32073109031402,5.922253203115361,7.626164344816529,0.8069699122692171,90,4.300562858581543
Prophet,8,s1_i32,2016-12-20,2016-12-21,2017-03-20,17.001879687378104,5.755065148155665,6.910596986132587,0.7841887637069915,90,0.19843125343322754
LightGBM,8,s1_i32,2016-12-20,2016-12-21,2017-03-20,16.088356447045378,5.475677926998129,6.640751337468678,0.7461192868349056,90,0.13527798652648926
Naive,8,s1_i33,2016-12-20,2016-12-21,2017-03-20,18.932847425592296,10.244444444444444,12.706953477000955,1.1312162023034118,90,0.0017120838165283203
SeasonalNaive,8,s1_i33,2016-12-20,2016-12-21,2017-03-20,24.774016645826105,12.155555555555555,14.082297792303326,1.3422456890671721,90,0.0008420944213867188
ETS,8,s1_i33,2016-12-20,2016-12-21,2017-03-20,14.306075786345543,7.719397046254719,9.913916606696665,0.8523943936727544,90,0.14663314819335938
SARIMA,8,s1_i33,2016-12-20,2016-12-21,2017-03-20,15.494314217050494,8.29411905977632,10.79886147301659,0.9158565811092476,90,4.5189597606658936
Prophet,8,s1_i33,2016-12-20,2016-12-21,2017-03-20,13.211472549756342,7.0460234535690995,8.470777103851722,0.7780388615226125,90,0.1891920566558838
LightGBM,8,s1_i33,2016-12-20,2016-12-21,2017-03-20,11.635867298085529,6.103420169281403,7.702961100203441,0.6739543390955424,90,0.12659811973571777
Naive,8,s1_i34,2016-12-20,2016-12-21,2017-03-20,23.57306155579881,4.7,6.017566876330592,0.886433145826804,90,0.0011620521545410156
SeasonalNaive,8,s1_i34,2016-12-20,2016-12-21,2017-03-20,17.874157195139713,3.6222222222222222,4.74692883171144,0.6831612424102556,90,0.002202749252319336
ETS,8,s1_i34,2016-12-20,2016-12-21,2017-03-20,18.127987162826358,3.665132250806743,4.816679291793268,0.6912541938199779,90,0.15941810607910156
SARIMA,8,s1_i34,2016-12-20,2016-12-21,2017-03-20,18.143817481541873,3.6677689972229586,4.81638849872796,0.6917514915690148,90,4.00571608543396
Prophet,8,s1_i34,2016-12-20,2016-12-21,2017-03-20,20.16217347694727,4.099381180071164,4.897278128699838,0.77315475646674,90,0.1811380386352539
LightGBM,8,s1_i34,2016-12-20,2016-12-21,2017-03-20,18.886672058917732,3.8048590076552733,4.630226695234391,0.7176070509751735,90,0.12933969497680664
Naive,8,s1_i35,2016-12-20,2016-12-21,2017-03-20,35.351057045956594,16.08888888888889,18.803073034893938,1.7916550906066762,90,0.002666950225830078
SeasonalNaive,8,s1_i35,2016-12-20,2016-12-21,2017-03-20,16.37596073645435,8.144444444444444,10.169125385750297,0.9069635230764458,90,0.0022420883178710938
ETS,8,s1_i35,2016-12-20,2016-12-21,2017-03-20,12.814534711536577,6.485132178982708,8.348143694802218,0.7221828780081755,90,0.12849879264831543
SARIMA,8,s1_i35,2016-12-20,2016-12-21,2017-03-20,13.645082816525822,6.872859640559156,8.795595715812764,0.7653601219495638,90,4.803209066390991
Prophet,8,s1_i35,2016-12-20,2016-12-21,2017-03-20,13.91857586849522,7.163653048963704,8.895608497986125,0.7977428112751569,90,0.25243091583251953
LightGBM,8,s1_i35,2016-12-20,2016-12-21,2017-03-20,11.228949167611505,5.617672550226225,6.888245432918315,0.6255827665591702,90,0.1420302391052246
Naive,8,s1_i36,2016-12-20,2016-12-21,2017-03-20,16.804335970823843,9.822222222222223,12.361229712289955,1.0314727214306274,90,0.0011529922485351562
SeasonalNaive,8,s1_i36,2016-12-20,2016-12-21,2017-03-20,21.25373341040473,12.28888888888889,15.17087853604911,1.290507726133794,90,0.0008997917175292969
ETS,8,s1_i36,2016-12-20,2016-12-21,2017-03-20,13.711997606488646,8.040175501431044,10.867212432059738,0.8443325265516791,90,0.19892311096191406
SARIMA,8,s1_i36,2016-12-20,2016-12-21,2017-03-20,19.35136375441658,10.819438850847478,14.227427802077832,1.1361946190330674,90,4.022444009780884
Prophet,8,s1_i36,2016-12-20,2016-12-21,2017-03-20,13.762311260957347,8.068161495048852,9.631011138111335,0.8472714530334676,90,0.26659202575683594
LightGBM,8,s1_i36,2016-12-20,2016-12-21,2017-03-20,9.966020226740156,5.811788502900562,7.42257530321801,0.6103202684524284,90,0.13623404502868652
Naive,8,s1_i37,2016-12-20,2016-12-21,2017-03-20,37.62712506387626,7.644444444444445,9.578912023583657,1.3057449492719155,90,0.0010459423065185547
SeasonalNaive,8,s1_i37,2016-12-20,2016-12-21,2017-03-20,23.89166139960016,5.233333333333333,6.700746227100382,0.8939038824230701,90,0.0009539127349853516
ETS,8,s1_i37,2016-12-20,2016-12-21,2017-03-20,19.823422914384498,4.265789234064158,5.300588714831557,0.7286380046997106,90,0.16056394577026367
SARIMA,8,s1_i37,2016-12-20,2016-12-21,2017-03-20,20.025437360140504,4.3404827344502985,5.4611368437464884,0.7413963760347947,90,4.2770068645477295
Prophet,8,s1_i37,2016-12-20,2016-12-21,2017-03-20,21.057654390048434,4.541029045821369,5.612141957827956,0.7756516231061754,90,0.22042179107666016
LightGBM,8,s1_i37,2016-12-20,2016-12-21,2017-03-20,18.78577964729875,3.990606948884351,4.856433239700878,0.6816342123883191,90,0.13286685943603516
Naive,8,s1_i38,2016-12-20,2016-12-21,2017-03-20,16.609904137335203,10.6,14.01427843308388,1.0732388435623994,90,0.0010340213775634766
SeasonalNaive,8,s1_i38,2016-12-20,2016-12-21,2017-03-20,17.567290621635628,11.11111111111111,14.36198686347633,1.1249883056209637,90,0.0009217262268066406
ETS,8,s1_i38,2016-12-20,2016-12-21,2017-03-20,13.13536581695737,8.49338029329901,10.99015652497981,0.8599458154637645,90,0.17835497856140137
SARIMA,8,s1_i38,2016-12-20,2016-12-21,2017-03-20,13.73107243317644,8.822294103060045,11.431822211919535,0.8932479925222206,90,4.303638935089111
Prophet,8,s1_i38,2016-12-20,2016-12-21,2017-03-20,11.675955232644428,7.514143326373255,9.59005290775999,0.7607991032036749,90,0.20170021057128906
LightGBM,8,s1_i38,2016-12-20,2016-12-21,2017-03-20,10.97223207543898,6.957555098611923,8.923092968232233,0.7044451309486733,90,0.14160513877868652
Naive,8,s1_i39,2016-12-20,2016-12-21,2017-03-20,32.286222708218745,10.0,12.26104943849968,1.388969101741815,90,0.0010900497436523438
SeasonalNaive,8,s1_i39,2016-12-20,2016-12-21,2017-03-20,25.904741163340915,8.155555555555555,9.85900603509299,1.132781467420547,90,0.0008499622344970703
ETS,8,s1_i39,2016-12-20,2016-12-21,2017-03-20,17.73496804729695,5.882464561896691,7.211650764982163,0.8170561518565707,90,0.20743417739868164
SARIMA,8,s1_i39,2016-12-20,2016-12-21,2017-03-20,18.588147253126877,6.123022836208587,7.669287962732641,0.8504689528753262,90,4.571106910705566
Prophet,8,s1_i39,2016-12-20,2016-12-21,2017-03-20,17.039138634428756,5.770357897170156,7.240273473206515,0.801484882516122,90,0.18325209617614746
LightGBM,8,s1_i39,2016-12-20,2016-12-21,2017-03-20,15.909289498349757,5.365813690780524,6.652489898852858,0.7452949422197358,90,0.12883830070495605
Naive,8,s1_i40,2016-12-20,2016-12-21,2017-03-20,26.088983854440063,6.111111111111111,7.254117604658903,1.0659172406376423,90,0.0022590160369873047
SeasonalNaive,8,s1_i40,2016-12-20,2016-12-21,2017-03-20,26.828010500250425,6.411111111111111,7.615043590741217,1.1182440869962174,90,0.0011529922485351562
ETS,8,s1_i40,2016-12-20,2016-12-21,2017-03-20,23.764700712741806,5.546153758175999,6.482433014954016,0.967375785283699,90,0.09788393974304199
SARIMA,8,s1_i40,2016-12-20,2016-12-21,2017-03-20,23.803145519742706,5.556010935852045,6.49121554434603,0.969095102022978,90,4.085205793380737
Prophet,8,s1_i40,2016-12-20,2016-12-21,2017-03-20,20.892532494399987,4.838486259283466,5.736207322817968,0.8439424236586767,90,0.1782529354095459
LightGBM,8,s1_i40,2016-12-20,2016-12-21,2017-03-20,20.65149632966647,4.772591513284043,5.617830368621511,0.8324488761595129,90,0.14688801765441895
Naive,8,s1_i41,2016-12-20,2016-12-21,2017-03-20,39.705292122640984,6.3,7.6121248311128245,1.2470370367901955,90,0.001094818115234375
SeasonalNaive,8,s1_i41,2016-12-20,2016-12-21,2017-03-20,26.386968221040846,4.177777777777778,5.133766215514255,0.826959304820306,90,0.0008351802825927734
ETS,8,s1_i41,2016-12-20,2016-12-21,2017-03-20,22.429304940602254,3.698886166540702,4.540220304064811,0.7321663562773274,90,0.12804007530212402
SARIMA,8,s1_i41,2016-12-20,2016-12-21,2017-03-20,24.56629290064702,4.02823115435091,4.986261888255896,0.7973576892424932,90,4.204590082168579
Prophet,8,s1_i41,2016-12-20,2016-12-21,2017-03-20,21.215132848989526,3.4934921711559896,4.318827927426206,0.6915101785981129,90,0.19231486320495605
LightGBM,8,s1_i41,2016-12-20,2016-12-21,2017-03-20,21.36171130115621,3.4947015605505576,4.299299541068286,0.6917495680214347,90,0.13303279876708984
Naive,8,s1_i42,2016-12-20,2016-12-21,2017-03-20,36.577248047845806,9.533333333333333,11.320581060862361,1.5198983535307464,90,0.0010390281677246094
SeasonalNaive,8,s1_i42,2016-12-20,2016-12-21,2017-03-20,26.359245535067238,7.222222222222222,8.792673717994495,1.1514381466142019,90,0.0007889270782470703
ETS,8,s1_i42,2016-12-20,2016-12-21,2017-03-20,16.0325514441974,4.469969331101307,5.874102981622686,0.7126467510497002,90,0.13655304908752441
SARIMA,8,s1_i42,2016-12-20,2016-12-21,2017-03-20,16.600815648867865,4.6324176836694155,6.122244362820875,0.7385458752037615,90,4.064120054244995
Prophet,8,s1_i42,2016-12-20,2016-12-21,2017-03-20,14.966640281746727,4.140451911303058,5.196115762798834,0.6601118226779108,90,0.18679594993591309
LightGBM,8,s1_i42,2016-12-20,2016-12-21,2017-03-20,13.477286543416891,3.6622097060504037,4.670473888602015,0.5838657170465379,90,0.12880277633666992
Naive,8,s1_i43,2016-12-20,2016-12-21,2017-03-20,17.327361282914467,6.611111111111111,8.3166499665831,0.8655265225988367,90,0.0011320114135742188
SeasonalNaive,8,s1_i43,2016-12-20,2016-12-21,2017-03-20,15.35308442324728,5.9,7.722262190144371,0.7724278714285417,90,0.0008780956268310547
ETS,8,s1_i43,2016-12-20,2016-12-21,2017-03-20,12.859454235204183,4.901280983392335,6.196054477969353,0.6416755995381239,90,0.2189500331878662
SARIMA,8,s1_i43,2016-12-20,2016-12-21,2017-03-20,14.29182837810042,5.348870244967131,6.715086852946691,0.7002739759097327,90,3.9002459049224854
Prophet,8,s1_i43,2016-12-20,2016-12-21,2017-03-20,13.36353514495508,5.1064956067790215,6.595711373388779,0.6685422935599185,90,0.16349387168884277
LightGBM,8,s1_i43,2016-12-20,2016-12-21,2017-03-20,12.85914426497434,4.918646202846674,6.2773805292795695,0.6439490536906671,90,0.14227986335754395
Naive,8,s1_i44,2016-12-20,2016-12-21,2017-03-20,23.064096606343092,5.233333333333333,6.551505340165894,0.8837565826477167,90,0.0009679794311523438
SeasonalNaive,8,s1_i44,2016-12-20,2016-12-21,2017-03-20,27.355324677687598,5.6,6.937819061732104,0.945675833661251,90,0.0007359981536865234
ETS,8,s1_i44,2016-12-20,2016-12-21,2017-03-20,20.781361879332692,4.6885375936934395,5.868664326125156,0.7917565531371713,90,0.11928105354309082
SARIMA,8,s1_i44,2016-12-20,2016-12-21,2017-03-20,20.912463438661412,4.715939340776796,5.908072386775142,0.7963839049258905,90,4.198039770126343
Prophet,8,s1_i44,2016-12-20,2016-12-21,2017-03-20,17.299839740260136,3.932782905199362,4.875884275299498,0.6641317415148434,90,0.16014599800109863
LightGBM,8,s1_i44,2016-12-20,2016-12-21,2017-03-20,17.901749444165336,4.049597071662287,5.066428796448512,0.6838582297743561,90,0.12399792671203613
Naive,8,s1_i45,2016-12-20,2016-12-21,2017-03-20,17.072218283095115,10.6,12.887547822952547,1.0608822304389753,90,0.0010449886322021484
SeasonalNaive,8,s1_i45,2016-12-20,2016-12-21,2017-03-20,17.75133966003535,10.822222222222223,13.309144725839197,1.0831229480582412,90,0.0008399486541748047
ETS,8,s1_i45,2016-12-20,2016-12-21,2017-03-20,13.617865448964766,8.374458074067107,10.071793275991121,0.8381428075786791,90,0.16698384284973145
SARIMA,8,s1_i45,2016-12-20,2016-12-21,2017-03-20,17.015158711068796,10.197180587704445,12.853756612765869,1.0205667628370672,90,4.2748260498046875
Prophet,8,s1_i45,2016-12-20,2016-12-21,2017-03-20,11.201280684466491,6.850769602736313,8.221915114286027,0.6856471449409842,90,0.1833798885345459
LightGBM,8,s1_i45,2016-12-20,2016-12-21,2017-03-20,10.088783571971105,6.094834007902697,7.292522496800095,0.6099906694772766,90,0.1278669834136963
Naive,8,s1_i46,2016-12-20,2016-12-21,2017-03-20,18.890104411368508,8.577777777777778,10.452006718541872,1.0042785664814733,90,0.0010309219360351562
SeasonalNaive,8,s1_i46,2016-12-20,2016-12-21,2017-03-20,18.17256157345476,7.988888888888889,9.986101452630162,0.9353319809587815,90,0.0008177757263183594
ETS,8,s1_i46,2016-12-20,2016-12-21,2017-03-20,13.42672230407227,6.0204863171623,7.576554269159935,0.7048731646773279,90,0.12254905700683594
SARIMA,8,s1_i46,2016-12-20,2016-12-21,2017-03-20,13.434063120313297,6.026259868929977,7.59344027030314,0.7055491269653428,90,4.302870750427246
Prophet,8,s1_i46,2016-12-20,2016-12-21,2017-03-20,13.176261359140618,5.921330613729053,7.351152715852559,0.693264103416685,90,0.18709897994995117
LightGBM,8,s1_i46,2016-12-20,2016-12-21,2017-03-20,10.930695887512966,4.813069867215289,5.978636770444514,0.5635099243471414,90,0.12802910804748535
Naive,8,s1_i47,2016-12-20,2016-12-21,2017-03-20,28.797470147416277,4.822222222222222,5.729068180971686,0.9936408203959507,90,0.0012118816375732422
SeasonalNaive,8,s1_i47,2016-12-20,2016-12-21,2017-03-20,25.59406700243215,4.055555555555555,5.195083145522205,0.8356656669228617,90,0.001837015151977539
ETS,8,s1_i47,2016-12-20,2016-12-21,2017-03-20,21.218515589065102,3.393219035495215,4.132744246190401,0.699188214652387,90,0.11029791831970215
SARIMA,8,s1_i47,2016-12-20,2016-12-21,2017-03-20,20.96959296807524,3.345483951701525,4.072693195479715,0.6893521835371362,90,4.417896032333374
Prophet,8,s1_i47,2016-12-20,2016-12-21,2017-03-20,22.043086692896217,3.5723111172275988,4.535345404563939,0.7360909526056326,90,0.18273091316223145
LightGBM,8,s1_i47,2016-12-20,2016-12-21,2017-03-20,19.311536547543263,3.052672382044247,4.063986093053256,0.6290170278997825,90,0.12165188789367676
Naive,8,s1_i48,2016-12-20,2016-12-21,2017-03-20,18.99973209326141,7.677777777777778,9.731392500562292,0.9595559788626966,90,0.0010082721710205078
SeasonalNaive,8,s1_i48,2016-12-20,2016-12-21,2017-03-20,20.965727421678455,7.844444444444444,9.694213623485805,0.9803857034400344,90,0.0007240772247314453
ETS,8,s1_i48,2016-12-20,2016-12-21,2017-03-20,15.147593877562693,6.15412698015083,7.802960649453096,0.7691326200630338,90,0.133591890335083
SARIMA,8,s1_i48,2016-12-20,2016-12-21,2017-03-20,16.67876796737141,6.680105901771427,8.581267578020986,0.8348685964880871,90,4.278559923171997
Prophet,8,s1_i48,2016-12-20,2016-12-21,2017-03-20,13.271849566099544,5.357640549846528,6.727070721911044,0.6695890622260804,90,0.17372798919677734
LightGBM,8,s1_i48,2016-12-20,2016-12-21,2017-03-20,12.657152289947371,5.132202274752455,6.378522840713207,0.6414141591496824,90,0.11154508590698242
Naive,8,s1_i49,2016-12-20,2016-12-21,2017-03-20,52.88606107606597,10.28888888888889,11.943384965931745,1.8560903442915775,90,0.0011110305786132812
SeasonalNaive,8,s1_i49,2016-12-20,2016-12-21,2017-03-20,27.376259309547947,6.277777777777778,7.6033618295534975,1.1324957284284463,90,0.0024399757385253906
ETS,8,s1_i49,2016-12-20,2016-12-21,2017-03-20,19.62031836162438,4.508106492502581,5.604609865116511,0.8132513648590701,90,0.16060185432434082
SARIMA,8,s1_i49,2016-12-20,2016-12-21,2017-03-20,19.548275339171987,4.494493390471853,5.640219815426992,0.8107955946094394,90,3.6489710807800293
Prophet,8,s1_i49,2016-12-20,2016-12-21,2017-03-20,18.83110105719644,4.277193501539428,5.329263005529916,0.7715952271043859,90,0.13277387619018555
LightGBM,8,s1_i49,2016-12-20,2016-12-21,2017-03-20,17.809434388977202,4.009082905183811,5.146697315625308,0.723228732483638,90,0.09147977828979492
Naive,8,s1_i50,2016-12-20,2016-12-21,2017-03-20,18.144511318590567,9.188888888888888,11.914044000441011,0.9957619904798574,90,0.0010380744934082031
SeasonalNaive,8,s1_i50,2016-12-20,2016-12-21,2017-03-20,19.854576980832622,10.6,13.111487753535489,1.1486782816418186,90,0.000965118408203125
ETS,8,s1_i50,2016-12-20,2016-12-21,2017-03-20,14.215835869198687,7.283961587688458,8.790394770558892,0.7893328754802821,90,0.2311708927154541
SARIMA,8,s1_i50,2016-12-20,2016-12-21,2017-03-20,15.625191245148958,7.9815050819504565,9.78355097303545,0.8649227870236126,90,3.7539772987365723
Prophet,8,s1_i50,2016-12-20,2016-12-21,2017-03-20,12.914394036830167,6.533224215913229,8.029673946983566,0.7079785628222571,90,0.11596393585205078
LightGBM,8,s1_i50,2016-12-20,2016-12-21,2017-03-20,11.270261593696619,5.696055282600714,6.907031183292864,0.6172580183164709,90,0.08049702644348145
Naive,9,s1_i1,2017-03-20,2017-03-21,2017-06-18,48.868834359997926,10.0,11.74544829095746,2.0845798200713,90,0.0007421970367431641
SeasonalNaive,9,s1_i1,2017-03-20,2017-03-21,2017-06-18,26.144202096345115,5.9222222222222225,7.346200832176225,1.2345344934422255,90,0.000576019287109375
ETS,9,s1_i1,2017-03-20,2017-03-21,2017-06-18,26.709439767191807,6.063635252908763,7.368294902034609,1.264013168448654,90,0.13697290420532227
SARIMA,9,s1_i1,2017-03-20,2017-03-21,2017-06-18,26.88914717391479,6.096882382725958,7.407804463790055,1.2709437980378757,90,4.166553258895874
Prophet,9,s1_i1,2017-03-20,2017-03-21,2017-06-18,18.300826139009892,4.255985366516269,5.208222088654125,0.8871941209558569,90,0.18606019020080566
LightGBM,9,s1_i1,2017-03-20,2017-03-21,2017-06-18,17.590642980669788,4.085349741734002,4.927807210218314,0.8516237629552198,90,0.14751005172729492
Naive,9,s1_i2,2017-03-20,2017-03-21,2017-06-18,61.89292340680872,32.53333333333333,35.56277704441979,3.856902017948138,90,0.0007579326629638672
SeasonalNaive,9,s1_i2,2017-03-20,2017-03-21,2017-06-18,25.962218378534445,15.78888888888889,18.954624179280838,1.8718093468252406,90,0.0005631446838378906
ETS,9,s1_i2,2017-03-20,2017-03-21,2017-06-18,24.40939325742521,15.292889425919551,18.07734924447673,1.8130074616932434,90,0.1611030101776123
SARIMA,9,s1_i2,2017-03-20,2017-03-21,2017-06-18,25.730539151014124,15.973510239829292,18.806332290844523,1.8936966355854357,90,4.614315986633301
Prophet,9,s1_i2,2017-03-20,2017-03-21,2017-06-18,12.567784621531489,8.239410793577449,10.24668341029979,0.9768012330876802,90,0.2091372013092041
LightGBM,9,s1_i2,2017-03-20,2017-03-21,2017-06-18,11.493094699775124,7.484180709512839,9.276020000205044,0.8872669574141986,90,0.1317911148071289
Naive,9,s1_i3,2017-03-20,2017-03-21,2017-06-18,61.109440832173775,20.6,22.52208792373488,3.100009815966201,90,0.0009567737579345703
SeasonalNaive,9,s1_i3,2017-03-20,2017-03-21,2017-06-18,26.77528952323843,10.177777777777777,12.793227374930325,1.5316121852346491,90,0.0006117820739746094
ETS,9,s1_i3,2017-03-20,2017-03-21,2017-06-18,24.952192644273644,9.922250149361815,12.138606903894077,1.4931588766744528,90,0.10535502433776855
SARIMA,9,s1_i3,2017-03-20,2017-03-21,2017-06-18,25.998406462006603,10.261863483803982,12.487121018457946,1.5442658995095853,90,4.008632183074951
Prophet,9,s1_i3,2017-03-20,2017-03-21,2017-06-18,12.47477768624485,5.2805251738195285,6.9676981016898125,0.794644653995008,90,0.18329906463623047
LightGBM,9,s1_i3,2017-03-20,2017-03-21,2017-06-18,12.3673853551783,5.22554038821687,6.97791064269355,0.7863702183106858,90,0.13411927223205566
Naive,9,s1_i4,2017-03-20,2017-03-21,2017-06-18,34.24036592929938,7.677777777777778,9.530652303663864,1.5246157164502716,90,0.0007500648498535156
SeasonalNaive,9,s1_i4,2017-03-20,2017-03-21,2017-06-18,25.316482666475764,5.811111111111111,7.221111025627874,1.1539421413943445,90,0.0005950927734375
ETS,9,s1_i4,2017-03-20,2017-03-21,2017-06-18,24.042450448803255,5.615544006061482,6.9094755771299745,1.1151073781842995,90,0.10654997825622559
SARIMA,9,s1_i4,2017-03-20,2017-03-21,2017-06-18,23.87685064257412,5.580965248070604,6.857366159128483,1.1082408968385107,90,4.388346910476685
Prophet,9,s1_i4,2017-03-20,2017-03-21,2017-06-18,18.17205094566988,4.289519233585728,5.28853951827488,0.8517918372773476,90,0.17950010299682617
LightGBM,9,s1_i4,2017-03-20,2017-03-21,2017-06-18,18.703174902831023,4.4119353971973645,5.368850657926283,0.8761006428187172,90,0.13921308517456055
Naive,9,s1_i5,2017-03-20,2017-03-21,2017-06-18,47.75290967108125,8.677777777777777,9.810991568417311,1.8960993914519115,90,0.0007512569427490234
SeasonalNaive,9,s1_i5,2017-03-20,2017-03-21,2017-06-18,37.79966747881766,7.0,8.351979140033551,1.5295039905437955,90,0.0005829334259033203
ETS,9,s1_i5,2017-03-20,2017-03-21,2017-06-18,30.53062384988109,5.964166000363859,7.016314067688899,1.30317367111745,90,0.08261990547180176
SARIMA,9,s1_i5,2017-03-20,2017-03-21,2017-06-18,31.014047213895857,6.040116070827429,7.095060572313308,1.3197688048111804,90,5.338547945022583
Prophet,9,s1_i5,2017-03-20,2017-03-21,2017-06-18,14.970630265506472,3.129766337664056,4.115505522463172,0.6838557289895448,90,0.20279598236083984
LightGBM,9,s1_i5,2017-03-20,2017-03-21,2017-06-18,15.287898865308527,3.174882203784717,4.0254997797619065,0.6937135714564577,90,0.13520002365112305
Naive,9,s1_i6,2017-03-20,2017-03-21,2017-06-18,18.341311025129794,11.555555555555555,14.180581401652363,1.3263452129854283,90,0.0007631778717041016
SeasonalNaive,9,s1_i6,2017-03-20,2017-03-21,2017-06-18,20.785688970776125,12.88888888888889,15.430849332136942,1.4793850452529778,90,0.0005886554718017578
ETS,9,s1_i6,2017-03-20,2017-03-21,2017-06-18,15.104016590759016,9.551368273843524,11.681350713243546,1.0963048489159544,90,0.10365533828735352
SARIMA,9,s1_i6,2017-03-20,2017-03-21,2017-06-18,15.197263485068977,9.601524230579589,11.786636844061894,1.1020617433205337,90,4.844573020935059
Prophet,9,s1_i6,2017-03-20,2017-03-21,2017-06-18,12.300346720108445,7.674080254212764,9.284120539118089,0.8808299661843257,90,0.2238941192626953
LightGBM,9,s1_i6,2017-03-20,2017-03-21,2017-06-18,11.482382291896306,7.267604814154164,8.957760144437517,0.834174766308741,90,0.14111018180847168
Naive,9,s1_i7,2017-03-20,2017-03-21,2017-06-18,37.6618673899116,21.833333333333332,25.308540499646007,2.625961085515016,90,0.0007052421569824219
SeasonalNaive,9,s1_i7,2017-03-20,2017-03-21,2017-06-18,30.131884759216387,17.522222222222222,21.154721038629233,2.1074507032352066,90,0.0005807876586914062
ETS,9,s1_i7,2017-03-20,2017-03-21,2017-06-18,22.99944046597776,14.177697882033852,17.116616070929854,1.7051946375760105,90,0.20577597618103027
SARIMA,9,s1_i7,2017-03-20,2017-03-21,2017-06-18,23.987586216475137,14.702993218294498,17.687837543278675,1.7683734976411853,90,4.754508972167969
Prophet,9,s1_i7,2017-03-20,2017-03-21,2017-06-18,10.509161669586467,6.966195665926125,8.594162407108595,0.8378454381437573,90,0.18825292587280273
LightGBM,9,s1_i7,2017-03-20,2017-03-21,2017-06-18,10.666084763847635,7.060044431063898,8.581987217069251,0.8491329131899603,90,0.15027689933776855
Naive,9,s1_i8,2017-03-20,2017-03-21,2017-06-18,55.145290266473836,38.43333333333333,41.53646323145217,4.026399234184892,90,0.0007321834564208984
SeasonalNaive,9,s1_i8,2017-03-20,2017-03-21,2017-06-18,27.965817255256987,21.344444444444445,24.699752585355544,2.236112439684643,90,0.0005948543548583984
ETS,9,s1_i8,2017-03-20,2017-03-21,2017-06-18,22.880196424244218,18.406614928383693,21.60751968636044,1.928335999607467,90,0.15384411811828613
SARIMA,9,s1_i8,2017-03-20,2017-03-21,2017-06-18,23.905126960675734,19.086956388709243,22.28306957354282,1.9996107524653775,90,4.336906671524048
Prophet,9,s1_i8,2017-03-20,2017-03-21,2017-06-18,10.13488893008284,8.565636573807296,10.715910728349368,0.8973635526734728,90,0.20380020141601562
LightGBM,9,s1_i8,2017-03-20,2017-03-21,2017-06-18,9.888187842583157,8.259071390763268,10.888914719938539,0.8652468011148545,90,0.1447279453277588
Naive,9,s1_i9,2017-03-20,2017-03-21,2017-06-18,33.765955613201776,16.955555555555556,19.96274307581779,2.16535043846611,90,0.0010340213775634766
SeasonalNaive,9,s1_i9,2017-03-20,2017-03-21,2017-06-18,17.012780223833904,9.322222222222223,11.71466317626475,1.190517049720227,90,0.000827789306640625
ETS,9,s1_i9,2017-03-20,2017-03-21,2017-06-18,14.713562764744855,8.059461774959033,10.58352262513468,1.0292531572337849,90,0.2644379138946533
SARIMA,9,s1_i9,2017-03-20,2017-03-21,2017-06-18,15.064230211085142,8.235633989174849,10.799751550975278,1.0517516580966935,90,5.203896999359131
Prophet,9,s1_i9,2017-03-20,2017-03-21,2017-06-18,14.115109941806292,7.782160053186355,9.079490120378795,0.9938396667786676,90,0.20517897605895996
LightGBM,9,s1_i9,2017-03-20,2017-03-21,2017-06-18,13.400899502256062,7.4323418016992475,8.756656545399537,0.9491652766202829,90,0.1442270278930664
Naive,9,s1_i10,2017-03-20,2017-03-21,2017-06-18,57.3432624199437,38.01111111111111,41.04347288749658,3.9118577690209757,90,0.0010788440704345703
SeasonalNaive,9,s1_i10,2017-03-20,2017-03-21,2017-06-18,21.386768566826696,16.31111111111111,19.498148060207612,1.6786340850402783,90,0.0009131431579589844
ETS,9,s1_i10,2017-03-20,2017-03-21,2017-06-18,20.87499157536886,16.36506490892395,19.30688133005628,1.6841866610364231,90,0.18203115463256836
SARIMA,9,s1_i10,2017-03-20,2017-03-21,2017-06-18,22.129922739034104,17.17362884382084,20.1074278484403,1.7673988328992967,90,5.677210807800293
Prophet,9,s1_i10,2017-03-20,2017-03-21,2017-06-18,9.631826630610583,7.986294526748837,10.097808494437338,0.8218977919069548,90,0.2364490032196045
LightGBM,9,s1_i10,2017-03-20,2017-03-21,2017-06-18,9.00426705670135,7.47154599632108,9.392528614368283,0.7689232016099259,90,0.15008902549743652
Naive,9,s1_i11,2017-03-20,2017-03-21,2017-06-18,47.453197465162134,30.622222222222224,33.31666249791537,3.3383492150155725,90,0.0017690658569335938
SeasonalNaive,9,s1_i11,2017-03-20,2017-03-21,2017-06-18,25.758642220742168,17.322222222222223,19.745885647395003,1.8884203288132357,90,0.0009639263153076172
ETS,9,s1_i11,2017-03-20,2017-03-21,2017-06-18,18.947245857746566,13.87303832505481,15.867941668936792,1.512399925330004,90,0.19033074378967285
SARIMA,9,s1_i11,2017-03-20,2017-03-21,2017-06-18,19.551157355561088,14.249022611106133,16.219032545907307,1.5533886830069945,90,4.961293935775757
Prophet,9,s1_i11,2017-03-20,2017-03-21,2017-06-18,8.325200925543562,6.317251943855346,8.22077649541424,0.6886891785574232,90,0.20577502250671387
LightGBM,9,s1_i11,2017-03-20,2017-03-21,2017-06-18,8.776063367545385,6.6370974454022,8.630370385747733,0.7235578426036381,90,0.13312602043151855
Naive,9,s1_i12,2017-03-20,2017-03-21,2017-06-18,57.08468313593804,36.1,38.92428547834886,3.9622896823889038,90,0.0013918876647949219
SeasonalNaive,9,s1_i12,2017-03-20,2017-03-21,2017-06-18,25.28360174825202,18.011111111111113,20.735637599713847,1.9768764466458644,90,0.0008676052093505859
ETS,9,s1_i12,2017-03-20,2017-03-21,2017-06-18,23.75480310734492,17.314359070442414,19.840070390820742,1.900401836620241,90,0.23255610466003418
SARIMA,9,s1_i12,2017-03-20,2017-03-21,2017-06-18,25.669475703347906,18.47413118929586,20.9324350758845,2.027696936355846,90,4.874475955963135
Prophet,9,s1_i12,2017-03-20,2017-03-21,2017-06-18,9.9256667072072,7.655093126480787,9.582150680901366,0.8402131998000286,90,0.2345871925354004
LightGBM,9,s1_i12,2017-03-20,2017-03-21,2017-06-18,10.158457379419204,7.7534544662287725,9.3478335020899,0.8510092142495963,90,0.12677907943725586
Naive,9,s1_i13,2017-03-20,2017-03-21,2017-06-18,47.480883565182815,36.766666666666666,40.49046526995927,3.5868206691168005,90,0.0011470317840576172
SeasonalNaive,9,s1_i13,2017-03-20,2017-03-21,2017-06-18,18.278246668766375,15.822222222222223,19.830952238020913,1.5435577615056888,90,0.00095367431640625
ETS,9,s1_i13,2017-03-20,2017-03-21,2017-06-18,16.23654421044398,14.701961900912043,17.977299555323064,1.4342692880170183,90,0.165985107421875
SARIMA,9,s1_i13,2017-03-20,2017-03-21,2017-06-18,17.028316118365506,15.322332627833543,18.621562017457187,1.4947903726726046,90,4.42969012260437
Prophet,9,s1_i13,2017-03-20,2017-03-21,2017-06-18,9.776252482060857,9.056309595999947,11.617818097201575,0.8835002296877633,90,0.24125385284423828
LightGBM,9,s1_i13,2017-03-20,2017-03-21,2017-06-18,9.425974451829017,8.777638360751515,11.46039918685203,0.8563140897110438,90,0.1325969696044922
Naive,9,s1_i14,2017-03-20,2017-03-21,2017-06-18,34.24536327786851,20.266666666666666,23.794490492081938,2.3816634723149797,90,0.001149892807006836
SeasonalNaive,9,s1_i14,2017-03-20,2017-03-21,2017-06-18,23.386377830464816,14.5,17.397637132029676,1.7039862014095661,90,0.0009076595306396484
ETS,9,s1_i14,2017-03-20,2017-03-21,2017-06-18,21.975393794006536,13.69419471949805,16.432498132484103,1.6092909545820981,90,0.16838812828063965
SARIMA,9,s1_i14,2017-03-20,2017-03-21,2017-06-18,21.8696188043759,13.636632645411376,16.37245141094551,1.6025264732049804,90,4.942925930023193
Prophet,9,s1_i14,2017-03-20,2017-03-21,2017-06-18,11.163624404511978,7.215592711385871,8.924972546696841,0.8479496838064112,90,0.18326592445373535
LightGBM,9,s1_i14,2017-03-20,2017-03-21,2017-06-18,10.753495861098832,6.844262887761503,8.505471745709022,0.8043123806596684,90,0.14253997802734375
Naive,9,s1_i15,2017-03-20,2017-03-21,2017-06-18,31.003022290841088,27.744444444444444,32.745652807323566,2.4881381379150005,90,0.001096963882446289
SeasonalNaive,9,s1_i15,2017-03-20,2017-03-21,2017-06-18,24.376727711926936,21.944444444444443,26.91653766738954,1.9679907178142273,90,0.0009090900421142578
ETS,9,s1_i15,2017-03-20,2017-03-21,2017-06-18,20.680562276775746,19.164130500961907,22.24215626127006,1.7186505238879088,90,0.28499388694763184
SARIMA,9,s1_i15,2017-03-20,2017-03-21,2017-06-18,22.17760976832753,20.29619407805372,23.355930537948765,1.8201746530283156,90,4.69830322265625
Prophet,9,s1_i15,2017-03-20,2017-03-21,2017-06-18,9.338705775944247,8.975889006774603,11.259008103916727,0.8049630189628793,90,0.1910860538482666
LightGBM,9,s1_i15,2017-03-20,2017-03-21,2017-06-18,8.065988094615967,7.8197987716422706,9.772367308146757,0.7012841649615381,90,0.13786816596984863
Naive,9,s1_i16,2017-03-20,2017-03-21,2017-06-18,31.346337781576526,8.144444444444444,9.663792676216149,1.4988515403404075,90,0.0011336803436279297
SeasonalNaive,9,s1_i16,2017-03-20,2017-03-21,2017-06-18,24.508671265252097,6.155555555555556,7.737355275975549,1.1328291314441825,90,0.000965118408203125
ETS,9,s1_i16,2017-03-20,2017-03-21,2017-06-18,18.998283039307243,5.134654518805085,6.3132179320212005,0.9449490247154368,90,0.1852109432220459
SARIMA,9,s1_i16,2017-03-20,2017-03-21,2017-06-18,19.024037336288842,5.141478051980789,6.323366999688538,0.9462047841819949,90,4.761345148086548
Prophet,9,s1_i16,2017-03-20,2017-03-21,2017-06-18,16.18136795479101,4.319074172285122,5.316046940605979,0.7948548265179567,90,0.18407082557678223
LightGBM,9,s1_i16,2017-03-20,2017-03-21,2017-06-18,15.904365158351059,4.263052867382154,5.250317956833097,0.7845450233486355,90,0.137772798538208
Naive,9,s1_i17,2017-03-20,2017-03-21,2017-06-18,49.03751065895603,15.233333333333333,17.068163996816477,2.4909546662593454,90,0.0018849372863769531
SeasonalNaive,9,s1_i17,2017-03-20,2017-03-21,2017-06-18,22.667162241429445,7.844444444444444,9.538227182122355,1.2827235553458045,90,0.0019729137420654297
ETS,9,s1_i17,2017-03-20,2017-03-21,2017-06-18,23.25693663184733,8.129181231307005,9.575955678799488,1.3292837147259569,90,0.1632699966430664
SARIMA,9,s1_i17,2017-03-20,2017-03-21,2017-06-18,23.123120134375483,8.088683816847798,9.534723557195155,1.3226615775146702,90,4.7451417446136475
Prophet,9,s1_i17,2017-03-20,2017-03-21,2017-06-18,13.045962211094283,4.639029753653891,5.902049998547902,0.7585741451934422,90,0.18382620811462402
LightGBM,9,s1_i17,2017-03-20,2017-03-21,2017-06-18,12.982077415444168,4.599762968576558,5.795163995630956,0.7521532404986466,90,0.1340799331665039
Naive,9,s1_i18,2017-03-20,2017-03-21,2017-06-18,42.0621938710831,33.977777777777774,38.26602786923264,3.273911585689153,90,0.0012860298156738281
SeasonalNaive,9,s1_i18,2017-03-20,2017-03-21,2017-06-18,21.885760878202273,19.633333333333333,24.315290114109956,1.8917598992520386,90,0.0009949207305908203
ETS,9,s1_i18,2017-03-20,2017-03-21,2017-06-18,22.226981155946213,19.61202318876091,22.846182934518424,1.8897065710542778,90,0.25701308250427246
SARIMA,9,s1_i18,2017-03-20,2017-03-21,2017-06-18,24.077840653199434,20.936480480236288,24.123921044295926,2.017323983224995,90,4.658421039581299
Prophet,9,s1_i18,2017-03-20,2017-03-21,2017-06-18,9.621249405843063,8.809802362056535,10.785121630928206,0.848864049008885,90,0.2116091251373291
LightGBM,9,s1_i18,2017-03-20,2017-03-21,2017-06-18,8.958076235772928,8.14734600585814,10.0226817667011,0.7850334019973019,90,0.13376593589782715
Naive,9,s1_i19,2017-03-20,2017-03-21,2017-06-18,74.21455401018994,25.133333333333333,27.15388247255507,3.4723684205728964,90,0.0019431114196777344
SeasonalNaive,9,s1_i19,2017-03-20,2017-03-21,2017-06-18,36.91157163981711,14.411111111111111,17.0153525447527,1.991008771654751,90,0.0012929439544677734
ETS,9,s1_i19,2017-03-20,2017-03-21,2017-06-18,27.822184112121473,11.64756317444263,14.000719494239696,1.609202806773039,90,0.17026400566101074
SARIMA,9,s1_i19,2017-03-20,2017-03-21,2017-06-18,28.062236409163756,11.730369413990502,14.082870145839406,1.6206431424984673,90,4.882611989974976
Prophet,9,s1_i19,2017-03-20,2017-03-21,2017-06-18,12.568910800611702,5.676318906853677,7.398121818583057,0.7842282699174896,90,0.1991128921508789
LightGBM,9,s1_i19,2017-03-20,2017-03-21,2017-06-18,11.632452579503704,5.235864700844494,6.916358938512929,0.7233760440956807,90,0.13626790046691895
Naive,9,s1_i20,2017-03-20,2017-03-21,2017-06-18,32.81912193746876,15.9,18.67172550498034,2.1880341110094923,90,0.00119781494140625
SeasonalNaive,9,s1_i20,2017-03-20,2017-03-21,2017-06-18,24.106277614378012,11.988888888888889,14.418737808837498,1.649817474339093,90,0.0009639263153076172
ETS,9,s1_i20,2017-03-20,2017-03-21,2017-06-18,19.69017313548131,10.11670840190046,12.191355249509904,1.392182583301543,90,0.236159086227417
SARIMA,9,s1_i20,2017-03-20,2017-03-21,2017-06-18,19.755355679497526,10.145876742655908,12.221916779713665,1.396196503083585,90,4.940076112747192
Prophet,9,s1_i20,2017-03-20,2017-03-21,2017-06-18,9.796876896895421,5.256446205529333,6.918970639163748,0.723351169835509,90,0.18596100807189941
LightGBM,9,s1_i20,2017-03-20,2017-03-21,2017-06-18,9.20780333185258,4.97854616927046,6.8183426746226194,0.685108732176063,90,0.14766621589660645
Naive,9,s1_i21,2017-03-20,2017-03-21,2017-06-18,57.71421992901868,20.866666666666667,23.12862584187252,3.0436346332382596,90,0.001123666763305664
SeasonalNaive,9,s1_i21,2017-03-20,2017-03-21,2017-06-18,28.6967498428453,11.566666666666666,13.901638592466558,1.687126545900441,90,0.0009448528289794922
ETS,9,s1_i21,2017-03-20,2017-03-21,2017-06-18,23.47787597048136,10.04277045475224,12.43083505580704,1.4648493915213674,90,0.17918014526367188
SARIMA,9,s1_i21,2017-03-20,2017-03-21,2017-06-18,24.359323399479432,10.343338824752557,12.704699835798616,1.508690619984096,90,4.699558973312378
Prophet,9,s1_i21,2017-03-20,2017-03-21,2017-06-18,13.660588371296251,6.095150998750171,7.5832712184179965,0.8890453358440633,90,0.24887514114379883
LightGBM,9,s1_i21,2017-03-20,2017-03-21,2017-06-18,12.292254161956597,5.4640246010330165,6.917700620470008,0.7969885549154929,90,0.1503310203552246
Naive,9,s1_i22,2017-03-20,2017-03-21,2017-06-18,48.663696272367964,36.25555555555555,40.272267822355815,3.510596681485909,90,0.0011281967163085938
SeasonalNaive,9,s1_i22,2017-03-20,2017-03-21,2017-06-18,23.2498202808699,19.288888888888888,23.40322864715702,1.8677278084767204,90,0.0011150836944580078
ETS,9,s1_i22,2017-03-20,2017-03-21,2017-06-18,20.82454656406927,17.681439715068713,20.80770742954431,1.7120797802283803,90,0.26204895973205566
SARIMA,9,s1_i22,2017-03-20,2017-03-21,2017-06-18,21.62859882864233,18.248538966011857,21.388934664734315,1.766991550795059,90,4.761693716049194
Prophet,9,s1_i22,2017-03-20,2017-03-21,2017-06-18,10.296019704562646,9.016140066035025,11.478538291919135,0.8730256897355573,90,0.2725980281829834
LightGBM,9,s1_i22,2017-03-20,2017-03-21,2017-06-18,9.040384607249342,7.882816682063938,10.096126940857362,0.763286885575663,90,0.14390873908996582
Naive,9,s1_i23,2017-03-20,2017-03-21,2017-06-18,29.618868677416305,8.911111111111111,10.937194440176247,1.4869634626160684,90,0.0010957717895507812
SeasonalNaive,9,s1_i23,2017-03-20,2017-03-21,2017-06-18,19.383713114704523,6.288888888888889,7.714344503009385,1.0494031419460033,90,0.0013730525970458984
ETS,9,s1_i23,2017-03-20,2017-03-21,2017-06-18,16.49067260699545,5.188888823586755,6.426215388028209,0.8658502846665013,90,0.24857616424560547
SARIMA,9,s1_i23,2017-03-20,2017-03-21,2017-06-18,16.331500959195637,5.143984228855374,6.4145761153649845,0.8583572245041284,90,4.148161888122559
Prophet,9,s1_i23,2017-03-20,2017-03-21,2017-06-18,14.391252630918805,4.514661276176906,5.798782434617813,0.7533444797239925,90,0.19009923934936523
LightGBM,9,s1_i23,2017-03-20,2017-03-21,2017-06-18,14.092891046971681,4.405476431644776,5.764511228512497,0.7351252170005982,90,0.13841891288757324
Naive,9,s1_i24,2017-03-20,2017-03-21,2017-06-18,52.3546723451768,31.288888888888888,33.84211708638939,3.458494964407296,90,0.0011119842529296875
SeasonalNaive,9,s1_i24,2017-03-20,2017-03-21,2017-06-18,22.558971108459588,14.9,17.638027100557476,1.6469608477521962,90,0.001085042953491211
ETS,9,s1_i24,2017-03-20,2017-03-21,2017-06-18,20.521119475249115,14.098414812915843,16.006951638212556,1.5583582021638924,90,0.14534401893615723
SARIMA,9,s1_i24,2017-03-20,2017-03-21,2017-06-18,20.472961565520766,14.068674715116023,15.977867499853405,1.5550709017152597,90,4.694268226623535
Prophet,9,s1_i24,2017-03-20,2017-03-21,2017-06-18,9.919252246926524,7.036696062621791,8.862837767119972,0.7777961686355789,90,0.25396084785461426
LightGBM,9,s1_i24,2017-03-20,2017-03-21,2017-06-18,8.955520930742844,6.427700552020465,8.308896074851596,0.7104812852518714,90,0.14938592910766602
Naive,9,s1_i25,2017-03-20,2017-03-21,2017-06-18,31.405097973579654,25.466666666666665,29.340908112887185,2.5823786212489224,90,0.003117084503173828
SeasonalNaive,9,s1_i25,2017-03-20,2017-03-21,2017-06-18,21.992401954293534,18.68888888888889,22.274050671876754,1.8950963529409635,90,0.0009379386901855469
ETS,9,s1_i25,2017-03-20,2017-03-21,2017-06-18,20.525797713195875,17.320071106442462,20.436884553429856,1.7562950789445624,90,0.20550775527954102
SARIMA,9,s1_i25,2017-03-20,2017-03-21,2017-06-18,22.384478834535766,18.646287481691683,21.800748310932207,1.8907764721877756,90,5.144274950027466
Prophet,9,s1_i25,2017-03-20,2017-03-21,2017-06-18,8.76790240234971,7.773761312515641,9.378909758532048,0.7882772913664539,90,0.25556111335754395
LightGBM,9,s1_i25,2017-03-20,2017-03-21,2017-06-18,8.816654265094032,7.830814239399026,9.688527533172262,0.7940625894815061,90,0.1409900188446045
Naive,9,s1_i26,2017-03-20,2017-03-21,2017-06-18,16.569744511799243,8.955555555555556,11.953614051360738,1.187310098144644,90,0.0010929107666015625
SeasonalNaive,9,s1_i26,2017-03-20,2017-03-21,2017-06-18,21.843934669736058,11.088888888888889,13.765496318291211,1.4701432728887778,90,0.0024259090423583984
ETS,9,s1_i26,2017-03-20,2017-03-21,2017-06-18,17.37714711197885,9.137670772567764,11.316221789593918,1.2114545786118847,90,0.15748190879821777
SARIMA,9,s1_i26,2017-03-20,2017-03-21,2017-06-18,17.903234112832788,9.364770677534722,11.567118423436163,1.2415630413177732,90,5.033012866973877
Prophet,9,s1_i26,2017-03-20,2017-03-21,2017-06-18,10.020453102111262,5.4993412739629255,7.050781034938676,0.7290919460233042,90,0.21340417861938477
LightGBM,9,s1_i26,2017-03-20,2017-03-21,2017-06-18,9.2452771937943,5.078860885024587,6.690590468291363,0.6733454757165487,90,0.14757084846496582
Naive,9,s1_i27,2017-03-20,2017-03-21,2017-06-18,52.830109735991,11.055555555555555,12.72399308393399,2.1420837542192683,90,0.0012979507446289062
SeasonalNaive,9,s1_i27,2017-03-20,2017-03-21,2017-06-18,24.779320352791466,5.8,7.2264944628929335,1.1237866529672946,90,0.0008950233459472656
ETS,9,s1_i27,2017-03-20,2017-03-21,2017-06-18,22.803108201699246,5.4819668321907855,6.849770530165071,1.062165716900932,90,0.18321895599365234
SARIMA,9,s1_i27,2017-03-20,2017-03-21,2017-06-18,23.00780683123014,5.520526755800576,6.911687634251329,1.069636945778884,90,4.80584979057312
Prophet,9,s1_i27,2017-03-20,2017-03-21,2017-06-18,18.069312503746332,4.345554548550381,5.125732829395043,0.8419786554141785,90,0.20502400398254395
LightGBM,9,s1_i27,2017-03-20,2017-03-21,2017-06-18,18.685372929531677,4.491483432241437,5.179154105905195,0.8702532988235622,90,0.14091277122497559
Naive,9,s1_i28,2017-03-20,2017-03-21,2017-06-18,52.273702001827516,42.32222222222222,45.880157899563606,3.9732969967894913,90,0.001087188720703125
SeasonalNaive,9,s1_i28,2017-03-20,2017-03-21,2017-06-18,26.010601614496508,22.6,26.765649627834552,2.1217343374822333,90,0.00086212158203125
ETS,9,s1_i28,2017-03-20,2017-03-21,2017-06-18,24.268642239557973,22.18638320161885,25.564028676516287,2.082903144398837,90,0.14452815055847168
SARIMA,9,s1_i28,2017-03-20,2017-03-21,2017-06-18,25.121069753293828,22.828923044939998,26.18760781820299,2.143226102309232,90,5.084038257598877
Prophet,9,s1_i28,2017-03-20,2017-03-21,2017-06-18,9.714926777829335,9.637226166510237,11.611541991784252,0.9047625520162406,90,0.20398402214050293
LightGBM,9,s1_i28,2017-03-20,2017-03-21,2017-06-18,9.522682885410518,9.315735266364227,11.595745226749232,0.8745803271477511,90,0.14299798011779785
Naive,9,s1_i29,2017-03-20,2017-03-21,2017-06-18,50.98261860536755,32.6,35.76404153149734,3.572251607900196,90,0.0010843276977539062
SeasonalNaive,9,s1_i29,2017-03-20,2017-03-21,2017-06-18,27.63319098887871,19.055555555555557,22.572598924851835,2.0880748151154864,90,0.001050710678100586
ETS,9,s1_i29,2017-03-20,2017-03-21,2017-06-18,22.984929243471377,16.668118695513467,19.357418236404097,1.8264636138257453,90,0.3309199810028076
SARIMA,9,s1_i29,2017-03-20,2017-03-21,2017-06-18,25.208732874933144,18.06488294369016,20.841011427151454,1.9795186239915952,90,4.671453952789307
Prophet,9,s1_i29,2017-03-20,2017-03-21,2017-06-18,9.477132059111701,7.098580142542822,8.96928478590657,0.7778501327609508,90,0.32395219802856445
LightGBM,9,s1_i29,2017-03-20,2017-03-21,2017-06-18,8.84627849045691,6.687385734219285,8.415184600336433,0.732792160788763,90,0.15115785598754883
Naive,9,s1_i30,2017-03-20,2017-03-21,2017-06-18,35.34859818818587,14.71111111111111,17.38901313409642,2.1643122197711557,90,0.0012860298156738281
SeasonalNaive,9,s1_i30,2017-03-20,2017-03-21,2017-06-18,23.17745921323641,10.166666666666666,13.405222862750175,1.495729366382634,90,0.0013260841369628906
ETS,9,s1_i30,2017-03-20,2017-03-21,2017-06-18,22.404854161720372,9.854829026460557,11.922779330503104,1.449851525464627,90,0.1918179988861084
SARIMA,9,s1_i30,2017-03-20,2017-03-21,2017-06-18,23.299169823868006,10.181202094617747,12.210902279483236,1.4978678319340475,90,5.3392839431762695
Prophet,9,s1_i30,2017-03-20,2017-03-21,2017-06-18,13.283427544072923,6.0580714251008505,7.727892295866817,0.8912690492623118,90,0.23642992973327637
LightGBM,9,s1_i30,2017-03-20,2017-03-21,2017-06-18,12.854294595562171,5.8855573816516475,7.442028589628612,0.8658886242557168,90,0.13909006118774414
Naive,9,s1_i31,2017-03-20,2017-03-21,2017-06-18,36.892425294025024,20.91111111111111,23.506972960757363,2.4942992008644236,90,0.001196146011352539
SeasonalNaive,9,s1_i31,2017-03-20,2017-03-21,2017-06-18,20.63578705517036,12.077777777777778,14.343794631980913,1.440649963517337,90,0.0009019374847412109
ETS,9,s1_i31,2017-03-20,2017-03-21,2017-06-18,15.713617834313471,9.73227407471737,11.652527089798733,1.1608758290353336,90,0.16750597953796387
SARIMA,9,s1_i31,2017-03-20,2017-03-21,2017-06-18,16.019471249265155,9.90794459925833,11.845663071953426,1.181829992907818,90,5.211980104446411
Prophet,9,s1_i31,2017-03-20,2017-03-21,2017-06-18,9.96972534644925,6.2557635583737845,7.60925081482448,0.7461940191287812,90,0.3003091812133789
LightGBM,9,s1_i31,2017-03-20,2017-03-21,2017-06-18,10.092239807803047,6.323036984751286,7.44941070376753,0.754218463777428,90,0.153886079788208
Naive,9,s1_i32,2017-03-20,2017-03-21,2017-06-18,60.33171251008215,23.988888888888887,26.293852259923167,3.280550103625119,90,0.00110626220703125
SeasonalNaive,9,s1_i32,2017-03-20,2017-03-21,2017-06-18,26.793720870282595,12.055555555555555,14.523161578052564,1.64863217342902,90,0.0009300708770751953
ETS,9,s1_i32,2017-03-20,2017-03-21,2017-06-18,20.78786517298034,9.938715497928335,11.881149472022654,1.359148158451433,90,0.11707210540771484
SARIMA,9,s1_i32,2017-03-20,2017-03-21,2017-06-18,21.431933350590864,10.202012579341206,12.185036314497477,1.395154797679866,90,5.550899982452393
Prophet,9,s1_i32,2017-03-20,2017-03-21,2017-06-18,13.074679654261926,6.37867779556227,7.915764535356232,0.8723026814683069,90,0.20939111709594727
LightGBM,9,s1_i32,2017-03-20,2017-03-21,2017-06-18,11.545060440652193,5.574372363462647,6.912522033210053,0.7623115818037123,90,0.1536247730255127
Naive,9,s1_i33,2017-03-20,2017-03-21,2017-06-18,47.099280850977344,30.8,34.2854034377443,3.3944212792808304,90,0.0011267662048339844
SeasonalNaive,9,s1_i33,2017-03-20,2017-03-21,2017-06-18,26.924565004937307,18.31111111111111,21.435691938654298,2.0180397793127014,90,0.0009219646453857422
ETS,9,s1_i33,2017-03-20,2017-03-21,2017-06-18,19.041155361377086,14.265765391532211,17.134683817844305,1.5722083639689923,90,0.1341090202331543
SARIMA,9,s1_i33,2017-03-20,2017-03-21,2017-06-18,19.86219081037166,14.76548208500571,17.616967827367578,1.6272813827332229,90,5.0851380825042725
Prophet,9,s1_i33,2017-03-20,2017-03-21,2017-06-18,10.582439078153806,8.094502641815058,9.652248603747715,0.8920828575510368,90,0.1968071460723877
LightGBM,9,s1_i33,2017-03-20,2017-03-21,2017-06-18,9.634117728256745,7.306713747884532,9.170656469604953,0.8052618385530209,90,0.150238037109375
Naive,9,s1_i34,2017-03-20,2017-03-21,2017-06-18,71.16235242154224,15.566666666666666,17.078576573525613,2.9327393382701374,90,0.0011219978332519531
SeasonalNaive,9,s1_i34,2017-03-20,2017-03-21,2017-06-18,31.34580343174565,7.966666666666667,9.586448768965493,1.500909425795638,90,0.001313924789428711
ETS,9,s1_i34,2017-03-20,2017-03-21,2017-06-18,29.14173290054248,7.69583343216106,9.187159841479035,1.4498848038933552,90,0.1760540008544922
SARIMA,9,s1_i34,2017-03-20,2017-03-21,2017-06-18,29.04127123204679,7.6736944479690266,9.166859348833736,1.4457138486567822,90,4.547956943511963
Prophet,9,s1_i34,2017-03-20,2017-03-21,2017-06-18,16.73035814076079,4.688699017522373,5.790381704395043,0.8833446715629383,90,0.21797394752502441
LightGBM,9,s1_i34,2017-03-20,2017-03-21,2017-06-18,16.34067453063417,4.567405679885795,5.701432362501632,0.8604931677455803,90,0.14457392692565918
Naive,9,s1_i35,2017-03-20,2017-03-21,2017-06-18,47.03201602598683,29.055555555555557,31.730286968622128,3.268430192372774,90,0.0013701915740966797
SeasonalNaive,9,s1_i35,2017-03-20,2017-03-21,2017-06-18,27.98486333860644,18.355555555555554,21.074998352444908,2.0647979647418055,90,0.001191854476928711
ETS,9,s1_i35,2017-03-20,2017-03-21,2017-06-18,23.600523569049187,16.146780785975263,18.549346803805125,1.8163351146254503,90,0.18577289581298828
SARIMA,9,s1_i35,2017-03-20,2017-03-21,2017-06-18,23.982283040647726,16.363710607747784,18.769537332273973,1.840737331879623,90,5.374742031097412
Prophet,9,s1_i35,2017-03-20,2017-03-21,2017-06-18,8.397895315264782,6.180805484774045,7.853297519238086,0.6952725863731111,90,0.20641469955444336
LightGBM,9,s1_i35,2017-03-20,2017-03-21,2017-06-18,8.245663504409173,6.0323689182069895,8.118698040429111,0.6785751064404945,90,0.1483299732208252
Naive,9,s1_i36,2017-03-20,2017-03-21,2017-06-18,16.635161312477216,14.133333333333333,17.84501175243223,1.5023159060946434,90,0.0012359619140625
SeasonalNaive,9,s1_i36,2017-03-20,2017-03-21,2017-06-18,23.841661435228488,18.555555555555557,22.421715664358366,1.9723801597311752,90,0.001071929931640625
ETS,9,s1_i36,2017-03-20,2017-03-21,2017-06-18,13.72905669372435,11.736880218171079,14.955134667128707,1.2475826773362724,90,0.17980074882507324
SARIMA,9,s1_i36,2017-03-20,2017-03-21,2017-06-18,13.962229399872653,11.916427114208364,15.17384751563678,1.2666677828414659,90,4.749927997589111
Prophet,9,s1_i36,2017-03-20,2017-03-21,2017-06-18,10.179916732745372,8.60079569851287,10.689253248247113,0.9142296355858214,90,0.21303606033325195
LightGBM,9,s1_i36,2017-03-20,2017-03-21,2017-06-18,9.387065870506298,7.95970010483126,9.871056324591642,0.8460837789078681,90,0.14162611961364746
Naive,9,s1_i37,2017-03-20,2017-03-21,2017-06-18,107.71417414307594,22.566666666666666,23.820392757280707,3.859292725801395,90,0.001280069351196289
SeasonalNaive,9,s1_i37,2017-03-20,2017-03-21,2017-06-18,33.23411056703179,8.622222222222222,10.744507640857465,1.4745500518079184,90,0.0010578632354736328
ETS,9,s1_i37,2017-03-20,2017-03-21,2017-06-18,27.2304574958958,7.939293645240668,9.504809944812262,1.3577573801955045,90,0.18195104598999023
SARIMA,9,s1_i37,2017-03-20,2017-03-21,2017-06-18,28.611789515155138,8.256001180920801,9.812287489627295,1.411919880431405,90,4.45763087272644
Prophet,9,s1_i37,2017-03-20,2017-03-21,2017-06-18,15.645700813483646,4.727172207699754,5.876750608008286,0.8084287140968766,90,0.21079015731811523
LightGBM,9,s1_i37,2017-03-20,2017-03-21,2017-06-18,15.071923110417782,4.528243958534555,5.7519013044662515,0.7744085215580437,90,0.14175629615783691
Naive,9,s1_i38,2017-03-20,2017-03-21,2017-06-18,32.01829743735857,26.511111111111113,31.45331637699133,2.6718515106986644,90,0.001129150390625
SeasonalNaive,9,s1_i38,2017-03-20,2017-03-21,2017-06-18,23.548739617394357,19.988888888888887,25.19589913722734,2.0145267677061596,90,0.001155853271484375
ETS,9,s1_i38,2017-03-20,2017-03-21,2017-06-18,18.979477555959047,16.59807854338235,20.183787316540982,1.6727930053540694,90,0.26080894470214844
SARIMA,9,s1_i38,2017-03-20,2017-03-21,2017-06-18,20.426929572615744,17.680677871910902,21.26095280433142,1.781899886589163,90,4.69149112701416
Prophet,9,s1_i38,2017-03-20,2017-03-21,2017-06-18,11.079974911524557,10.038715114818036,12.37699452860208,1.01172508510059,90,0.24554204940795898
LightGBM,9,s1_i38,2017-03-20,2017-03-21,2017-06-18,10.989682943227173,9.878377284868161,12.365398201526514,0.9955658652407264,90,0.14032292366027832
Naive,9,s1_i39,2017-03-20,2017-03-21,2017-06-18,38.13060519474972,16.655555555555555,19.279522815671555,2.3098395750973117,90,0.002586841583251953
SeasonalNaive,9,s1_i39,2017-03-20,2017-03-21,2017-06-18,24.26399507080693,11.1,13.752979475169896,1.5393794099547793,90,0.0012099742889404297
ETS,9,s1_i39,2017-03-20,2017-03-21,2017-06-18,19.540823150415456,9.325716279981426,11.148454502263252,1.2933167229264404,90,0.2593729496002197
SARIMA,9,s1_i39,2017-03-20,2017-03-21,2017-06-18,19.90576652125504,9.474236974273156,11.304646611323182,1.3139139930836365,90,4.864578008651733
Prophet,9,s1_i39,2017-03-20,2017-03-21,2017-06-18,12.1724859109515,5.959402042086952,7.519242744299709,0.8264667386694702,90,0.22565126419067383
LightGBM,9,s1_i39,2017-03-20,2017-03-21,2017-06-18,11.628657416625822,5.690044728798049,7.242474654201502,0.7891115042552651,90,0.14168286323547363
Naive,9,s1_i40,2017-03-20,2017-03-21,2017-06-18,60.367515900131096,15.666666666666666,17.190436617814893,2.7058359616777774,90,0.0011639595031738281
SeasonalNaive,9,s1_i40,2017-03-20,2017-03-21,2017-06-18,27.502372804706987,7.511111111111111,9.840957496323437,1.2972660355277854,90,0.0013740062713623047
ETS,9,s1_i40,2017-03-20,2017-03-21,2017-06-18,16.927460007832078,5.479952366788656,7.209053808022282,0.9464586499364678,90,0.13326311111450195
SARIMA,9,s1_i40,2017-03-20,2017-03-21,2017-06-18,16.966958791514415,5.491065877658714,7.219941333829312,0.9483780970028103,90,5.0736918449401855
Prophet,9,s1_i40,2017-03-20,2017-03-21,2017-06-18,12.448076966970543,4.068645120243635,5.083724399760864,0.7027076349995764,90,0.20532774925231934
LightGBM,9,s1_i40,2017-03-20,2017-03-21,2017-06-18,11.928315354516997,3.89441082941116,4.963087690340085,0.6726151194745593,90,0.1441819667816162
Naive,9,s1_i41,2017-03-20,2017-03-21,2017-06-18,54.359308778253954,11.21111111111111,12.685512296404202,2.2216433983877395,90,0.0016531944274902344
SeasonalNaive,9,s1_i41,2017-03-20,2017-03-21,2017-06-18,28.421975759918926,6.466666666666667,8.189424074174365,1.2814632882672592,90,0.0019261837005615234
ETS,9,s1_i41,2017-03-20,2017-03-21,2017-06-18,26.732205462258147,6.20316075763768,7.506364739834837,1.2292457910514645,90,0.1746690273284912
SARIMA,9,s1_i41,2017-03-20,2017-03-21,2017-06-18,28.212133829846763,6.467954443116878,7.751976475124542,1.2817184797483583,90,4.685403823852539
Prophet,9,s1_i41,2017-03-20,2017-03-21,2017-06-18,15.777238503065469,3.688814537069374,4.805699603490357,0.7309918154352042,90,0.21629691123962402
LightGBM,9,s1_i41,2017-03-20,2017-03-21,2017-06-18,15.083005377524408,3.535933900223002,4.605726313437348,0.7006963117848622,90,0.14283323287963867
Naive,9,s1_i42,2017-03-20,2017-03-21,2017-06-18,57.2073808205963,18.8,20.662365143742218,3.017842931452738,90,0.0015940666198730469
SeasonalNaive,9,s1_i42,2017-03-20,2017-03-21,2017-06-18,18.806789477818562,7.144444444444445,9.033886821911768,1.1468516577565666,90,0.001010894775390625
ETS,9,s1_i42,2017-03-20,2017-03-21,2017-06-18,17.299911286594373,6.898355648266542,8.736594318062986,1.1073486080727795,90,0.14998793601989746
SARIMA,9,s1_i42,2017-03-20,2017-03-21,2017-06-18,17.77464697356735,7.063702272853316,8.907315827519518,1.1338906369157988,90,4.437927961349487
Prophet,9,s1_i42,2017-03-20,2017-03-21,2017-06-18,12.730562692631889,5.047348154826851,6.423869271272645,0.8102182952992145,90,0.20886492729187012
LightGBM,9,s1_i42,2017-03-20,2017-03-21,2017-06-18,12.242071709365932,4.859246685976966,5.955009561119322,0.7800235778436557,90,0.14107799530029297
Naive,9,s1_i43,2017-03-20,2017-03-21,2017-06-18,44.64260590214014,21.88888888888889,24.383054224877846,2.897976220936529,90,0.0012052059173583984
SeasonalNaive,9,s1_i43,2017-03-20,2017-03-21,2017-06-18,30.542917827134247,15.566666666666666,18.492340756828668,2.060946540879227,90,0.0009541511535644531
ETS,9,s1_i43,2017-03-20,2017-03-21,2017-06-18,28.431014095392932,14.865774205267455,16.81868599184619,1.9681519866705095,90,0.24194908142089844
SARIMA,9,s1_i43,2017-03-20,2017-03-21,2017-06-18,30.01636389530215,15.52155353655346,17.452488440108894,2.054973794661558,90,4.7429749965667725
Prophet,9,s1_i43,2017-03-20,2017-03-21,2017-06-18,10.323242057111502,5.960133635181741,7.698473251753831,0.7890910148997264,90,0.23321795463562012
LightGBM,9,s1_i43,2017-03-20,2017-03-21,2017-06-18,10.448051479138112,5.897930643532296,7.58187004416933,0.7808556589807373,90,0.13934111595153809
Naive,9,s1_i44,2017-03-20,2017-03-21,2017-06-18,35.06201567414673,10.511111111111111,12.519318405301997,1.7791248018776564,90,0.0024690628051757812
SeasonalNaive,9,s1_i44,2017-03-20,2017-03-21,2017-06-18,30.405207682134517,8.78888888888889,11.330882087855688,1.4876191525213809,90,0.0011360645294189453
ETS,9,s1_i44,2017-03-20,2017-03-21,2017-06-18,22.774403651762526,7.176997620280238,9.082413891151173,1.2147882687454272,90,0.13639211654663086
SARIMA,9,s1_i44,2017-03-20,2017-03-21,2017-06-18,22.46247295785439,7.091719329770055,9.003908960013119,1.2003539506124934,90,4.857022762298584
Prophet,9,s1_i44,2017-03-20,2017-03-21,2017-06-18,13.393221145801126,4.463495907280456,5.896330407428751,0.7554973197198589,90,0.19292306900024414
LightGBM,9,s1_i44,2017-03-20,2017-03-21,2017-06-18,13.620974566081461,4.537378226856246,6.094521662461587,0.768002740487278,90,0.14055180549621582
Naive,9,s1_i45,2017-03-20,2017-03-21,2017-06-18,49.82343496781068,36.74444444444445,40.88534102965403,3.7139337593222046,90,0.0020160675048828125
SeasonalNaive,9,s1_i45,2017-03-20,2017-03-21,2017-06-18,17.954488469258838,15.088888888888889,18.963122105813696,1.5251049425943615,90,0.002360105514526367
ETS,9,s1_i45,2017-03-20,2017-03-21,2017-06-18,17.10644157772063,14.894114726629871,18.711947795582883,1.5054182022559364,90,0.14705896377563477
SARIMA,9,s1_i45,2017-03-20,2017-03-21,2017-06-18,18.016578347674386,15.574800870058526,19.41456684298052,1.574218351116664,90,4.873455762863159
Prophet,9,s1_i45,2017-03-20,2017-03-21,2017-06-18,10.039962496017935,8.824409207715291,10.79941265143499,0.8919245278605011,90,0.21787285804748535
LightGBM,9,s1_i45,2017-03-20,2017-03-21,2017-06-18,8.923627288883564,7.949790812366949,9.752468481283183,0.8035227344977077,90,0.13727092742919922
Naive,9,s1_i46,2017-03-20,2017-03-21,2017-06-18,40.121019589415724,22.7,25.538424209631867,2.6851157404231265,90,0.0011680126190185547
SeasonalNaive,9,s1_i46,2017-03-20,2017-03-21,2017-06-18,25.44608481140426,15.155555555555555,17.74385652682202,1.7927057611048185,90,0.0010418891906738281
ETS,9,s1_i46,2017-03-20,2017-03-21,2017-06-18,21.213102804850926,12.964155612084209,15.128210267991324,1.5334915548591244,90,0.1744546890258789
SARIMA,9,s1_i46,2017-03-20,2017-03-21,2017-06-18,21.123782719896106,12.915826936724137,15.07699686432028,1.5277748990475328,90,5.110506057739258
Prophet,9,s1_i46,2017-03-20,2017-03-21,2017-06-18,10.212109129735087,6.3762286681667595,8.085528953741722,0.7542251965388438,90,0.18634295463562012
LightGBM,9,s1_i46,2017-03-20,2017-03-21,2017-06-18,9.295116390839397,5.749538066998417,7.255494071017407,0.6800958221964496,90,0.12804198265075684
Naive,9,s1_i47,2017-03-20,2017-03-21,2017-06-18,47.574117073194984,10.21111111111111,11.86263976618283,2.1156417529517575,90,0.0012738704681396484
SeasonalNaive,9,s1_i47,2017-03-20,2017-03-21,2017-06-18,28.77794441388798,6.588888888888889,7.9798356986706045,1.365152948313811,90,0.0009610652923583984
ETS,9,s1_i47,2017-03-20,2017-03-21,2017-06-18,30.015350813616127,6.982889761709613,8.462766977604534,1.4467860525047862,90,0.11719775199890137
SARIMA,9,s1_i47,2017-03-20,2017-03-21,2017-06-18,30.56165209653538,7.07899991775541,8.541847029364526,1.4666991311894302,90,4.883310079574585
Prophet,9,s1_i47,2017-03-20,2017-03-21,2017-06-18,15.991709856200137,3.9802700030942852,5.150502415547771,0.8246727819271951,90,0.18942022323608398
LightGBM,9,s1_i47,2017-03-20,2017-03-21,2017-06-18,15.974020183511357,3.950668161314858,5.2328109709273285,0.8185395715692467,90,0.12803101539611816
Naive,9,s1_i48,2017-03-20,2017-03-21,2017-06-18,25.781131950782978,14.066666666666666,17.183971860105245,1.7711868580932049,90,0.0011332035064697266
SeasonalNaive,9,s1_i48,2017-03-20,2017-03-21,2017-06-18,21.377919756996274,11.511111111111111,13.746110561011633,1.4494072551220856,90,0.0009570121765136719
ETS,9,s1_i48,2017-03-20,2017-03-21,2017-06-18,17.572332898737805,9.849171008619487,11.688375461696836,1.2401461317710496,90,0.2398667335510254
SARIMA,9,s1_i48,2017-03-20,2017-03-21,2017-06-18,17.80350454090432,9.952930083234037,11.775581760553154,1.2532108267496185,90,5.338212966918945
Prophet,9,s1_i48,2017-03-20,2017-03-21,2017-06-18,11.557907895966196,6.506946928153449,8.351006845923377,0.8193141387764459,90,0.17192912101745605
LightGBM,9,s1_i48,2017-03-20,2017-03-21,2017-06-18,10.765319462627211,6.063782928922376,7.779049207981581,0.7635136943628367,90,0.09802389144897461
Naive,9,s1_i49,2017-03-20,2017-03-21,2017-06-18,28.21218559158992,8.622222222222222,10.57460269807912,1.5524861010437754,90,0.0011868476867675781
SeasonalNaive,9,s1_i49,2017-03-20,2017-03-21,2017-06-18,27.606472680825334,8.133333333333333,10.04655828298096,1.4644585386134583,90,0.00098419189453125
ETS,9,s1_i49,2017-03-20,2017-03-21,2017-06-18,20.589433231014798,6.44887520719281,7.9148936813761175,1.1611611100360015,90,0.17914533615112305
SARIMA,9,s1_i49,2017-03-20,2017-03-21,2017-06-18,20.516998395010173,6.428293586583861,7.892430469580103,1.157455257981992,90,3.913607120513916
Prophet,9,s1_i49,2017-03-20,2017-03-21,2017-06-18,16.080930377281984,4.977685236447542,6.038052024417007,0.8962639729974288,90,0.13805603981018066
LightGBM,9,s1_i49,2017-03-20,2017-03-21,2017-06-18,14.452357165806518,4.482390585350579,5.436777572329561,0.8070830122275287,90,0.08281517028808594
Naive,9,s1_i50,2017-03-20,2017-03-21,2017-06-18,32.03783699255616,20.988888888888887,24.339496936278515,2.2956597219711345,90,0.0011048316955566406
SeasonalNaive,9,s1_i50,2017-03-20,2017-03-21,2017-06-18,15.619746280578036,10.777777777777779,13.461054936371072,1.1788194443155111,90,0.0008940696716308594
ETS,9,s1_i50,2017-03-20,2017-03-21,2017-06-18,15.143975201405707,10.737953166455132,13.34391761579634,1.174463627452573,90,0.3062911033630371
SARIMA,9,s1_i50,2017-03-20,2017-03-21,2017-06-18,15.64899468750357,11.051847301412797,13.71492583033264,1.2087957984598128,90,3.8769829273223877
Prophet,9,s1_i50,2017-03-20,2017-03-21,2017-06-18,8.97300430664758,6.41847903356789,8.391778284314144,0.7020211442197045,90,0.1380617618560791
LightGBM,9,s1_i50,2017-03-20,2017-03-21,2017-06-18,9.428736763355026,6.732511073211098,8.255296697232936,0.7363683985519236,90,0.08100509643554688
Naive,10,s1_i1,2017-06-18,2017-06-19,2017-09-16,37.9279654673718,11.6,12.995725793078618,2.3980129914798147,90,0.0008029937744140625
SeasonalNaive,10,s1_i1,2017-06-18,2017-06-19,2017-09-16,20.27015690776284,5.533333333333333,6.923390306297438,1.1438797603035897,90,0.000560760498046875
ETS,10,s1_i1,2017-06-18,2017-06-19,2017-09-16,17.593812402900493,4.607573682569437,5.888167697338141,0.9525018577587933,90,0.11022400856018066
SARIMA,10,s1_i1,2017-06-18,2017-06-19,2017-09-16,17.63887796981335,4.620743699710607,5.900943540074472,0.9552244329486672,90,4.899243116378784
Prophet,10,s1_i1,2017-06-18,2017-06-19,2017-09-16,15.750793187196207,4.094935222202739,5.298703089543328,0.8465265398371078,90,0.24300503730773926
LightGBM,10,s1_i1,2017-06-18,2017-06-19,2017-09-16,15.291605337221071,4.00945919759807,5.316831759422896,0.8288564866076211,90,0.14242196083068848
Naive,10,s1_i2,2017-06-18,2017-06-19,2017-09-16,18.991907119886548,13.38888888888889,16.06618256532093,1.5588354852321862,90,0.0016930103302001953
SeasonalNaive,10,s1_i2,2017-06-18,2017-06-19,2017-09-16,16.10037249052695,11.28888888888889,13.586758259423032,1.314337637340997,90,0.0005900859832763672
ETS,10,s1_i2,2017-06-18,2017-06-19,2017-09-16,13.962840965231008,9.640446147658993,11.548284050555116,1.1224134932445387,90,0.10599780082702637
SARIMA,10,s1_i2,2017-06-18,2017-06-19,2017-09-16,14.351797630281357,9.94828096659145,12.000433302044918,1.1582539459754717,90,5.170397043228149
Prophet,10,s1_i2,2017-06-18,2017-06-19,2017-09-16,10.310601995859175,7.1881096819671715,9.199702823830336,0.8368939750699024,90,0.2488260269165039
LightGBM,10,s1_i2,2017-06-18,2017-06-19,2017-09-16,9.285430417746133,6.4334978932876865,7.992171675561434,0.7490363758673048,90,0.14369773864746094
Naive,10,s1_i3,2017-06-18,2017-06-19,2017-09-16,31.313515331888787,14.844444444444445,16.83712828509924,2.2262551589096398,90,0.0006709098815917969
SeasonalNaive,10,s1_i3,2017-06-18,2017-06-19,2017-09-16,22.34974271938566,10.088888888888889,12.38996009320091,1.5130536559056533,90,0.0005190372467041016
ETS,10,s1_i3,2017-06-18,2017-06-19,2017-09-16,20.1874470000856,8.830793624509722,10.572905889838415,1.324374242323953,90,0.09846878051757812
SARIMA,10,s1_i3,2017-06-18,2017-06-19,2017-09-16,20.38666710026732,8.937202591562832,10.706438523008709,1.340332637583729,90,5.348435878753662
Prophet,10,s1_i3,2017-06-18,2017-06-19,2017-09-16,14.388003261214436,6.118323256177214,7.594826547134856,0.9175788803628153,90,0.24455499649047852
LightGBM,10,s1_i3,2017-06-18,2017-06-19,2017-09-16,14.612854806962009,6.168753417836776,7.637989277248445,0.9251420066205491,90,0.15167903900146484
Naive,10,s1_i4,2017-06-18,2017-06-19,2017-09-16,36.181974336549466,10.566666666666666,11.926161718395962,2.0792555767004566,90,0.0006639957427978516
SeasonalNaive,10,s1_i4,2017-06-18,2017-06-19,2017-09-16,28.529590803286837,7.288888888888889,8.935571858837264,1.434270934085699,90,0.0005059242248535156
ETS,10,s1_i4,2017-06-18,2017-06-19,2017-09-16,23.19494100889991,6.247906081086951,7.4771452081733845,1.229431567362846,90,0.13846397399902344
SARIMA,10,s1_i4,2017-06-18,2017-06-19,2017-09-16,18.291285492184162,4.823727933763121,5.969164514708157,0.9491889470122468,90,5.732818841934204
Prophet,10,s1_i4,2017-06-18,2017-06-19,2017-09-16,16.86787371020718,4.431423474173942,5.513546393752989,0.8719932465044934,90,0.24219918251037598
LightGBM,10,s1_i4,2017-06-18,2017-06-19,2017-09-16,16.570484671674166,4.332580680235575,5.23371512635822,0.8525434581278685,90,0.14618492126464844
Naive,10,s1_i5,2017-06-18,2017-06-19,2017-09-16,18.680074197044572,3.7777777777777777,4.7305155932284775,0.8283346841379283,90,0.0006880760192871094
SeasonalNaive,10,s1_i5,2017-06-18,2017-06-19,2017-09-16,28.83973109284464,6.688888888888889,8.616521597747228,1.466639646620685,90,0.0005280971527099609
ETS,10,s1_i5,2017-06-18,2017-06-19,2017-09-16,31.00487753945742,7.22896430028235,8.425478702938799,1.5850593159667254,90,0.1322159767150879
SARIMA,10,s1_i5,2017-06-18,2017-06-19,2017-09-16,19.846490126213492,4.137445109306901,5.278938626767292,0.9071971644059333,90,5.861587047576904
Prophet,10,s1_i5,2017-06-18,2017-06-19,2017-09-16,15.84228046283459,3.1960481282581474,4.1657932436661795,0.7007816956262638,90,0.23796820640563965
LightGBM,10,s1_i5,2017-06-18,2017-06-19,2017-09-16,17.077259820757096,3.5213041816810624,4.478972668380984,0.7720989848169748,90,0.14453482627868652
Naive,10,s1_i6,2017-06-18,2017-06-19,2017-09-16,21.276798141023338,15.311111111111112,17.67484087622856,1.753824075833642,90,0.0007469654083251953
SeasonalNaive,10,s1_i6,2017-06-18,2017-06-19,2017-09-16,12.646692571056137,8.766666666666667,10.70461997872362,1.0041851929120056,90,0.0005927085876464844
ETS,10,s1_i6,2017-06-18,2017-06-19,2017-09-16,12.058178535707263,8.37340846008189,10.584412665590786,0.9591391015001922,90,0.10822701454162598
SARIMA,10,s1_i6,2017-06-18,2017-06-19,2017-09-16,12.115824046674009,8.42630698856985,10.561524323278226,0.9651984078539311,90,6.529703855514526
Prophet,10,s1_i6,2017-06-18,2017-06-19,2017-09-16,10.511616900881505,7.252031017109858,8.936653055171261,0.8306899809034575,90,0.21645689010620117
LightGBM,10,s1_i6,2017-06-18,2017-06-19,2017-09-16,9.94926093110808,6.806936903424781,8.192440962298866,0.7797063019968209,90,0.14526891708374023
Naive,10,s1_i7,2017-06-18,2017-06-19,2017-09-16,37.43033574190105,30.255555555555556,32.840185410222304,3.6231658423069626,90,0.0007939338684082031
SeasonalNaive,10,s1_i7,2017-06-18,2017-06-19,2017-09-16,18.513595710044463,13.633333333333333,16.37986568931504,1.6326200839187084,90,0.0005810260772705078
ETS,10,s1_i7,2017-06-18,2017-06-19,2017-09-16,19.27517183442629,13.635920085455266,16.206165857719043,1.6329298528771232,90,0.18442606925964355
SARIMA,10,s1_i7,2017-06-18,2017-06-19,2017-09-16,20.03366491958108,14.267978350385881,16.870864514630785,1.7086201475616611,90,5.32001805305481
Prophet,10,s1_i7,2017-06-18,2017-06-19,2017-09-16,10.595935149949657,7.198751947274612,8.707933177897742,0.8620655507288101,90,0.2649991512298584
LightGBM,10,s1_i7,2017-06-18,2017-06-19,2017-09-16,10.397819438471263,7.076436455177461,8.886775259220002,0.8474180155963742,90,0.13842988014221191
Naive,10,s1_i8,2017-06-18,2017-06-19,2017-09-16,25.299052693914682,25.233333333333334,28.563574317262496,2.6071874201533314,90,0.0007729530334472656
SeasonalNaive,10,s1_i8,2017-06-18,2017-06-19,2017-09-16,15.120944650914621,14.022222222222222,17.376868404737248,1.448820133964555,90,0.0005900859832763672
ETS,10,s1_i8,2017-06-18,2017-06-19,2017-09-16,11.273935639261428,10.355423854823332,12.539441514389988,1.0699549856532804,90,0.19268798828125
SARIMA,10,s1_i8,2017-06-18,2017-06-19,2017-09-16,11.458627175709955,10.543049135304246,12.79504091016276,1.0893410201700273,90,5.516083002090454
Prophet,10,s1_i8,2017-06-18,2017-06-19,2017-09-16,8.68442918623991,8.025862395754356,10.023806338182906,0.8292573635703739,90,0.23567700386047363
LightGBM,10,s1_i8,2017-06-18,2017-06-19,2017-09-16,8.608627227981549,7.879239500969687,9.73993329684243,0.8141078245959068,90,0.14636707305908203
Naive,10,s1_i9,2017-06-18,2017-06-19,2017-09-16,30.286908622361036,21.18888888888889,23.325474867144244,2.652083493665639,90,0.0018839836120605469
SeasonalNaive,10,s1_i9,2017-06-18,2017-06-19,2017-09-16,22.129945863637246,12.966666666666667,14.752400934537176,1.6229582785043524,90,0.001341104507446289
ETS,10,s1_i9,2017-06-18,2017-06-19,2017-09-16,10.461620455152678,6.507367350920253,7.934936132503265,0.8144873300857297,90,0.1828172206878662
SARIMA,10,s1_i9,2017-06-18,2017-06-19,2017-09-16,10.462411914204054,6.507139005160395,7.932752068200314,0.8144587494450107,90,26.772233963012695
Prophet,10,s1_i9,2017-06-18,2017-06-19,2017-09-16,9.52837231561192,5.8662178325008805,7.179562793172473,0.7342385702905266,90,0.25763607025146484
LightGBM,10,s1_i9,2017-06-18,2017-06-19,2017-09-16,9.59859491195386,5.916014662625768,7.148475661381495,0.7404713346371432,90,0.13916325569152832
Naive,10,s1_i10,2017-06-18,2017-06-19,2017-09-16,37.899253936881905,39.233333333333334,42.46475662894532,4.029087572352619,90,0.0011420249938964844
SeasonalNaive,10,s1_i10,2017-06-18,2017-06-19,2017-09-16,14.204959332315317,12.955555555555556,16.451950239004088,1.3304775161039801,90,0.0015223026275634766
ETS,10,s1_i10,2017-06-18,2017-06-19,2017-09-16,14.261575679167734,12.339404945786491,15.500124361688137,1.267201608767072,90,0.19700407981872559
SARIMA,10,s1_i10,2017-06-18,2017-06-19,2017-09-16,14.630625657105536,12.74394132699742,16.069844242626953,1.3087456828393267,90,26.82959485054016
Prophet,10,s1_i10,2017-06-18,2017-06-19,2017-09-16,10.214644882176643,8.879016235033728,10.630438310136315,0.9118351903302855,90,0.24817895889282227
LightGBM,10,s1_i10,2017-06-18,2017-06-19,2017-09-16,9.279652408055254,8.015413250706455,9.809810882207824,0.8231470326854347,90,0.12978506088256836
Naive,10,s1_i11,2017-06-18,2017-06-19,2017-09-16,18.792306891354038,16.133333333333333,20.233086214855554,1.758995028694421,90,0.0018761157989501953
SeasonalNaive,10,s1_i11,2017-06-18,2017-06-19,2017-09-16,13.873957961753689,11.222222222222221,13.935566009315876,1.2235433739541082,90,0.0009579658508300781
ETS,10,s1_i11,2017-06-18,2017-06-19,2017-09-16,10.926647376608528,8.964075907586665,11.189609644609435,0.9773408031994446,90,0.24207401275634766
SARIMA,10,s1_i11,2017-06-18,2017-06-19,2017-09-16,10.877654819059785,8.91284737170212,11.147439942386717,0.9717554267563739,90,26.553122997283936
Prophet,10,s1_i11,2017-06-18,2017-06-19,2017-09-16,10.035292995408348,8.274582588133322,10.086539797333954,0.9021662998170203,90,0.24407577514648438
LightGBM,10,s1_i11,2017-06-18,2017-06-19,2017-09-16,9.36547710825828,7.6332978485964365,9.488759056788181,0.8322479112536126,90,0.13829874992370605
Naive,10,s1_i12,2017-06-18,2017-06-19,2017-09-16,17.309004367285688,14.677777777777777,17.875184536731986,1.6016965864811255,90,0.0011038780212402344
SeasonalNaive,10,s1_i12,2017-06-18,2017-06-19,2017-09-16,16.69764765351192,14.333333333333334,17.433046524090706,1.5641094599247933,90,0.0008909702301025391
ETS,10,s1_i12,2017-06-18,2017-06-19,2017-09-16,13.566585125506469,11.329589312035148,13.715416519130299,1.2363291502337446,90,0.15336823463439941
SARIMA,10,s1_i12,2017-06-18,2017-06-19,2017-09-16,14.800925198401425,12.46787449203021,15.161068371474046,1.360543286381824,90,26.305183172225952
Prophet,10,s1_i12,2017-06-18,2017-06-19,2017-09-16,10.538914250831478,8.816348232748407,10.358808690125223,0.9620744422906755,90,0.21544814109802246
LightGBM,10,s1_i12,2017-06-18,2017-06-19,2017-09-16,9.305651469425216,7.7447587930906705,9.494009277765548,0.8451384064959657,90,0.1362912654876709
Naive,10,s1_i13,2017-06-18,2017-06-19,2017-09-16,22.416618937189792,24.344444444444445,27.948166308364492,2.3416720991840694,90,0.0011708736419677734
SeasonalNaive,10,s1_i13,2017-06-18,2017-06-19,2017-09-16,10.17569182288764,9.977777777777778,12.693830522475606,0.959754242385803,90,0.0008981227874755859
ETS,10,s1_i13,2017-06-18,2017-06-19,2017-09-16,9.105562529575066,9.02899099717446,11.606180540645445,0.8684912218932371,90,0.21732378005981445
SARIMA,10,s1_i13,2017-06-18,2017-06-19,2017-09-16,9.134671959449472,9.060898481715665,11.622354905105674,0.8715603766022629,90,26.248972177505493
Prophet,10,s1_i13,2017-06-18,2017-06-19,2017-09-16,7.501957870212332,7.387501538792001,9.530219010729413,0.7105977002492809,90,0.2696387767791748
LightGBM,10,s1_i13,2017-06-18,2017-06-19,2017-09-16,8.619426541329243,8.293544229265091,10.330126097243545,0.797749201849256,90,0.1369330883026123
Naive,10,s1_i14,2017-06-18,2017-06-19,2017-09-16,37.16337314747481,30.744444444444444,33.23000652021202,3.608753404749861,90,0.0010607242584228516
SeasonalNaive,10,s1_i14,2017-06-18,2017-06-19,2017-09-16,13.870828582819478,9.988888888888889,12.385923910274562,1.172486198362893,90,0.0008680820465087891
ETS,10,s1_i14,2017-06-18,2017-06-19,2017-09-16,14.01680576612028,9.832043209931834,11.83068483789009,1.154075802983026,90,0.2048797607421875
SARIMA,10,s1_i14,2017-06-18,2017-06-19,2017-09-16,14.211445815471066,9.990864706968589,11.997851575459734,1.1727181179942647,90,26.492165088653564
Prophet,10,s1_i14,2017-06-18,2017-06-19,2017-09-16,9.885074335088381,6.911922517888143,8.969880519225129,0.8113148365672735,90,0.267139196395874
LightGBM,10,s1_i14,2017-06-18,2017-06-19,2017-09-16,9.783952461229072,6.809382637754071,8.506699706887218,0.7992788037736044,90,0.14684796333312988
Naive,10,s1_i15,2017-06-18,2017-06-19,2017-09-16,25.571682076784118,29.544444444444444,32.90778361151389,2.6475972242855876,90,0.001249074935913086
SeasonalNaive,10,s1_i15,2017-06-18,2017-06-19,2017-09-16,10.81465416189654,11.766666666666667,14.766704288891125,1.0544586162160352,90,0.0010101795196533203
ETS,10,s1_i15,2017-06-18,2017-06-19,2017-09-16,10.72200146365635,11.438169406486875,13.811299614157038,1.025020647400176,90,0.1986982822418213
SARIMA,10,s1_i15,2017-06-18,2017-06-19,2017-09-16,11.399051305277059,12.212787101676183,14.693450951432693,1.0944372737145476,90,26.602853059768677
Prophet,10,s1_i15,2017-06-18,2017-06-19,2017-09-16,8.359802287894151,8.803145896126576,10.803015847433343,0.7888855274768412,90,0.26361608505249023
LightGBM,10,s1_i15,2017-06-18,2017-06-19,2017-09-16,8.846522433557658,9.237100278670939,11.367024326322854,0.8277739357815391,90,0.14002394676208496
Naive,10,s1_i16,2017-06-18,2017-06-19,2017-09-16,35.413323636697655,12.377777777777778,14.008727438437955,2.274069881100579,90,0.001149892807006836
SeasonalNaive,10,s1_i16,2017-06-18,2017-06-19,2017-09-16,18.53876868180545,5.722222222222222,7.126632366615307,1.0512980150509859,90,0.0009279251098632812
ETS,10,s1_i16,2017-06-18,2017-06-19,2017-09-16,16.72252831276864,5.13731597939358,6.514616822387403,0.9438378801249638,90,0.17333412170410156
SARIMA,10,s1_i16,2017-06-18,2017-06-19,2017-09-16,16.70924329306031,5.133674433994415,6.51414907923162,0.9431688481822698,90,26.668484210968018
Prophet,10,s1_i16,2017-06-18,2017-06-19,2017-09-16,15.799555960227025,4.861277764060356,6.174751642457658,0.8931235917614238,90,0.2351377010345459
LightGBM,10,s1_i16,2017-06-18,2017-06-19,2017-09-16,15.381347580564379,4.736360647800724,6.060366531597584,0.870173571424981,90,0.14141082763671875
Naive,10,s1_i17,2017-06-18,2017-06-19,2017-09-16,21.250779817150033,8.433333333333334,10.109951093408469,1.3783786503285893,90,0.0011670589447021484
SeasonalNaive,10,s1_i17,2017-06-18,2017-06-19,2017-09-16,20.62959000541051,7.488888888888889,9.148163142887697,1.224014769857008,90,0.0008859634399414062
ETS,10,s1_i17,2017-06-18,2017-06-19,2017-09-16,21.026605338644174,8.455512229072333,10.249893016635312,1.382003660175368,90,0.1268937587738037
SARIMA,10,s1_i17,2017-06-18,2017-06-19,2017-09-16,15.589217170405625,6.01027021179805,7.256253894871987,0.9823432580215401,90,4.594444036483765
Prophet,10,s1_i17,2017-06-18,2017-06-19,2017-09-16,14.315845242658916,5.501453157853528,6.769718718017756,0.899180108130605,90,0.20345783233642578
LightGBM,10,s1_i17,2017-06-18,2017-06-19,2017-09-16,13.803927994052753,5.314904123229304,6.635498137744227,0.8686897674311458,90,0.11577081680297852
Naive,10,s1_i18,2017-06-18,2017-06-19,2017-09-16,20.13406678401168,20.91111111111111,25.690032654276205,2.0024032881045155,90,0.0011529922485351562
SeasonalNaive,10,s1_i18,2017-06-18,2017-06-19,2017-09-16,12.99894454331097,12.766666666666667,15.943302320689051,1.2225087024612584,90,0.0009002685546875
ETS,10,s1_i18,2017-06-18,2017-06-19,2017-09-16,12.377644847358267,12.283223245798897,14.88451065761497,1.1762151941720818,90,0.2841358184814453
SARIMA,10,s1_i18,2017-06-18,2017-06-19,2017-09-16,12.696416183633099,12.652427166795292,15.319190458281595,1.2115693722191505,90,4.894089221954346
Prophet,10,s1_i18,2017-06-18,2017-06-19,2017-09-16,9.334432932394298,9.217733938972334,11.359761398756039,0.8826704927440866,90,0.21192502975463867
LightGBM,10,s1_i18,2017-06-18,2017-06-19,2017-09-16,8.519494059144115,8.395554250790333,10.478905968582296,0.803940323778861,90,0.10574102401733398
Naive,10,s1_i19,2017-06-18,2017-06-19,2017-09-16,29.858544899485906,16.355555555555554,18.183631222735585,2.250535537347524,90,0.0012238025665283203
SeasonalNaive,10,s1_i19,2017-06-18,2017-06-19,2017-09-16,21.981377671131717,10.366666666666667,12.523311596112801,1.426460364364973,90,0.0009138584136962891
ETS,10,s1_i19,2017-06-18,2017-06-19,2017-09-16,13.9565332111694,6.929343490904103,8.499462421138725,0.9534823640686612,90,0.20827221870422363
SARIMA,10,s1_i19,2017-06-18,2017-06-19,2017-09-16,14.03543532571206,6.96976077198886,8.5325612649202,0.9590438093583207,90,4.47626519203186
Prophet,10,s1_i19,2017-06-18,2017-06-19,2017-09-16,11.361086921060958,5.597179268426027,6.9356691569976165,0.7701756635358581,90,0.19554996490478516
LightGBM,10,s1_i19,2017-06-18,2017-06-19,2017-09-16,11.354115252126915,5.635718677310804,7.051265152141075,0.7754787123371626,90,0.10672807693481445
Naive,10,s1_i20,2017-06-18,2017-06-19,2017-09-16,37.56648443293524,24.4,26.794692675146614,3.361161092729998,90,0.0021419525146484375
SeasonalNaive,10,s1_i20,2017-06-18,2017-06-19,2017-09-16,19.105793584876146,11.0,13.344994900294601,1.5152775418045072,90,0.0009438991546630859
ETS,10,s1_i20,2017-06-18,2017-06-19,2017-09-16,18.53450901286514,10.4174663995999,12.005308030710136,1.4350320798015264,90,0.14151811599731445
SARIMA,10,s1_i20,2017-06-18,2017-06-19,2017-09-16,18.722260293661343,10.537348062392843,12.138608171738953,1.4515460790110104,90,4.951996088027954
Prophet,10,s1_i20,2017-06-18,2017-06-19,2017-09-16,13.719128131777289,7.584153851476937,9.35604386019666,1.044736182248469,90,0.19400501251220703
LightGBM,10,s1_i20,2017-06-18,2017-06-19,2017-09-16,13.977726552765843,7.879974988128295,9.350851747436186,1.0854862844992768,90,0.11029911041259766
Naive,10,s1_i21,2017-06-18,2017-06-19,2017-09-16,33.04262046020545,17.933333333333334,20.273134932713294,2.5964139157703854,90,0.0011119842529296875
SeasonalNaive,10,s1_i21,2017-06-18,2017-06-19,2017-09-16,17.598345346133755,8.21111111111111,10.02607711032696,1.188816532685449,90,0.0008919239044189453
ETS,10,s1_i21,2017-06-18,2017-06-19,2017-09-16,14.40730293660318,6.851118907049092,8.758706701671274,0.9919148960330775,90,0.12940096855163574
SARIMA,10,s1_i21,2017-06-18,2017-06-19,2017-09-16,14.463943460792834,6.882324968071013,8.846540116447095,0.9964329546442501,90,5.01766300201416
Prophet,10,s1_i21,2017-06-18,2017-06-19,2017-09-16,12.584967499621355,6.016836660134773,7.845005222791181,0.8711263066891078,90,0.19524621963500977
LightGBM,10,s1_i21,2017-06-18,2017-06-19,2017-09-16,11.983815586312986,5.6885499874808065,7.134808687055382,0.823596487809514,90,0.12701892852783203
Naive,10,s1_i22,2017-06-18,2017-06-19,2017-09-16,22.828960990564163,23.3,26.609313323638315,2.233794080948346,90,0.0012710094451904297
SeasonalNaive,10,s1_i22,2017-06-18,2017-06-19,2017-09-16,12.91747928209569,12.21111111111111,15.06246254029459,1.1706913185322996,90,0.0009567737579345703
ETS,10,s1_i22,2017-06-18,2017-06-19,2017-09-16,10.891615273562467,10.470392064129431,12.852592280149997,1.0038068591442428,90,0.28681182861328125
SARIMA,10,s1_i22,2017-06-18,2017-06-19,2017-09-16,11.1602153619972,10.757907417580618,13.188150166724489,1.0313712408919267,90,4.441771984100342
Prophet,10,s1_i22,2017-06-18,2017-06-19,2017-09-16,8.618527671687684,8.245749615227085,10.331532876831725,0.7905281838401873,90,0.15677618980407715
LightGBM,10,s1_i22,2017-06-18,2017-06-19,2017-09-16,8.277731510007362,7.794921524804108,9.667113196404044,0.7473068482216426,90,0.11549186706542969
Naive,10,s1_i23,2017-06-18,2017-06-19,2017-09-16,21.378605402332248,7.488888888888889,8.993825042154693,1.2484045464914242,90,0.0011188983917236328
SeasonalNaive,10,s1_i23,2017-06-18,2017-06-19,2017-09-16,17.957520162540764,6.0,7.697041278598189,1.0002054230049986,90,0.0009019374847412109
ETS,10,s1_i23,2017-06-18,2017-06-19,2017-09-16,15.480327601937404,5.338558872851751,6.806908253731259,0.8899425892762957,90,0.20104026794433594
SARIMA,10,s1_i23,2017-06-18,2017-06-19,2017-09-16,15.544895823682417,5.358475355771334,6.846254935471054,0.8932626849801878,90,3.879777669906616
Prophet,10,s1_i23,2017-06-18,2017-06-19,2017-09-16,13.35936861699493,4.593536266627382,5.686438048506244,0.7657466474418071,90,0.1731090545654297
LightGBM,10,s1_i23,2017-06-18,2017-06-19,2017-09-16,13.021984049810891,4.470739223786984,5.6324384645237116,0.7452762694121499,90,0.11474084854125977
Naive,10,s1_i24,2017-06-18,2017-06-19,2017-09-16,16.13656755300667,12.633333333333333,15.492291990248283,1.390566293505806,90,0.0011401176452636719
SeasonalNaive,10,s1_i24,2017-06-18,2017-06-19,2017-09-16,14.662357864714284,11.444444444444445,14.084664631356253,1.2597038542752685,90,0.0016658306121826172
ETS,10,s1_i24,2017-06-18,2017-06-19,2017-09-16,13.432392123071704,10.490652378626502,12.262631388235551,1.15471880696078,90,0.15843510627746582
SARIMA,10,s1_i24,2017-06-18,2017-06-19,2017-09-16,13.436315675849182,10.493029671591202,12.261251324251111,1.1549804784752788,90,4.254098176956177
Prophet,10,s1_i24,2017-06-18,2017-06-19,2017-09-16,11.226474540864567,8.727484036970763,10.904962247947253,0.9606447331600151,90,0.1647040843963623
LightGBM,10,s1_i24,2017-06-18,2017-06-19,2017-09-16,10.26835278291324,7.954454151701854,10.169909335151589,0.8755563978834237,90,0.1144101619720459
Naive,10,s1_i25,2017-06-18,2017-06-19,2017-09-16,26.414575081239132,27.955555555555556,31.511197304379845,2.821633498886017,90,0.0009961128234863281
SeasonalNaive,10,s1_i25,2017-06-18,2017-06-19,2017-09-16,13.477417365616926,12.544444444444444,15.194662805662315,1.2661463514476603,90,0.0006399154663085938
ETS,10,s1_i25,2017-06-18,2017-06-19,2017-09-16,11.314597171251242,10.715628631193097,12.627775004264231,1.0815587852407356,90,0.18610215187072754
SARIMA,10,s1_i25,2017-06-18,2017-06-19,2017-09-16,11.965388737329828,11.39178795912612,13.534578920497363,1.1498054636688781,90,5.480819940567017
Prophet,10,s1_i25,2017-06-18,2017-06-19,2017-09-16,8.094387932014044,7.641431633791671,9.522986852938624,0.7712713644522455,90,0.19846510887145996
LightGBM,10,s1_i25,2017-06-18,2017-06-19,2017-09-16,8.99473867058859,8.53922878019985,10.412003285368804,0.8618885764219845,90,0.11197018623352051
Naive,10,s1_i26,2017-06-18,2017-06-19,2017-09-16,25.057226468178072,15.177777777777777,17.84750215949933,2.011393266111606,90,0.0011126995086669922
SeasonalNaive,10,s1_i26,2017-06-18,2017-06-19,2017-09-16,17.177505126059238,10.166666666666666,13.230016376911003,1.347309545016193,90,0.0019519329071044922
ETS,10,s1_i26,2017-06-18,2017-06-19,2017-09-16,14.706701620890222,8.307562471841889,10.270879436296228,1.1009368735210716,90,0.18349790573120117
SARIMA,10,s1_i26,2017-06-18,2017-06-19,2017-09-16,14.85744592092211,8.407173148022292,10.401664221091044,1.1141375044853379,90,5.717851161956787
Prophet,10,s1_i26,2017-06-18,2017-06-19,2017-09-16,11.430819334998715,6.455427401730519,7.979303591472107,0.8554877661157978,90,0.2178196907043457
LightGBM,10,s1_i26,2017-06-18,2017-06-19,2017-09-16,10.728595239619674,6.06010216331965,7.700842615644294,0.8030983759095585,90,0.11513423919677734
Naive,10,s1_i27,2017-06-18,2017-06-19,2017-09-16,32.089030733685135,9.344444444444445,10.5583037358175,1.7903474596184157,90,0.0009660720825195312
SeasonalNaive,10,s1_i27,2017-06-18,2017-06-19,2017-09-16,23.106927628309055,6.2444444444444445,7.5351030369715435,1.196403415345481,90,0.0007441043853759766
ETS,10,s1_i27,2017-06-18,2017-06-19,2017-09-16,18.606665753270953,4.940452964188174,6.157752535578751,0.9465653593839134,90,0.1740429401397705
SARIMA,10,s1_i27,2017-06-18,2017-06-19,2017-09-16,18.818204715526765,5.0105765132496805,6.251430873655005,0.9600006704575788,90,5.698601961135864
Prophet,10,s1_i27,2017-06-18,2017-06-19,2017-09-16,16.134880167069248,4.249828890432126,5.568255817833285,0.814245341500392,90,0.17701482772827148
LightGBM,10,s1_i27,2017-06-18,2017-06-19,2017-09-16,16.811866103814697,4.44480125905046,5.566317112472605,0.8516010438031811,90,0.11286616325378418
Naive,10,s1_i28,2017-06-18,2017-06-19,2017-09-16,16.345543015421963,17.288888888888888,21.153933177754176,1.5990350275855614,90,0.0008571147918701172
SeasonalNaive,10,s1_i28,2017-06-18,2017-06-19,2017-09-16,13.152729639166871,13.8,17.10100711784088,1.2763505811447735,90,0.0005559921264648438
ETS,10,s1_i28,2017-06-18,2017-06-19,2017-09-16,11.866711519415672,12.320831422473725,15.287157042009193,1.1395435033522554,90,0.12350702285766602
SARIMA,10,s1_i28,2017-06-18,2017-06-19,2017-09-16,11.990254139384714,12.46780730540592,15.456560779489891,1.1531371811489781,90,5.964393138885498
Prophet,10,s1_i28,2017-06-18,2017-06-19,2017-09-16,8.744533233300178,9.018070966977142,11.73540558379313,0.8340739217033394,90,0.1765739917755127
LightGBM,10,s1_i28,2017-06-18,2017-06-19,2017-09-16,8.750897960404313,8.955148564296508,11.013512095996315,0.8282542807447558,90,0.11423683166503906
Naive,10,s1_i29,2017-06-18,2017-06-19,2017-09-16,18.95113797861677,16.444444444444443,19.129964860280207,1.7960520410779501,90,0.0009307861328125
SeasonalNaive,10,s1_i29,2017-06-18,2017-06-19,2017-09-16,12.36720342198138,10.38888888888889,13.39278412678509,1.134668012437759,90,0.0007221698760986328
ETS,10,s1_i29,2017-06-18,2017-06-19,2017-09-16,11.543141875924409,9.698661677689259,12.370551630916216,1.0592818237665176,90,0.1754312515258789
SARIMA,10,s1_i29,2017-06-18,2017-06-19,2017-09-16,12.696927464396593,10.74721910891475,13.62894055564059,1.1738046172182741,90,5.420767068862915
Prophet,10,s1_i29,2017-06-18,2017-06-19,2017-09-16,9.158679076496094,7.552755464461786,9.40857977527757,0.824907275739075,90,0.198167085647583
LightGBM,10,s1_i29,2017-06-18,2017-06-19,2017-09-16,9.673146395679574,7.884357311830729,9.49104587922153,0.8611246242061688,90,0.11877298355102539
Naive,10,s1_i30,2017-06-18,2017-06-19,2017-09-16,24.57930771465483,12.8,15.098197096195147,1.8678654915454465,90,0.0010221004486083984
SeasonalNaive,10,s1_i30,2017-06-18,2017-06-19,2017-09-16,15.750969281741492,7.644444444444445,9.813822451578748,1.115530779672975,90,0.0007500648498535156
ETS,10,s1_i30,2017-06-18,2017-06-19,2017-09-16,13.541251691315443,6.544453699649035,7.999501234885537,0.95501243957745,90,0.13457894325256348
SARIMA,10,s1_i30,2017-06-18,2017-06-19,2017-09-16,13.685261057637582,6.613394757309663,8.135621254468887,0.9650728007145541,90,5.974492073059082
Prophet,10,s1_i30,2017-06-18,2017-06-19,2017-09-16,12.198255119335435,5.899889666685192,7.301875236996668,0.8609531494005341,90,0.18273186683654785
LightGBM,10,s1_i30,2017-06-18,2017-06-19,2017-09-16,11.535525330923296,5.5784073781036545,7.020478817552276,0.8140402061986193,90,0.11681103706359863
Naive,10,s1_i31,2017-06-18,2017-06-19,2017-09-16,28.759179490009494,22.177777777777777,25.385472660996925,2.6387019521333275,90,0.0011339187622070312
SeasonalNaive,10,s1_i31,2017-06-18,2017-06-19,2017-09-16,15.037940532463484,10.266666666666667,12.768015594532386,1.221523348582763,90,0.0007350444793701172
ETS,10,s1_i31,2017-06-18,2017-06-19,2017-09-16,11.865443147011355,8.127918193181129,10.000302441422729,0.9670560241890946,90,0.13757801055908203
SARIMA,10,s1_i31,2017-06-18,2017-06-19,2017-09-16,11.878420781111798,8.135232575913033,10.004524786313779,0.9679262861326815,90,6.201614141464233
Prophet,10,s1_i31,2017-06-18,2017-06-19,2017-09-16,10.331559824826488,7.03565754499322,8.793426430945583,0.8370993471274382,90,0.17587709426879883
LightGBM,10,s1_i31,2017-06-18,2017-06-19,2017-09-16,9.47838359471239,6.538602804600451,8.27791352124257,0.7779599993111871,90,0.12783527374267578
Naive,10,s1_i32,2017-06-18,2017-06-19,2017-09-16,32.1202333804819,18.966666666666665,21.03092960380021,2.58527756746486,90,0.0017096996307373047
SeasonalNaive,10,s1_i32,2017-06-18,2017-06-19,2017-09-16,20.372787907548386,10.7,12.760616495033982,1.4584782058984538,90,0.0014128684997558594
ETS,10,s1_i32,2017-06-18,2017-06-19,2017-09-16,13.928573741719052,7.1354979029715295,8.744330682625671,0.9726138485717847,90,0.17380809783935547
SARIMA,10,s1_i32,2017-06-18,2017-06-19,2017-09-16,14.850875512246114,7.677447451909449,9.37153612285858,1.0464850266860326,90,6.609606027603149
Prophet,10,s1_i32,2017-06-18,2017-06-19,2017-09-16,11.289204662243355,5.738206094177176,7.155573477208404,0.7821540681599161,90,0.18749523162841797
LightGBM,10,s1_i32,2017-06-18,2017-06-19,2017-09-16,11.748943924213531,6.068923341257275,7.488724798286968,0.8272329370553421,90,0.11939001083374023
Naive,10,s1_i33,2017-06-18,2017-06-19,2017-09-16,21.41787389225814,18.88888888888889,22.222111110833332,2.0482840023613487,90,0.0009899139404296875
SeasonalNaive,10,s1_i33,2017-06-18,2017-06-19,2017-09-16,12.264056375791355,10.5,13.54293583796036,1.1386049307243966,90,0.0008018016815185547
ETS,10,s1_i33,2017-06-18,2017-06-19,2017-09-16,11.98439224625383,10.038794043362493,12.08293517215648,1.0885924186951654,90,0.11923503875732422
SARIMA,10,s1_i33,2017-06-18,2017-06-19,2017-09-16,12.251394940270552,10.29903959695194,12.393222317375674,1.116813073030027,90,4.064536809921265
Prophet,10,s1_i33,2017-06-18,2017-06-19,2017-09-16,9.319269937962744,7.919998819526513,10.248630564913297,0.858833305451837,90,0.17917203903198242
LightGBM,10,s1_i33,2017-06-18,2017-06-19,2017-09-16,9.110434630028662,7.6767471276895805,9.969420075820182,0.8324554410963529,90,0.11687827110290527
Naive,10,s1_i34,2017-06-18,2017-06-19,2017-09-16,20.99144946721652,6.466666666666667,7.684038290146948,1.2102629149026456,90,0.00092315673828125
SeasonalNaive,10,s1_i34,2017-06-18,2017-06-19,2017-09-16,24.792190815037028,7.622222222222222,9.51139667276403,1.426529827531297,90,0.0007181167602539062
ETS,10,s1_i34,2017-06-18,2017-06-19,2017-09-16,16.809074726226285,5.111177041085251,6.452027552728963,0.9565775295351518,90,0.13883590698242188
SARIMA,10,s1_i34,2017-06-18,2017-06-19,2017-09-16,16.895335127254167,5.138708781061154,6.4796819752547865,0.9617302064231278,90,3.659111976623535
Prophet,10,s1_i34,2017-06-18,2017-06-19,2017-09-16,14.311454032457767,4.3125056299343205,5.5558993243021995,0.8071029331265537,90,0.17345118522644043
LightGBM,10,s1_i34,2017-06-18,2017-06-19,2017-09-16,14.181879717307371,4.268523976226831,5.673143257831286,0.79887158811342,90,0.11038517951965332
Naive,10,s1_i35,2017-06-18,2017-06-19,2017-09-16,18.631657499049467,14.766666666666667,17.404022523543226,1.6666411681011852,90,0.0009491443634033203
SeasonalNaive,10,s1_i35,2017-06-18,2017-06-19,2017-09-16,13.248484437798192,10.455555555555556,13.119535899650652,1.180067222861712,90,0.0007281303405761719
ETS,10,s1_i35,2017-06-18,2017-06-19,2017-09-16,12.78318099266554,9.857503604115001,12.118279964087485,1.1125680353040994,90,0.18133187294006348
SARIMA,10,s1_i35,2017-06-18,2017-06-19,2017-09-16,12.8461521985607,9.916707473924435,12.198883524876384,1.1192500854216143,90,4.745809078216553
Prophet,10,s1_i35,2017-06-18,2017-06-19,2017-09-16,10.030716946299055,7.7431438316895225,9.721585090664332,0.8739306284710504,90,0.19353604316711426
LightGBM,10,s1_i35,2017-06-18,2017-06-19,2017-09-16,9.437527582395884,7.26151762408218,9.116813908793507,0.8195718430149661,90,0.11424589157104492
Naive,10,s1_i36,2017-06-18,2017-06-19,2017-09-16,14.453203723046185,13.177777777777777,16.69397762334935,1.3864600888813112,90,0.0019979476928710938
SeasonalNaive,10,s1_i36,2017-06-18,2017-06-19,2017-09-16,15.019073250374138,13.477777777777778,17.161002301730512,1.4180236828103125,90,0.002285003662109375
ETS,10,s1_i36,2017-06-18,2017-06-19,2017-09-16,12.024882970941599,11.018629304225437,13.848061561891043,1.159291803375882,90,0.12152504920959473
SARIMA,10,s1_i36,2017-06-18,2017-06-19,2017-09-16,12.42028911982202,11.391646973670792,14.248286060853683,1.1985377308649336,90,4.156514883041382
Prophet,10,s1_i36,2017-06-18,2017-06-19,2017-09-16,9.416736106768578,8.5550081345826,10.472130694559445,0.9000893427308904,90,0.17864513397216797
LightGBM,10,s1_i36,2017-06-18,2017-06-19,2017-09-16,8.909819414544543,8.13665667160459,10.435426969874658,0.8560737570740854,90,0.11525583267211914
Naive,10,s1_i37,2017-06-18,2017-06-19,2017-09-16,25.100979777370753,9.2,10.71032731111011,1.5568345321106514,90,0.0020339488983154297
SeasonalNaive,10,s1_i37,2017-06-18,2017-06-19,2017-09-16,22.193181627212294,7.877777777777778,9.199637674024633,1.3330865739932993,90,0.0007548332214355469
ETS,10,s1_i37,2017-06-18,2017-06-19,2017-09-16,16.896403601217745,6.013671697490575,7.380097954334613,1.0176404090684572,90,0.16875290870666504
SARIMA,10,s1_i37,2017-06-18,2017-06-19,2017-09-16,16.901835719606296,6.015123001227644,7.393158681487496,1.0178860003482886,90,4.107775926589966
Prophet,10,s1_i37,2017-06-18,2017-06-19,2017-09-16,16.100631595304552,5.745469067266817,7.137980568059224,0.9722548529450604,90,0.1750020980834961
LightGBM,10,s1_i37,2017-06-18,2017-06-19,2017-09-16,15.959642308897138,5.678984751020461,7.007108734449327,0.9610043008389634,90,0.11416482925415039
Naive,10,s1_i38,2017-06-18,2017-06-19,2017-09-16,22.69763550781168,23.433333333333334,26.800704800019304,2.318901286277448,90,0.0009379386901855469
SeasonalNaive,10,s1_i38,2017-06-18,2017-06-19,2017-09-16,17.02695476668266,17.655555555555555,22.13619459417339,1.7471475314816807,90,0.0007138252258300781
ETS,10,s1_i38,2017-06-18,2017-06-19,2017-09-16,15.066487330427226,14.959983009358243,17.70737762203687,1.4804007329910212,90,0.145460844039917
SARIMA,10,s1_i38,2017-06-18,2017-06-19,2017-09-16,15.584283965942072,15.557374772829252,18.423271416710694,1.5395170571186658,90,4.211184978485107
Prophet,10,s1_i38,2017-06-18,2017-06-19,2017-09-16,8.85203516165453,8.60835248169199,10.993847799088805,0.8518600131945326,90,0.2018601894378662
LightGBM,10,s1_i38,2017-06-18,2017-06-19,2017-09-16,9.024495399360983,8.802142229706947,10.75784744988796,0.8710369390525383,90,0.11222505569458008
Naive,10,s1_i39,2017-06-18,2017-06-19,2017-09-16,29.647434865448187,16.944444444444443,19.2067696398952,2.3323580128528465,90,0.0009419918060302734
SeasonalNaive,10,s1_i39,2017-06-18,2017-06-19,2017-09-16,15.727648903963065,8.455555555555556,10.95191510396444,1.1638848837908304,90,0.0007352828979492188
ETS,10,s1_i39,2017-06-18,2017-06-19,2017-09-16,16.56197603987145,8.760840636955015,10.481688041111996,1.2059065687236707,90,0.18653416633605957
SARIMA,10,s1_i39,2017-06-18,2017-06-19,2017-09-16,16.805099746814157,8.909841210063968,10.670695465673246,1.2264161039728052,90,4.509530782699585
Prophet,10,s1_i39,2017-06-18,2017-06-19,2017-09-16,12.39634740849468,6.535728801443085,8.484108235364086,0.8996258030092472,90,0.2098689079284668
LightGBM,10,s1_i39,2017-06-18,2017-06-19,2017-09-16,12.19213209849583,6.4319185183759275,8.293651834882073,0.8853365917977465,90,0.11527895927429199
Naive,10,s1_i40,2017-06-18,2017-06-19,2017-09-16,18.60653596913384,6.466666666666667,8.26370914837211,1.1184356349301767,90,0.0009207725524902344
SeasonalNaive,10,s1_i40,2017-06-18,2017-06-19,2017-09-16,19.88111821565914,6.966666666666667,8.713335883702763,1.204912617012407,90,0.0015001296997070312
ETS,10,s1_i40,2017-06-18,2017-06-19,2017-09-16,15.680277709705676,5.3869582705744765,6.592408232364961,0.9316957876843811,90,0.08675980567932129
SARIMA,10,s1_i40,2017-06-18,2017-06-19,2017-09-16,15.60456860524545,5.356626449347758,6.562632448248771,0.9264497789628924,90,3.676814079284668
Prophet,10,s1_i40,2017-06-18,2017-06-19,2017-09-16,13.140051403337981,4.546726148274058,5.694192490278046,0.7863743113142062,90,0.1640918254852295
LightGBM,10,s1_i40,2017-06-18,2017-06-19,2017-09-16,12.355244431826296,4.241497216473811,5.181986587882691,0.7335837575816697,90,0.11909604072570801
Naive,10,s1_i41,2017-06-18,2017-06-19,2017-09-16,24.09790494935969,6.433333333333334,7.877534865397649,1.278317825407112,90,0.0010840892791748047
SeasonalNaive,10,s1_i41,2017-06-18,2017-06-19,2017-09-16,22.222447983283217,5.611111111111111,6.797875485113795,1.1149404176694153,90,0.0007817745208740234
ETS,10,s1_i41,2017-06-18,2017-06-19,2017-09-16,18.421728908563328,4.777127567507018,5.820098151943772,0.949226008878954,90,0.09855794906616211
SARIMA,10,s1_i41,2017-06-18,2017-06-19,2017-09-16,19.202290289852627,5.010943103795886,6.055419522867201,0.9956856826450446,90,3.7227818965911865
Prophet,10,s1_i41,2017-06-18,2017-06-19,2017-09-16,16.628966971682743,4.263149270707483,5.1837631427584405,0.8470973634896433,90,0.20228290557861328
LightGBM,10,s1_i41,2017-06-18,2017-06-19,2017-09-16,16.130548099921604,4.124759762000004,5.016436043177706,0.8195990563657929,90,0.11840224266052246
Naive,10,s1_i42,2017-06-18,2017-06-19,2017-09-16,33.272313030095304,16.244444444444444,18.05547008526779,2.586552862664118,90,0.0009160041809082031
SeasonalNaive,10,s1_i42,2017-06-18,2017-06-19,2017-09-16,16.307652561839227,7.144444444444445,9.13418487514531,1.1375878869309357,90,0.0007138252258300781
ETS,10,s1_i42,2017-06-18,2017-06-19,2017-09-16,15.280006120893885,6.583709415661301,7.939393682181634,1.0483037751316486,90,0.12042975425720215
SARIMA,10,s1_i42,2017-06-18,2017-06-19,2017-09-16,15.295461101385783,6.605991430487335,7.966129699049294,1.0518516717329334,90,3.6495699882507324
Prophet,10,s1_i42,2017-06-18,2017-06-19,2017-09-16,11.711011430831473,5.030906635149092,6.41379667302187,0.801055770386232,90,0.1934678554534912
LightGBM,10,s1_i42,2017-06-18,2017-06-19,2017-09-16,11.327830386486706,4.814437254768147,6.229922361168208,0.7665880175850613,90,0.11361503601074219
Naive,10,s1_i43,2017-06-18,2017-06-19,2017-09-16,19.167025924422656,12.1,14.317433041187547,1.5913054045391224,90,0.0010309219360351562
SeasonalNaive,10,s1_i43,2017-06-18,2017-06-19,2017-09-16,13.931209037539269,8.622222222222222,10.844353369380768,1.1339329604429376,90,0.0007498264312744141
ETS,10,s1_i43,2017-06-18,2017-06-19,2017-09-16,13.339450993005386,8.295961927920773,10.200536001149274,1.0910255414670351,90,0.21123504638671875
SARIMA,10,s1_i43,2017-06-18,2017-06-19,2017-09-16,13.506877446530908,8.418741619707895,10.328326618475224,1.107172647839638,90,4.008846998214722
Prophet,10,s1_i43,2017-06-18,2017-06-19,2017-09-16,10.783683232584558,6.701994932973706,8.56538057701782,0.8813984097549482,90,0.18047022819519043
LightGBM,10,s1_i43,2017-06-18,2017-06-19,2017-09-16,10.165519351625592,6.256337483563811,8.143947372048048,0.8227887314227922,90,0.11882591247558594
Naive,10,s1_i44,2017-06-18,2017-06-19,2017-09-16,15.196411966777761,5.4222222222222225,7.290785661062569,0.9172677366247595,90,0.002299785614013672
SeasonalNaive,10,s1_i44,2017-06-18,2017-06-19,2017-09-16,18.525117000763323,6.766666666666667,8.501633829904566,1.144705023779669,90,0.0007760524749755859
ETS,10,s1_i44,2017-06-18,2017-06-19,2017-09-16,14.276847728624656,5.101485353833912,6.4450060152101925,0.86300924826681,90,0.10716128349304199
SARIMA,10,s1_i44,2017-06-18,2017-06-19,2017-09-16,14.323194496361724,5.1181433222635295,6.460548111912771,0.8658272473033637,90,4.040988206863403
Prophet,10,s1_i44,2017-06-18,2017-06-19,2017-09-16,12.3294685293123,4.3743305084170805,5.59012126318585,0.7399977500479368,90,0.1487898826599121
LightGBM,10,s1_i44,2017-06-18,2017-06-19,2017-09-16,12.34841280257538,4.386372249484288,5.47902760365187,0.7420348300717821,90,0.11181187629699707
Naive,10,s1_i45,2017-06-18,2017-06-19,2017-09-16,21.78277472788718,21.3,24.989553372915207,2.1198123618199376,90,0.0009009838104248047
SeasonalNaive,10,s1_i45,2017-06-18,2017-06-19,2017-09-16,14.306813006324589,13.7,17.30028901492689,1.3634473876494435,90,0.0010249614715576172
ETS,10,s1_i45,2017-06-18,2017-06-19,2017-09-16,14.356025382489262,13.444656602878307,16.68596256991361,1.3380351768641072,90,0.1246027946472168
SARIMA,10,s1_i45,2017-06-18,2017-06-19,2017-09-16,15.609900960212626,14.794597625309466,18.410361386620163,1.4723836119381644,90,4.15424370765686
Prophet,10,s1_i45,2017-06-18,2017-06-19,2017-09-16,9.861488827265216,9.06421586030569,11.311438942666621,0.9020862361915655,90,0.1884322166442871
LightGBM,10,s1_i45,2017-06-18,2017-06-19,2017-09-16,9.32639170182286,8.483482033891683,10.626082510719005,0.8442906144000439,90,0.10903596878051758
Naive,10,s1_i46,2017-06-18,2017-06-19,2017-09-16,19.124923186606267,13.877777777777778,15.809631382307574,1.6319108339867225,90,0.0009098052978515625
SeasonalNaive,10,s1_i46,2017-06-18,2017-06-19,2017-09-16,13.58050827302717,9.544444444444444,11.36808397810877,1.12234700271785,90,0.0011970996856689453
ETS,10,s1_i46,2017-06-18,2017-06-19,2017-09-16,11.490894642455011,8.187143010338824,9.753461237067839,0.9627396829602511,90,0.10717892646789551
SARIMA,10,s1_i46,2017-06-18,2017-06-19,2017-09-16,11.504376171480397,8.197613407865735,9.772212432624048,0.963970914316879,90,4.273279190063477
Prophet,10,s1_i46,2017-06-18,2017-06-19,2017-09-16,8.910538239064456,6.3711108160431085,8.351277170174852,0.7491894546603414,90,0.18515300750732422
LightGBM,10,s1_i46,2017-06-18,2017-06-19,2017-09-16,8.667867576953224,6.123728846050699,7.660928543456876,0.7200993997950705,90,0.10467123985290527
Naive,10,s1_i47,2017-06-18,2017-06-19,2017-09-16,32.8626359738288,9.88888888888889,11.527744310527055,2.0466292608193046,90,0.0009176731109619141
SeasonalNaive,10,s1_i47,2017-06-18,2017-06-19,2017-09-16,22.68591606439302,5.944444444444445,7.407953683560513,1.2302771399307055,90,0.0007159709930419922
ETS,10,s1_i47,2017-06-18,2017-06-19,2017-09-16,17.764831157342616,4.756127983782146,5.872854249513239,0.9843401831268602,90,0.09053397178649902
SARIMA,10,s1_i47,2017-06-18,2017-06-19,2017-09-16,17.795729152474465,4.762509972911977,5.88583759259006,0.9856610156129062,90,3.9843361377716064
Prophet,10,s1_i47,2017-06-18,2017-06-19,2017-09-16,16.709661734133707,4.475521386801047,5.395442529880844,0.9262651376274892,90,0.16386818885803223
LightGBM,10,s1_i47,2017-06-18,2017-06-19,2017-09-16,16.687647482814963,4.47676078189342,5.424904357809641,0.9265216459460948,90,0.09921407699584961
Naive,10,s1_i48,2017-06-18,2017-06-19,2017-09-16,20.613586860965004,13.222222222222221,15.159888595310397,1.6543067116853012,90,0.0009248256683349609
SeasonalNaive,10,s1_i48,2017-06-18,2017-06-19,2017-09-16,13.3631071707076,8.433333333333334,10.540398474441087,1.0551418438396165,90,0.0007529258728027344
ETS,10,s1_i48,2017-06-18,2017-06-19,2017-09-16,12.911128780064562,8.171139653500076,10.142688958157583,1.0223373154464515,90,0.13793587684631348
SARIMA,10,s1_i48,2017-06-18,2017-06-19,2017-09-16,12.88858120414828,8.166577689995984,10.143794662547151,1.0217665424919176,90,4.595452308654785
Prophet,10,s1_i48,2017-06-18,2017-06-19,2017-09-16,11.357005977749782,7.196558202715469,8.863795389473378,0.9004019396813023,90,0.17201590538024902
LightGBM,10,s1_i48,2017-06-18,2017-06-19,2017-09-16,10.604213749690276,6.7028733554076005,8.555959587675567,0.8386342471835825,90,0.09811687469482422
Naive,10,s1_i49,2017-06-18,2017-06-19,2017-09-16,31.676627109913944,12.233333333333333,14.151167992627165,2.1801581197388384,90,0.0009610652923583984
SeasonalNaive,10,s1_i49,2017-06-18,2017-06-19,2017-09-16,18.2282356296731,6.0,7.637626158259733,1.069287361179812,90,0.00075531005859375
ETS,10,s1_i49,2017-06-18,2017-06-19,2017-09-16,14.914491428905269,5.142893349806638,6.113028135301623,0.9165384764739904,90,0.11678719520568848
SARIMA,10,s1_i49,2017-06-18,2017-06-19,2017-09-16,14.777315395925555,5.095007082687534,6.071770295370132,0.9080044464399007,90,3.619525194168091
Prophet,10,s1_i49,2017-06-18,2017-06-19,2017-09-16,14.861328901027013,5.089885731570435,6.088828598890088,0.9070917471029545,90,0.1510331630706787
LightGBM,10,s1_i49,2017-06-18,2017-06-19,2017-09-16,14.068019411234758,4.8037666857646375,5.84772349248968,0.8561011671907933,90,0.09568619728088379
Naive,10,s1_i50,2017-06-18,2017-06-19,2017-09-16,15.114129599751744,11.811111111111112,14.08190328045183,1.2872302800996616,90,0.0008840560913085938
SeasonalNaive,10,s1_i50,2017-06-18,2017-06-19,2017-09-16,12.163453148259395,9.544444444444444,11.881357947081076,1.0401983166562645,90,0.0006959438323974609
ETS,10,s1_i50,2017-06-18,2017-06-19,2017-09-16,11.228484791408917,8.763808766264228,10.77055298127733,0.9551209794585469,90,0.22383880615234375
SARIMA,10,s1_i50,2017-06-18,2017-06-19,2017-09-16,11.210960461986987,8.747299087244185,10.780166797098207,0.9533216772126022,90,4.0035810470581055
Prophet,10,s1_i50,2017-06-18,2017-06-19,2017-09-16,9.491205458027533,7.380573257888544,9.004387685859125,0.8043694867208983,90,0.13147187232971191
LightGBM,10,s1_i50,2017-06-18,2017-06-19,2017-09-16,9.283468911075031,7.195653141287928,8.826231340158094,0.7842160251838252,90,0.08111095428466797
Naive,11,s1_i1,2017-09-16,2017-09-17,2017-12-15,29.449243401338027,6.5777777777777775,7.900773520499257,1.3434760141924358,90,0.0008258819580078125
SeasonalNaive,11,s1_i1,2017-09-16,2017-09-17,2017-12-15,24.495408616654434,5.0777777777777775,6.242328625334192,1.0371090177127418,90,0.0005700588226318359
ETS,11,s1_i1,2017-09-16,2017-09-17,2017-12-15,21.93019588246167,4.613791788469603,5.65882456794647,0.9423423550774054,90,0.13834810256958008
SARIMA,11,s1_i1,2017-09-16,2017-09-17,2017-12-15,21.958259307961466,4.621282721227,5.668471832026585,0.9438723381238819,90,4.2732720375061035
Prophet,11,s1_i1,2017-09-16,2017-09-17,2017-12-15,18.521370968310613,3.8142910181549476,4.557684920670275,0.7790485886210702,90,0.22748875617980957
LightGBM,11,s1_i1,2017-09-16,2017-09-17,2017-12-15,18.561340404196123,3.7969619356547626,4.49544901716863,0.7755092159828498,90,0.1244196891784668
Naive,11,s1_i2,2017-09-16,2017-09-17,2017-12-15,25.81789580541991,16.455555555555556,19.07907521634922,1.9166632667018035,90,0.0007748603820800781
SeasonalNaive,11,s1_i2,2017-09-16,2017-09-17,2017-12-15,15.12705290477115,8.988888888888889,11.22249724635495,1.0469821625670217,90,0.0005462169647216797
ETS,11,s1_i2,2017-09-16,2017-09-17,2017-12-15,14.567177223295364,8.665308053192568,10.759122558541524,1.0092930368797137,90,0.11399602890014648
SARIMA,11,s1_i2,2017-09-16,2017-09-17,2017-12-15,14.25966802811601,8.474669441242108,10.546019380631645,0.9870883763620623,90,4.129772186279297
Prophet,11,s1_i2,2017-09-16,2017-09-17,2017-12-15,11.019598417534572,6.472317090433202,7.955743358109952,0.7538640902033525,90,0.17250680923461914
LightGBM,11,s1_i2,2017-09-16,2017-09-17,2017-12-15,11.228829780655458,6.531761436205061,8.249397087679107,0.760787879167474,90,0.1063077449798584
Naive,11,s1_i3,2017-09-16,2017-09-17,2017-12-15,20.138784773599617,7.233333333333333,9.095175766428168,1.0688087637513268,90,0.00080108642578125
SeasonalNaive,11,s1_i3,2017-09-16,2017-09-17,2017-12-15,18.854215502392304,6.733333333333333,8.301271656265149,0.9949279736302673,90,0.000579833984375
ETS,11,s1_i3,2017-09-16,2017-09-17,2017-12-15,16.899927431474588,5.955517443072216,7.6511550027349315,0.879996668547854,90,0.08846402168273926
SARIMA,11,s1_i3,2017-09-16,2017-09-17,2017-12-15,16.700907506906937,5.881578551125154,7.594167334240593,0.8690713410324048,90,4.217835903167725
Prophet,11,s1_i3,2017-09-16,2017-09-17,2017-12-15,13.608943090298276,4.749413656305114,6.107969580278442,0.7017808670791434,90,0.17480897903442383
LightGBM,11,s1_i3,2017-09-16,2017-09-17,2017-12-15,12.86306820552809,4.46734387937468,5.755711424480541,0.6601017911013606,90,0.11769890785217285
Naive,11,s1_i4,2017-09-16,2017-09-17,2017-12-15,35.92751166275924,6.944444444444445,8.292566952799758,1.3527215523102254,90,0.0007729530334472656
SeasonalNaive,11,s1_i4,2017-09-16,2017-09-17,2017-12-15,27.08102078725486,5.633333333333334,6.877499545619759,1.0973277232340548,90,0.0006489753723144531
ETS,11,s1_i4,2017-09-16,2017-09-17,2017-12-15,29.035884513131876,5.607652757086806,6.856608595567358,1.0923253549031777,90,0.0815439224243164
SARIMA,11,s1_i4,2017-09-16,2017-09-17,2017-12-15,19.927392030675843,4.116287264722258,5.039985343569549,0.8018194317825462,90,4.232172012329102
Prophet,11,s1_i4,2017-09-16,2017-09-17,2017-12-15,17.587861964790168,3.6214139447021876,4.4252826578938285,0.7054221157683033,90,0.19057726860046387
LightGBM,11,s1_i4,2017-09-16,2017-09-17,2017-12-15,16.53871728820055,3.4401660571356882,4.259278087088203,0.6701164947379491,90,0.11820697784423828
Naive,11,s1_i5,2017-09-16,2017-09-17,2017-12-15,29.527596953599122,5.533333333333333,6.57605082435077,1.2131831560120079,90,0.0007801055908203125
SeasonalNaive,11,s1_i5,2017-09-16,2017-09-17,2017-12-15,20.53300037409681,3.7,4.59830886788224,0.8112248814297162,90,0.0005581378936767578
ETS,11,s1_i5,2017-09-16,2017-09-17,2017-12-15,21.611763373702583,3.902325314900344,4.911298689955588,0.8555847002378949,90,0.08941888809204102
SARIMA,11,s1_i5,2017-09-16,2017-09-17,2017-12-15,21.133145204828256,3.813806951452433,4.826658799684886,0.8361770518886018,90,4.5737128257751465
Prophet,11,s1_i5,2017-09-16,2017-09-17,2017-12-15,18.60912094388614,3.3315800541805225,4.298109015311662,0.7304488201151896,90,0.19811487197875977
LightGBM,11,s1_i5,2017-09-16,2017-09-17,2017-12-15,18.544399096912528,3.3383771555065334,4.282567015411102,0.7319390843630974,90,0.11858582496643066
Naive,11,s1_i6,2017-09-16,2017-09-17,2017-12-15,18.874641521775747,11.366666666666667,13.832730910577435,1.306522176592762,90,0.0007867813110351562
SeasonalNaive,11,s1_i6,2017-09-16,2017-09-17,2017-12-15,14.011195189158032,7.9,10.052639233333482,0.9080520699486351,90,0.0005619525909423828
ETS,11,s1_i6,2017-09-16,2017-09-17,2017-12-15,11.780878487208415,6.804511579169462,9.044521147461957,0.7821330157537071,90,0.08562779426574707
SARIMA,11,s1_i6,2017-09-16,2017-09-17,2017-12-15,11.76093559179453,6.76888602597329,8.872292743229455,0.7780380971052451,90,4.507158994674683
Prophet,11,s1_i6,2017-09-16,2017-09-17,2017-12-15,10.658928878093672,6.098244069679375,7.851190661730901,0.7009522975347272,90,0.14192628860473633
LightGBM,11,s1_i6,2017-09-16,2017-09-17,2017-12-15,10.597476889045057,6.057480649866711,7.789705188785981,0.6962668155424392,90,0.11769604682922363
Naive,11,s1_i7,2017-09-16,2017-09-17,2017-12-15,22.797177221910168,13.544444444444444,16.357465166298436,1.5894795732418,90,0.0007448196411132812
SeasonalNaive,11,s1_i7,2017-09-16,2017-09-17,2017-12-15,17.931697746533555,10.544444444444444,13.636959582937344,1.2374209310963642,90,0.0005550384521484375
ETS,11,s1_i7,2017-09-16,2017-09-17,2017-12-15,16.321914046703075,9.330058623573965,12.257153450330478,1.0949092567175873,90,0.23362469673156738
SARIMA,11,s1_i7,2017-09-16,2017-09-17,2017-12-15,16.237474258012337,9.274776547611898,12.204653730883381,1.0884217458515253,90,4.449732065200806
Prophet,11,s1_i7,2017-09-16,2017-09-17,2017-12-15,12.57995528104857,7.137086101413273,8.458739075253256,0.8375576139128725,90,0.1969759464263916
LightGBM,11,s1_i7,2017-09-16,2017-09-17,2017-12-15,11.167334916082952,6.192699894855115,7.459514698281949,0.7267311720656244,90,0.12235021591186523
Naive,11,s1_i8,2017-09-16,2017-09-17,2017-12-15,18.79343303040632,14.366666666666667,17.425077713839137,1.4681202647190306,90,0.0007872581481933594
SeasonalNaive,11,s1_i8,2017-09-16,2017-09-17,2017-12-15,13.615177794236669,10.255555555555556,13.026042291416752,1.0480085107004373,90,0.0005791187286376953
ETS,11,s1_i8,2017-09-16,2017-09-17,2017-12-15,14.45625203783547,10.899806631552863,13.906694808855194,1.113844106540717,90,0.22991418838500977
SARIMA,11,s1_i8,2017-09-16,2017-09-17,2017-12-15,14.127342070249249,10.65525366405653,13.610165105854891,1.0888533988345541,90,4.437218189239502
Prophet,11,s1_i8,2017-09-16,2017-09-17,2017-12-15,11.096126797332616,8.321303610984302,10.439234046893556,0.8503485703131576,90,0.18430304527282715
LightGBM,11,s1_i8,2017-09-16,2017-09-17,2017-12-15,10.544723841921384,7.947534413264754,9.811492958741667,0.8121533406031918,90,0.12929892539978027
Naive,11,s1_i9,2017-09-16,2017-09-17,2017-12-15,35.649913104637434,20.244444444444444,22.796685918985876,2.52208969665549,90,0.0016589164733886719
SeasonalNaive,11,s1_i9,2017-09-16,2017-09-17,2017-12-15,22.850947282198263,11.866666666666667,14.487542541400487,1.478370908906731,90,0.0014121532440185547
ETS,11,s1_i9,2017-09-16,2017-09-17,2017-12-15,20.44747257516103,10.33318387811235,12.91160256180363,1.28732683498191,90,0.11591029167175293
SARIMA,11,s1_i9,2017-09-16,2017-09-17,2017-12-15,20.367123792191993,10.301279465242022,12.872862688050864,1.2833521252189963,90,4.403183221817017
Prophet,11,s1_i9,2017-09-16,2017-09-17,2017-12-15,13.917706502582469,6.6873597445805775,8.332775330546154,0.8331234357119555,90,0.2063758373260498
LightGBM,11,s1_i9,2017-09-16,2017-09-17,2017-12-15,13.215757265750167,6.391212752448002,7.953515308400701,0.796228904987599,90,0.10901212692260742
Naive,11,s1_i10,2017-09-16,2017-09-17,2017-12-15,19.533671280402366,14.311111111111112,17.58976975403601,1.4551512631828019,90,0.0008540153503417969
SeasonalNaive,11,s1_i10,2017-09-16,2017-09-17,2017-12-15,18.980713445093482,13.8,17.162620882474666,1.4031815752119874,90,0.0005991458892822266
ETS,11,s1_i10,2017-09-16,2017-09-17,2017-12-15,14.803815081224784,10.545701909221899,13.549113133465307,1.0722851171520325,90,0.10628390312194824
SARIMA,11,s1_i10,2017-09-16,2017-09-17,2017-12-15,14.6544443725323,10.429892465550601,13.253200767814368,1.0605096332683284,90,4.418941974639893
Prophet,11,s1_i10,2017-09-16,2017-09-17,2017-12-15,11.424077493793067,8.069514060967888,9.98329159411293,0.8205067718307394,90,0.17766308784484863
LightGBM,11,s1_i10,2017-09-16,2017-09-17,2017-12-15,10.265707539532086,7.2005160672685395,9.2109046904522,0.7321472085223981,90,0.12359976768493652
Naive,11,s1_i11,2017-09-16,2017-09-17,2017-12-15,36.00407689603639,28.977777777777778,32.30583022716901,3.1325844584101485,90,0.0007610321044921875
SeasonalNaive,11,s1_i11,2017-09-16,2017-09-17,2017-12-15,20.760807714979993,15.21111111111111,19.610937991052058,1.644366611795818,90,0.0005576610565185547
ETS,11,s1_i11,2017-09-16,2017-09-17,2017-12-15,18.74199344202496,13.286888030254778,17.15799028666217,1.4363523408662098,90,0.17519903182983398
SARIMA,11,s1_i11,2017-09-16,2017-09-17,2017-12-15,18.758432096848647,13.31881967474869,17.233767558020272,1.439804247152475,90,4.405943155288696
Prophet,11,s1_i11,2017-09-16,2017-09-17,2017-12-15,10.98565314273206,7.45003920854819,9.459022316897151,0.8053715235935534,90,0.20247411727905273
LightGBM,11,s1_i11,2017-09-16,2017-09-17,2017-12-15,10.509067237262947,7.151885552354089,9.244369337929921,0.7731402214980541,90,0.12070512771606445
Naive,11,s1_i12,2017-09-16,2017-09-17,2017-12-15,18.280981092694898,12.755555555555556,16.116244392951273,1.3789137109872893,90,0.0009570121765136719
SeasonalNaive,11,s1_i12,2017-09-16,2017-09-17,2017-12-15,19.831625312645123,13.522222222222222,16.254572006395957,1.4617926709682327,90,0.0007340908050537109
ETS,11,s1_i12,2017-09-16,2017-09-17,2017-12-15,13.415993768991186,9.230344358076039,11.650060317479088,0.997827835647796,90,0.14431309700012207
SARIMA,11,s1_i12,2017-09-16,2017-09-17,2017-12-15,12.88175053335246,8.829629967965758,11.135661963156544,0.9545094114281376,90,4.20764422416687
Prophet,11,s1_i12,2017-09-16,2017-09-17,2017-12-15,9.39463244353034,6.395892874368431,7.944362665018112,0.6914151516224112,90,0.17957592010498047
LightGBM,11,s1_i12,2017-09-16,2017-09-17,2017-12-15,8.962974401487719,6.125390131479036,7.433762627901948,0.6621729959667604,90,0.10997986793518066
Naive,11,s1_i13,2017-09-16,2017-09-17,2017-12-15,28.249385633925872,25.455555555555556,29.804362096847502,2.4512545203478364,90,0.002743959426879883
SeasonalNaive,11,s1_i13,2017-09-16,2017-09-17,2017-12-15,17.793218204695165,15.144444444444444,19.341664871463365,1.4583412969158014,90,0.0007848739624023438
ETS,11,s1_i13,2017-09-16,2017-09-17,2017-12-15,16.884859405847315,13.934879917917131,17.495260983133875,1.3418657202256128,90,0.14786505699157715
SARIMA,11,s1_i13,2017-09-16,2017-09-17,2017-12-15,16.595973094608027,13.695598546707382,17.208487163286264,1.3188240096829837,90,4.6763129234313965
Prophet,11,s1_i13,2017-09-16,2017-09-17,2017-12-15,10.520057072224086,8.431953527029872,10.611319614546472,0.8119588729221027,90,0.20667290687561035
LightGBM,11,s1_i13,2017-09-16,2017-09-17,2017-12-15,9.178378882728824,7.451046308843969,9.5611731771896,0.7175019577166022,90,0.11574721336364746
Naive,11,s1_i14,2017-09-16,2017-09-17,2017-12-15,22.108361890969086,13.38888888888889,16.081390210771925,1.5516654261557854,90,0.0009541511535644531
SeasonalNaive,11,s1_i14,2017-09-16,2017-09-17,2017-12-15,15.759289448931977,9.28888888888889,11.810541430810396,1.0765081296815242,90,0.0009200572967529297
ETS,11,s1_i14,2017-09-16,2017-09-17,2017-12-15,15.174062839857205,8.853750192415259,11.17322179361911,1.0260790256308547,90,0.09940409660339355
SARIMA,11,s1_i14,2017-09-16,2017-09-17,2017-12-15,14.840051872800231,8.658931749521253,11.020534983399179,1.0035011220628447,90,4.7901458740234375
Prophet,11,s1_i14,2017-09-16,2017-09-17,2017-12-15,11.617798784793859,6.814293998586125,8.583469530892707,0.7897223204265772,90,0.20392394065856934
LightGBM,11,s1_i14,2017-09-16,2017-09-17,2017-12-15,9.989298754470457,5.894793977328106,7.7726469602787125,0.6831596023268245,90,0.11863327026367188
Naive,11,s1_i15,2017-09-16,2017-09-17,2017-12-15,27.558122797867142,26.444444444444443,30.530130836419435,2.35835762855547,90,0.0009989738464355469
SeasonalNaive,11,s1_i15,2017-09-16,2017-09-17,2017-12-15,15.776804656296099,14.166666666666666,17.665723245250327,1.2634058724404305,90,0.0007429122924804688
ETS,11,s1_i15,2017-09-16,2017-09-17,2017-12-15,15.769693166326585,13.987011605219944,17.828251127675454,1.2473839482301643,90,0.12424492835998535
SARIMA,11,s1_i15,2017-09-16,2017-09-17,2017-12-15,15.52216620902903,13.738493445013544,17.531282017810028,1.2252207033116098,90,4.529193878173828
Prophet,11,s1_i15,2017-09-16,2017-09-17,2017-12-15,9.37807137937449,7.931318344097472,9.954610215573682,0.7073275886207475,90,0.17089104652404785
LightGBM,11,s1_i15,2017-09-16,2017-09-17,2017-12-15,9.760350804271454,8.245638893086168,10.417094590897253,0.7353591952622311,90,0.11347198486328125
Naive,11,s1_i16,2017-09-16,2017-09-17,2017-12-15,48.11301269077328,14.266666666666667,16.035377555060354,2.5883075614876327,90,0.0009448528289794922
SeasonalNaive,11,s1_i16,2017-09-16,2017-09-17,2017-12-15,26.234375913972308,6.788888888888889,8.55245253973645,1.2316634891502676,90,0.0007250308990478516
ETS,11,s1_i16,2017-09-16,2017-09-17,2017-12-15,26.249342016212392,6.340889512528473,7.846107847025267,1.1503859069043278,90,0.15039420127868652
SARIMA,11,s1_i16,2017-09-16,2017-09-17,2017-12-15,26.296669582748294,6.355383789732718,7.865561668584763,1.1530155083496114,90,4.360126972198486
Prophet,11,s1_i16,2017-09-16,2017-09-17,2017-12-15,20.91053956597251,4.9480608614828325,6.08083025335874,0.8976941595194177,90,0.19612574577331543
LightGBM,11,s1_i16,2017-09-16,2017-09-17,2017-12-15,20.18997558034663,4.777244572770197,5.81094564573197,0.8667040829983779,90,0.1104738712310791
Naive,11,s1_i17,2017-09-16,2017-09-17,2017-12-15,55.96460214564324,23.9,24.927673154325674,3.8586899145513724,90,0.0009889602661132812
SeasonalNaive,11,s1_i17,2017-09-16,2017-09-17,2017-12-15,22.468724325067054,7.855555555555555,10.681760154581266,1.2682909203104697,90,0.0007359981536865234
ETS,11,s1_i17,2017-09-16,2017-09-17,2017-12-15,20.434855587750597,6.563385277151191,8.602933209552836,1.0596681411823543,90,0.09408926963806152
SARIMA,11,s1_i17,2017-09-16,2017-09-17,2017-12-15,20.318835722606728,6.5320984459100915,8.56834840047402,1.054616836572802,90,5.362698078155518
Prophet,11,s1_i17,2017-09-16,2017-09-17,2017-12-15,14.135509008765984,4.289749180988221,5.373442403067188,0.6925862719930653,90,0.24554896354675293
LightGBM,11,s1_i17,2017-09-16,2017-09-17,2017-12-15,14.389991184732413,4.4235536821783255,5.6577553242480025,0.7141892041798366,90,0.12120914459228516
Naive,11,s1_i18,2017-09-16,2017-09-17,2017-12-15,15.13129634607757,12.622222222222222,15.68934528766435,1.187557898864853,90,0.0010533332824707031
SeasonalNaive,11,s1_i18,2017-09-16,2017-09-17,2017-12-15,14.306449295090138,12.222222222222221,15.534191678716699,1.14992402178815,90,0.0007429122924804688
ETS,11,s1_i18,2017-09-16,2017-09-17,2017-12-15,12.734294390089069,10.555993435540328,13.665430491682454,0.9931573984390236,90,0.16805291175842285
SARIMA,11,s1_i18,2017-09-16,2017-09-17,2017-12-15,12.459790390559782,10.292173536585636,13.195045387788385,0.9683359843199009,90,4.190732955932617
Prophet,11,s1_i18,2017-09-16,2017-09-17,2017-12-15,9.50158051896284,7.891342471457332,9.43226587863111,0.742454531352479,90,0.18546199798583984
LightGBM,11,s1_i18,2017-09-16,2017-09-17,2017-12-15,9.47616463967291,7.9643567199435035,9.763144087226456,0.74932405448342,90,0.11062026023864746
Naive,11,s1_i19,2017-09-16,2017-09-17,2017-12-15,29.739233374376084,12.966666666666667,15.426888503158661,1.7856660500796813,90,0.0009398460388183594
SeasonalNaive,11,s1_i19,2017-09-16,2017-09-17,2017-12-15,21.183794414986735,8.911111111111111,11.641878428043016,1.2271672426425917,90,0.0007069110870361328
ETS,11,s1_i19,2017-09-16,2017-09-17,2017-12-15,19.41923137102072,7.812821866068489,9.914861412360196,1.0759195960070964,90,0.1825089454650879
SARIMA,11,s1_i19,2017-09-16,2017-09-17,2017-12-15,19.49565001517214,7.848259664897556,9.958582567599215,1.080799807389509,90,4.3951661586761475
Prophet,11,s1_i19,2017-09-16,2017-09-17,2017-12-15,13.755906110156502,5.377790638551564,6.643744335862211,0.740586491082097,90,0.1792161464691162
LightGBM,11,s1_i19,2017-09-16,2017-09-17,2017-12-15,13.669386422566005,5.371898890141171,6.485829729802509,0.7397751264204994,90,0.10869884490966797
Naive,11,s1_i20,2017-09-16,2017-09-17,2017-12-15,20.23029825432958,9.377777777777778,12.063719713808561,1.2615151037515595,90,0.0007388591766357422
SeasonalNaive,11,s1_i20,2017-09-16,2017-09-17,2017-12-15,16.29147748226471,7.4222222222222225,9.446927778089787,0.9984503427796703,90,0.0005629062652587891
ETS,11,s1_i20,2017-09-16,2017-09-17,2017-12-15,16.36239919359327,7.469487006695676,9.577365970194435,1.004808484431322,90,0.1538999080657959
SARIMA,11,s1_i20,2017-09-16,2017-09-17,2017-12-15,16.039618821200648,7.310858160518289,9.329575527136942,0.9834694540037023,90,4.961129903793335
Prophet,11,s1_i20,2017-09-16,2017-09-17,2017-12-15,13.539613388238516,6.173673945011837,7.9316114842424374,0.8304934401117199,90,0.1850130558013916
LightGBM,11,s1_i20,2017-09-16,2017-09-17,2017-12-15,12.655794033460863,5.772195886924727,7.490494361129253,0.7764859080392601,90,0.10678982734680176
Naive,11,s1_i21,2017-09-16,2017-09-17,2017-12-15,21.645504239641554,8.633333333333333,11.178849076119898,1.2353938683387995,90,0.0009632110595703125
SeasonalNaive,11,s1_i21,2017-09-16,2017-09-17,2017-12-15,16.95742706246253,6.2444444444444445,7.844318538492259,0.8935538661601099,90,0.0007512569427490234
ETS,11,s1_i21,2017-09-16,2017-09-17,2017-12-15,15.577568574692194,5.9447905671067565,7.698282056607713,0.8506746504048674,90,0.1538090705871582
SARIMA,11,s1_i21,2017-09-16,2017-09-17,2017-12-15,15.375970949085227,5.89900206334822,7.551688265679129,0.8441225071480678,90,4.412207841873169
Prophet,11,s1_i21,2017-09-16,2017-09-17,2017-12-15,12.749410507648864,4.898109850254968,6.1665099799308125,0.7008990203229571,90,0.16859889030456543
LightGBM,11,s1_i21,2017-09-16,2017-09-17,2017-12-15,11.723808821778189,4.54544709265126,5.991068913049341,0.650434455650941,90,0.11969685554504395
Naive,11,s1_i22,2017-09-16,2017-09-17,2017-12-15,24.14469300608761,19.966666666666665,23.81012856374829,1.9002666813014524,90,0.001917123794555664
SeasonalNaive,11,s1_i22,2017-09-16,2017-09-17,2017-12-15,18.351439217462996,14.911111111111111,19.0473095212946,1.4191195805823869,90,0.0014889240264892578
ETS,11,s1_i22,2017-09-16,2017-09-17,2017-12-15,17.24267747187436,13.820149464060997,17.56019519569848,1.315290628906239,90,0.06089925765991211
SARIMA,11,s1_i22,2017-09-16,2017-09-17,2017-12-15,17.712519215644658,14.19316114585943,17.951799115907896,1.35079087952349,90,4.2834320068359375
Prophet,11,s1_i22,2017-09-16,2017-09-17,2017-12-15,10.33477359443728,8.136555432501597,10.709291439934592,0.774371879245999,90,0.16532683372497559
LightGBM,11,s1_i22,2017-09-16,2017-09-17,2017-12-15,8.19128977883162,6.465904499457484,8.787028807239649,0.6153727655156696,90,0.10661888122558594
Naive,11,s1_i23,2017-09-16,2017-09-17,2017-12-15,23.172761146928835,6.988888888888889,8.508166012066813,1.1582785085799667,90,0.0009462833404541016
SeasonalNaive,11,s1_i23,2017-09-16,2017-09-17,2017-12-15,22.88884988412626,7.033333333333333,8.881316218769479,1.1656443496520172,90,0.0007359981536865234
ETS,11,s1_i23,2017-09-16,2017-09-17,2017-12-15,18.827452899363674,5.643397382598593,7.022606336258182,0.9352882850995782,90,0.224592924118042
SARIMA,11,s1_i23,2017-09-16,2017-09-17,2017-12-15,18.795404158420066,5.632452141731358,6.946950091358313,0.9334743147433024,90,3.8940038681030273
Prophet,11,s1_i23,2017-09-16,2017-09-17,2017-12-15,16.100189934650054,4.861448146205048,6.091484388494134,0.8056947245616382,90,0.19292020797729492
LightGBM,11,s1_i23,2017-09-16,2017-09-17,2017-12-15,15.815976400913387,4.818121689047409,6.377596600044718,0.798514169114779,90,0.11188817024230957
Naive,11,s1_i24,2017-09-16,2017-09-17,2017-12-15,22.611480848511395,15.177777777777777,18.172628990997545,1.6489841650604822,90,0.0023648738861083984
SeasonalNaive,11,s1_i24,2017-09-16,2017-09-17,2017-12-15,18.481452529321885,12.755555555555556,16.817979796766448,1.3858227097287215,90,0.002496004104614258
ETS,11,s1_i24,2017-09-16,2017-09-17,2017-12-15,16.200782203651308,10.53092551929993,13.411888897988158,1.1441285858185377,90,0.09884023666381836
SARIMA,11,s1_i24,2017-09-16,2017-09-17,2017-12-15,15.742207723378101,10.236134520648793,13.114520388215146,1.1121011246252523,90,4.424823045730591
Prophet,11,s1_i24,2017-09-16,2017-09-17,2017-12-15,12.171565228090685,7.882286060749382,9.492291691810415,0.8563681119170884,90,0.1730949878692627
LightGBM,11,s1_i24,2017-09-16,2017-09-17,2017-12-15,11.285111836214142,7.412540400410697,9.198807622401663,0.8053327649219248,90,0.12029528617858887
Naive,11,s1_i25,2017-09-16,2017-09-17,2017-12-15,16.10855876660243,12.88888888888889,15.745898936971917,1.2896417444192472,90,0.0016369819641113281
SeasonalNaive,11,s1_i25,2017-09-16,2017-09-17,2017-12-15,14.61603200637365,11.833333333333334,15.1499908324138,1.1840245325918088,90,0.0012679100036621094
ETS,11,s1_i25,2017-09-16,2017-09-17,2017-12-15,14.041110337422753,11.233203120905578,14.440056704966299,1.1239764570202035,90,0.10970807075500488
SARIMA,11,s1_i25,2017-09-16,2017-09-17,2017-12-15,13.621842392834548,10.886403949017753,14.071260568313438,1.0892762828739182,90,950.5703780651093
Prophet,11,s1_i25,2017-09-16,2017-09-17,2017-12-15,9.400930312753353,7.343311390738258,9.257244347189332,0.73476007074042,90,0.20487022399902344
LightGBM,11,s1_i25,2017-09-16,2017-09-17,2017-12-15,9.464993088512497,7.429709385860229,9.225617586320164,0.7434049168636168,90,0.13052105903625488
Naive,11,s1_i26,2017-09-16,2017-09-17,2017-12-15,40.92367287769346,23.022222222222222,25.61206313005217,3.025010866110671,90,0.0009679794311523438
SeasonalNaive,11,s1_i26,2017-09-16,2017-09-17,2017-12-15,19.757339520049467,9.5,11.805366011550285,1.2482549664694131,90,0.0011410713195800781
ETS,11,s1_i26,2017-09-16,2017-09-17,2017-12-15,18.186658342403994,8.406658271412844,10.713536116485802,1.1045950461791847,90,0.14215302467346191
SARIMA,11,s1_i26,2017-09-16,2017-09-17,2017-12-15,17.639475302997383,8.146886144278254,10.401096302996345,1.070462220090124,90,950.4435157775879
Prophet,11,s1_i26,2017-09-16,2017-09-17,2017-12-15,11.878852884853973,5.408080812775629,6.799241924859909,0.710596182485802,90,0.23160290718078613
LightGBM,11,s1_i26,2017-09-16,2017-09-17,2017-12-15,11.745642554678565,5.367768678639253,6.611714951212788,0.7052993591547797,90,0.20931005477905273
Naive,11,s1_i27,2017-09-16,2017-09-17,2017-12-15,68.06570347501159,21.366666666666667,22.07034209068813,4.054625013077925,90,0.0009329319000244141
SeasonalNaive,11,s1_i27,2017-09-16,2017-09-17,2017-12-15,35.292920223451894,8.377777777777778,10.611314715905847,1.5898009671662796,90,0.0007350444793701172
ETS,11,s1_i27,2017-09-16,2017-09-17,2017-12-15,25.033814696088125,5.53966234869138,6.895000936094276,1.0512287140254324,90,0.1445930004119873
SARIMA,11,s1_i27,2017-09-16,2017-09-17,2017-12-15,25.022997935795367,5.546578501464499,6.92159639238338,1.0525411511250342,90,951.2665112018585
Prophet,11,s1_i27,2017-09-16,2017-09-17,2017-12-15,17.488948333682146,3.6879964822751,4.453975923724959,0.6998491163108901,90,0.22072601318359375
LightGBM,11,s1_i27,2017-09-16,2017-09-17,2017-12-15,17.421073123555182,3.7028025515776735,4.5968408521998265,0.7026587758556442,90,0.11689400672912598
Naive,11,s1_i28,2017-09-16,2017-09-17,2017-12-15,25.496277936373566,23.88888888888889,27.98451953014976,2.184236277711506,90,0.0009238719940185547
SeasonalNaive,11,s1_i28,2017-09-16,2017-09-17,2017-12-15,18.685979751489768,16.977777777777778,21.13238693990288,1.552331642950317,90,0.0007081031799316406
ETS,11,s1_i28,2017-09-16,2017-09-17,2017-12-15,16.09706292237498,14.306330497506469,18.102355024521742,1.3080728123825915,90,0.11521387100219727
SARIMA,11,s1_i28,2017-09-16,2017-09-17,2017-12-15,15.79416805074692,14.0682687984552,17.890732306989356,1.2863060821750902,90,951.4725179672241
Prophet,11,s1_i28,2017-09-16,2017-09-17,2017-12-15,9.392514689850062,8.217093761907075,11.105321327606037,0.7513147378094377,90,0.1817178726196289
LightGBM,11,s1_i28,2017-09-16,2017-09-17,2017-12-15,9.006444416505992,7.892822658105687,10.455718991801668,0.7216656104669777,90,0.12658023834228516
Naive,11,s1_i29,2017-09-16,2017-09-17,2017-12-15,18.507679138681667,12.655555555555555,16.075861822413543,1.3674993164905154,90,0.0009200572967529297
SeasonalNaive,11,s1_i29,2017-09-16,2017-09-17,2017-12-15,16.988506272698245,11.777777777777779,15.17454008089427,1.2726508125372664,90,0.0007140636444091797
ETS,11,s1_i29,2017-09-16,2017-09-17,2017-12-15,14.503968731958594,9.954509606346932,12.141056493542576,1.0756371004749719,90,0.24939584732055664
SARIMA,11,s1_i29,2017-09-16,2017-09-17,2017-12-15,14.223263772405137,9.74916321571651,11.758201501510756,1.0534483433241548,90,950.7026031017303
Prophet,11,s1_i29,2017-09-16,2017-09-17,2017-12-15,11.44416175108419,7.926978499307567,9.629629115571754,0.8565517042734239,90,0.26366710662841797
LightGBM,11,s1_i29,2017-09-16,2017-09-17,2017-12-15,9.802734340058882,6.789664789416283,8.675675206729542,0.7336589783014782,90,0.11436009407043457
Naive,11,s1_i30,2017-09-16,2017-09-17,2017-12-15,31.912608769229628,14.1,16.409008366002972,2.0305422443481866,90,0.0009388923645019531
SeasonalNaive,11,s1_i30,2017-09-16,2017-09-17,2017-12-15,18.269606511754937,7.411111111111111,9.580651798749859,1.0672747651538539,90,0.0007250308990478516
ETS,11,s1_i30,2017-09-16,2017-09-17,2017-12-15,18.338274855506366,7.3124369197500325,9.102764817346147,1.0530646861477853,90,0.09998703002929688
SARIMA,11,s1_i30,2017-09-16,2017-09-17,2017-12-15,18.09453044422775,7.235485910485325,9.059556549025874,1.0419829645125216,90,950.9062869548798
Prophet,11,s1_i30,2017-09-16,2017-09-17,2017-12-15,12.597325818209375,4.968347674653289,6.258046828569661,0.7154921870916727,90,0.18446588516235352
LightGBM,11,s1_i30,2017-09-16,2017-09-17,2017-12-15,11.640671138361244,4.614264939246182,6.062634471590146,0.6645007011173114,90,0.11818289756774902
Naive,11,s1_i31,2017-09-16,2017-09-17,2017-12-15,29.17251728290735,18.88888888888889,22.10630880289355,2.234267826463152,90,0.0009548664093017578
SeasonalNaive,11,s1_i31,2017-09-16,2017-09-17,2017-12-15,16.340056485222217,9.677777777777777,12.862088995701022,1.144733692264356,90,0.0007560253143310547
ETS,11,s1_i31,2017-09-16,2017-09-17,2017-12-15,15.736628323323314,9.20895683372202,12.305381129759201,1.0892793159991634,90,0.15789198875427246
SARIMA,11,s1_i31,2017-09-16,2017-09-17,2017-12-15,15.360419570794114,8.977757575835883,12.09524940800866,1.06193196558402,90,950.7791860103607
Prophet,11,s1_i31,2017-09-16,2017-09-17,2017-12-15,10.354360943861646,5.947899782364366,7.623291972556838,0.7035459415816175,90,0.19397687911987305
LightGBM,11,s1_i31,2017-09-16,2017-09-17,2017-12-15,9.428835461329665,5.511101455746298,7.3883332793064325,0.6518793531678455,90,0.11373472213745117
Naive,11,s1_i32,2017-09-16,2017-09-17,2017-12-15,31.405876288771555,15.28888888888889,17.59292787204879,2.065935683768062,90,0.0009441375732421875
SeasonalNaive,11,s1_i32,2017-09-16,2017-09-17,2017-12-15,20.19629902883185,9.266666666666667,11.685698761972068,1.2521732269350025,90,0.0007448196411132812
ETS,11,s1_i32,2017-09-16,2017-09-17,2017-12-15,18.451414883200194,8.132513377117776,10.34686137945371,1.0989189408472275,90,0.09400773048400879
SARIMA,11,s1_i32,2017-09-16,2017-09-17,2017-12-15,18.44654286742102,8.132897627740427,10.348224567805696,1.0989708633301896,90,951.0756549835205
Prophet,11,s1_i32,2017-09-16,2017-09-17,2017-12-15,13.09610268141635,5.6273417593898705,7.288594689633221,0.7604035996317959,90,0.17619609832763672
LightGBM,11,s1_i32,2017-09-16,2017-09-17,2017-12-15,11.859938078699429,5.058299542201535,6.611916070086584,0.6835108554563679,90,0.13145089149475098
Naive,11,s1_i33,2017-09-16,2017-09-17,2017-12-15,26.23531931488478,19.377777777777776,22.47269948675998,2.083488157780838,90,0.0009760856628417969
SeasonalNaive,11,s1_i33,2017-09-16,2017-09-17,2017-12-15,14.925152412216509,10.244444444444444,12.296340919151518,1.1014771109368882,90,0.0007069110870361328
ETS,11,s1_i33,2017-09-16,2017-09-17,2017-12-15,15.011448978023632,10.311468407630516,12.793456099642716,1.108683491110463,90,0.18752098083496094
SARIMA,11,s1_i33,2017-09-16,2017-09-17,2017-12-15,14.593067403133904,10.045298710985744,12.523060144224402,1.080065069675397,90,4.374429941177368
Prophet,11,s1_i33,2017-09-16,2017-09-17,2017-12-15,10.36614321050893,7.034568734706009,8.629773253821945,0.7563530153939092,90,0.18585205078125
LightGBM,11,s1_i33,2017-09-16,2017-09-17,2017-12-15,10.040717233675359,6.8536450940976215,8.671441439385331,0.7369002036735448,90,0.13164019584655762
Naive,11,s1_i34,2017-09-16,2017-09-17,2017-12-15,29.212412355701485,7.888888888888889,9.625198410653384,1.4682384467787457,90,0.0009810924530029297
SeasonalNaive,11,s1_i34,2017-09-16,2017-09-17,2017-12-15,23.001841831286296,6.055555555555555,7.344688178843568,1.1270281035132625,90,0.002398967742919922
ETS,11,s1_i34,2017-09-16,2017-09-17,2017-12-15,19.351322185045113,4.796801363687072,6.118017970636428,0.892755403570911,90,0.15672779083251953
SARIMA,11,s1_i34,2017-09-16,2017-09-17,2017-12-15,19.38785741083344,4.808067186036826,6.131643661082574,0.8948521390860715,90,3.9981062412261963
Prophet,11,s1_i34,2017-09-16,2017-09-17,2017-12-15,16.454952669936684,4.00323561072597,4.956439725173829,0.7450611255864078,90,0.18268895149230957
LightGBM,11,s1_i34,2017-09-16,2017-09-17,2017-12-15,16.15882168851697,3.9618784846118427,4.886882894028201,0.7373639551148394,90,0.11587381362915039
Naive,11,s1_i35,2017-09-16,2017-09-17,2017-12-15,20.46632242532688,13.644444444444444,16.513967152417106,1.5296422336854092,90,0.0008208751678466797
SeasonalNaive,11,s1_i35,2017-09-16,2017-09-17,2017-12-15,18.188651197721008,12.166666666666666,15.36265312734461,1.3639725129360938,90,0.0007243156433105469
ETS,11,s1_i35,2017-09-16,2017-09-17,2017-12-15,15.037739534206532,9.796663208634868,12.316254010568477,1.09827775356742,90,0.09851789474487305
SARIMA,11,s1_i35,2017-09-16,2017-09-17,2017-12-15,14.487063889003753,9.450546286468905,11.988518005612159,1.05947550961429,90,4.65401291847229
Prophet,11,s1_i35,2017-09-16,2017-09-17,2017-12-15,11.625133955835123,7.537980633025038,9.259222738659858,0.845062881081433,90,0.20078492164611816
LightGBM,11,s1_i35,2017-09-16,2017-09-17,2017-12-15,9.836586788396014,6.46479539870215,8.083962790231892,0.7247509500481206,90,0.10930585861206055
Naive,11,s1_i36,2017-09-16,2017-09-17,2017-12-15,20.379217825102813,15.333333333333334,18.34181621929034,1.5973970684950227,90,0.0010390281677246094
SeasonalNaive,11,s1_i36,2017-09-16,2017-09-17,2017-12-15,16.439421718288823,12.188888888888888,14.629118603357863,1.2698149160427823,90,0.0007610321044921875
ETS,11,s1_i36,2017-09-16,2017-09-17,2017-12-15,14.690924119404988,10.895668230745278,12.954858811961213,1.1350896842013167,90,0.12790894508361816
SARIMA,11,s1_i36,2017-09-16,2017-09-17,2017-12-15,14.538768088479499,10.785343748831018,12.667059987432093,1.1235962926365513,90,4.2008960247039795
Prophet,11,s1_i36,2017-09-16,2017-09-17,2017-12-15,11.95800809814607,8.899216357531342,10.680761702862657,0.9271031818319686,90,0.16654586791992188
LightGBM,11,s1_i36,2017-09-16,2017-09-17,2017-12-15,10.838879172139267,8.059017010199106,9.648941980759092,0.8395728356767549,90,0.11114978790283203
Naive,11,s1_i37,2017-09-16,2017-09-17,2017-12-15,35.78699473211359,11.877777777777778,13.551957628164116,1.9696644075468828,90,0.0010221004486083984
SeasonalNaive,11,s1_i37,2017-09-16,2017-09-17,2017-12-15,25.515921975670054,7.844444444444444,9.767292357659825,1.3008260727110375,90,0.0007550716400146484
ETS,11,s1_i37,2017-09-16,2017-09-17,2017-12-15,21.498317120573304,6.4376418880823385,7.949220239076829,1.0675392596763167,90,0.1646440029144287
SARIMA,11,s1_i37,2017-09-16,2017-09-17,2017-12-15,21.420044066094608,6.419980039545884,7.940026645336628,1.06461043619733,90,4.9113452434539795
Prophet,11,s1_i37,2017-09-16,2017-09-17,2017-12-15,17.44172135306289,5.084326485009406,6.387056172292578,0.8431220975195396,90,0.17821598052978516
LightGBM,11,s1_i37,2017-09-16,2017-09-17,2017-12-15,17.7961768572674,5.218352635440043,6.569666345221956,0.865347343952222,90,0.12125587463378906
Naive,11,s1_i38,2017-09-16,2017-09-17,2017-12-15,26.73669270226691,23.2,26.788886584635137,2.270559332463608,90,0.0009589195251464844
SeasonalNaive,11,s1_i38,2017-09-16,2017-09-17,2017-12-15,18.169800164453736,14.844444444444445,17.43368387155547,1.4528099943349524,90,0.0006911754608154297
ETS,11,s1_i38,2017-09-16,2017-09-17,2017-12-15,15.242018152206219,12.43942955269142,15.691910858239723,1.2174337440253065,90,0.043000221252441406
SARIMA,11,s1_i38,2017-09-16,2017-09-17,2017-12-15,15.640110185685671,12.717126616569724,16.004638989563443,1.2446116604040403,90,4.951353073120117
Prophet,11,s1_i38,2017-09-16,2017-09-17,2017-12-15,11.315261488970739,9.074609695267446,11.589743448844333,0.8881224022437172,90,0.21096110343933105
LightGBM,11,s1_i38,2017-09-16,2017-09-17,2017-12-15,10.011404340788275,8.062005286966308,10.34229323214692,0.789019885460875,90,0.11023211479187012
Naive,11,s1_i39,2017-09-16,2017-09-17,2017-12-15,23.73016529062707,10.455555555555556,12.439632005989745,1.4137158942493466,90,0.0009818077087402344
SeasonalNaive,11,s1_i39,2017-09-16,2017-09-17,2017-12-15,20.282586416122587,8.922222222222222,10.86022303842994,1.2063909278238314,90,0.0007140636444091797
ETS,11,s1_i39,2017-09-16,2017-09-17,2017-12-15,17.794146202149253,7.631882329716465,9.796901432408166,1.0319215746338797,90,0.20230603218078613
SARIMA,11,s1_i39,2017-09-16,2017-09-17,2017-12-15,17.56345042928807,7.528352630296978,9.693952304796717,1.0179231236841915,90,4.286320686340332
Prophet,11,s1_i39,2017-09-16,2017-09-17,2017-12-15,14.917897001446137,6.425693415955901,7.929651798663957,0.8688304380806813,90,0.1806049346923828
LightGBM,11,s1_i39,2017-09-16,2017-09-17,2017-12-15,13.642969406764635,5.873562095765232,7.342372837847713,0.7941756941104601,90,0.11271190643310547
Naive,11,s1_i40,2017-09-16,2017-09-17,2017-12-15,25.20225884869888,7.266666666666667,8.79014599802908,1.2563383122575587,90,0.0009450912475585938
SeasonalNaive,11,s1_i40,2017-09-16,2017-09-17,2017-12-15,18.586912471739836,5.2444444444444445,6.604712122585073,0.9067151122103482,90,0.0007197856903076172
ETS,11,s1_i40,2017-09-16,2017-09-17,2017-12-15,19.96907634200177,5.531223157447271,6.793054818216795,0.9562964540844812,90,0.06635189056396484
SARIMA,11,s1_i40,2017-09-16,2017-09-17,2017-12-15,18.668846010835143,5.235192700251311,6.373146254578843,0.9051155726665353,90,4.424926996231079
Prophet,11,s1_i40,2017-09-16,2017-09-17,2017-12-15,16.795400028637022,4.673602899889044,5.498311905087792,0.8080219788177019,90,0.1608750820159912
LightGBM,11,s1_i40,2017-09-16,2017-09-17,2017-12-15,15.677145505839313,4.427189571083655,5.389697689270191,0.7654194321714914,90,0.11911916732788086
Naive,11,s1_i41,2017-09-16,2017-09-17,2017-12-15,23.558082848874633,4.988888888888889,6.105553028004734,0.9773520888600712,90,0.0009751319885253906
SeasonalNaive,11,s1_i41,2017-09-16,2017-09-17,2017-12-15,25.17284027781041,5.355555555555555,6.772493386240157,1.0491842022952211,90,0.0007500648498535156
ETS,11,s1_i41,2017-09-16,2017-09-17,2017-12-15,22.339319693296865,4.730960346795898,6.152075392926431,0.9268224007861079,90,0.11278700828552246
SARIMA,11,s1_i41,2017-09-16,2017-09-17,2017-12-15,21.852451563748783,4.613427765988343,6.030461031336501,0.9037970907582145,90,4.11749792098999
Prophet,11,s1_i41,2017-09-16,2017-09-17,2017-12-15,19.4626836501739,4.076002085935505,5.480361065999914,0.7985123023604378,90,0.17968392372131348
LightGBM,11,s1_i41,2017-09-16,2017-09-17,2017-12-15,19.01108095116236,3.9765914806613454,5.271033686389674,0.779037191793046,90,0.1098330020904541
Naive,11,s1_i42,2017-09-16,2017-09-17,2017-12-15,19.79645430014498,6.988888888888889,8.317985867317212,1.11067507790742,90,0.002399921417236328
SeasonalNaive,11,s1_i42,2017-09-16,2017-09-17,2017-12-15,20.345796832383883,7.355555555555555,9.336904078857069,1.1689457894669508,90,0.0007100105285644531
ETS,11,s1_i42,2017-09-16,2017-09-17,2017-12-15,20.170153225442338,7.281466904274229,9.26347256355198,1.157171611934272,90,0.12810492515563965
SARIMA,11,s1_i42,2017-09-16,2017-09-17,2017-12-15,20.22789944852294,7.345454208850668,9.295202248382486,1.1673404822118507,90,4.506802797317505
Prophet,11,s1_i42,2017-09-16,2017-09-17,2017-12-15,15.056779927213165,5.274672921043215,6.567576835796311,0.8382516664172096,90,0.2205798625946045
LightGBM,11,s1_i42,2017-09-16,2017-09-17,2017-12-15,13.518639289393327,4.772198265702809,5.932431253873814,0.7583983326699856,90,0.11141419410705566
Naive,11,s1_i43,2017-09-16,2017-09-17,2017-12-15,31.12284625755511,17.11111111111111,20.070431540508096,2.2187066330734,90,0.0009510517120361328
SeasonalNaive,11,s1_i43,2017-09-16,2017-09-17,2017-12-15,21.32754290828915,10.88888888888889,13.176578547643627,1.4119042210467092,90,0.0008809566497802734
ETS,11,s1_i43,2017-09-16,2017-09-17,2017-12-15,19.746766126864472,9.966172334145542,12.286720116466132,1.2922604803707267,90,0.2448878288269043
SARIMA,11,s1_i43,2017-09-16,2017-09-17,2017-12-15,19.41572087201362,9.80468409455436,12.067938459680372,1.2713211605324235,90,4.409170866012573
Prophet,11,s1_i43,2017-09-16,2017-09-17,2017-12-15,13.49235597726102,6.626267969686762,7.868477789416567,0.8591928718947563,90,0.19782495498657227
LightGBM,11,s1_i43,2017-09-16,2017-09-17,2017-12-15,12.265154040155998,6.102186092500108,7.297300706666944,0.7912379664747025,90,0.10204482078552246
Naive,11,s1_i44,2017-09-16,2017-09-17,2017-12-15,26.1784374480471,8.022222222222222,9.473940867218644,1.3589860229765351,90,0.001249074935913086
SeasonalNaive,11,s1_i44,2017-09-16,2017-09-17,2017-12-15,22.838248701303602,6.733333333333333,7.962411694957753,1.1406447782877844,90,0.0007500648498535156
ETS,11,s1_i44,2017-09-16,2017-09-17,2017-12-15,19.457187945286076,5.78942563047253,7.418355266423408,0.980744274458013,90,0.11289405822753906
SARIMA,11,s1_i44,2017-09-16,2017-09-17,2017-12-15,19.450708515449083,5.787956193168108,7.4188092828690015,0.9804953478260858,90,4.3972861766815186
Prophet,11,s1_i44,2017-09-16,2017-09-17,2017-12-15,17.14290323702427,5.040844097992835,6.493420909065994,0.8539325492878699,90,0.17245960235595703
LightGBM,11,s1_i44,2017-09-16,2017-09-17,2017-12-15,18.42173206532913,5.375278996671503,6.804569644846521,0.9105867207019828,90,0.10608386993408203
Naive,11,s1_i45,2017-09-16,2017-09-17,2017-12-15,26.87019897783052,22.77777777777778,26.872538646978132,2.2527906079373157,90,0.0007681846618652344
SeasonalNaive,11,s1_i45,2017-09-16,2017-09-17,2017-12-15,19.29650672409033,15.38888888888889,20.083437067505265,1.522007313167406,90,0.0005850791931152344
ETS,11,s1_i45,2017-09-16,2017-09-17,2017-12-15,14.952243599988806,11.627300209203918,15.679478387941508,1.1499748993300465,90,0.10507798194885254
SARIMA,11,s1_i45,2017-09-16,2017-09-17,2017-12-15,14.484405237479661,11.223104608583462,15.189274676532566,1.1099987409123582,90,4.383181095123291
Prophet,11,s1_i45,2017-09-16,2017-09-17,2017-12-15,10.411398386085382,7.930006388440374,10.093149532049498,0.7843014400724511,90,0.18350005149841309
LightGBM,11,s1_i45,2017-09-16,2017-09-17,2017-12-15,9.593672142500044,7.364743204778964,9.627905753169339,0.7283952141188582,90,0.10528087615966797
Naive,11,s1_i46,2017-09-16,2017-09-17,2017-12-15,23.676914429204356,14.444444444444445,17.497301379228613,1.6999885489811923,90,0.0009520053863525391
SeasonalNaive,11,s1_i46,2017-09-16,2017-09-17,2017-12-15,16.85448349255748,10.222222222222221,13.162235541291777,1.2030688192789976,90,0.0007150173187255859
ETS,11,s1_i46,2017-09-16,2017-09-17,2017-12-15,15.571642110859354,9.051044647391468,11.806547657381577,1.0652311562457468,90,0.13928604125976562
SARIMA,11,s1_i46,2017-09-16,2017-09-17,2017-12-15,15.451674284075759,8.98564616759818,11.706195775172285,1.0575343100847905,90,4.5088560581207275
Prophet,11,s1_i46,2017-09-16,2017-09-17,2017-12-15,11.094164054323118,6.4203475237891645,8.388433503019767,0.7556204264484,90,0.16969680786132812
LightGBM,11,s1_i46,2017-09-16,2017-09-17,2017-12-15,10.790972715803164,6.307788283651303,7.88512835881768,0.7423731589572653,90,0.10059428215026855
Naive,11,s1_i47,2017-09-16,2017-09-17,2017-12-15,26.847032692819194,5.966666666666667,7.2257256459895505,1.2125874953046432,90,0.002421140670776367
SeasonalNaive,11,s1_i47,2017-09-16,2017-09-17,2017-12-15,25.322412303357012,5.466666666666667,6.713171133426189,1.1109740180444776,90,0.0013539791107177734
ETS,11,s1_i47,2017-09-16,2017-09-17,2017-12-15,20.363524061950425,4.3645641049558614,5.561589698057532,0.8869970708589352,90,0.11873292922973633
SARIMA,11,s1_i47,2017-09-16,2017-09-17,2017-12-15,19.990210573620004,4.28389966369172,5.482033728833079,0.8706038821227395,90,4.7453577518463135
Prophet,11,s1_i47,2017-09-16,2017-09-17,2017-12-15,16.968680210829998,3.63032878965307,4.717758097543599,0.7377806638286737,90,0.13548898696899414
LightGBM,11,s1_i47,2017-09-16,2017-09-17,2017-12-15,15.806793986565248,3.36706611255259,4.474380849763133,0.6842785917226737,90,0.09111499786376953
Naive,11,s1_i48,2017-09-16,2017-09-17,2017-12-15,27.297685417477318,14.477777777777778,17.638657041345926,1.7909036200365045,90,0.0009458065032958984
SeasonalNaive,11,s1_i48,2017-09-16,2017-09-17,2017-12-15,17.241859996447484,8.7,11.376877134492283,1.0761915076658348,90,0.0007109642028808594
ETS,11,s1_i48,2017-09-16,2017-09-17,2017-12-15,17.75711272598473,8.7030506010586,11.39317251197305,1.0765688675454375,90,0.1388380527496338
SARIMA,11,s1_i48,2017-09-16,2017-09-17,2017-12-15,17.236494656744487,8.441376527900545,11.089626857521134,1.0441997393489975,90,4.285096883773804
Prophet,11,s1_i48,2017-09-16,2017-09-17,2017-12-15,11.496456428333374,5.4988075999891555,6.961880587501857,0.6802034530341012,90,0.16770267486572266
LightGBM,11,s1_i48,2017-09-16,2017-09-17,2017-12-15,10.453685036943563,4.956553063625263,6.252392257682534,0.6131264729159293,90,0.10525798797607422
Naive,11,s1_i49,2017-09-16,2017-09-17,2017-12-15,41.164121666010026,14.088888888888889,15.559920022645075,2.490122437309233,90,0.0009109973907470703
SeasonalNaive,11,s1_i49,2017-09-16,2017-09-17,2017-12-15,21.945423783355817,6.6,8.29993306532582,1.1665084603798772,90,0.0007188320159912109
ETS,11,s1_i49,2017-09-16,2017-09-17,2017-12-15,22.493486402950307,6.6917941720911935,8.367847907343732,1.1827325025553233,90,0.12656521797180176
SARIMA,11,s1_i49,2017-09-16,2017-09-17,2017-12-15,22.31722077574627,6.6574800298341,8.360133683493858,1.1766676938805387,90,4.048603773117065
Prophet,11,s1_i49,2017-09-16,2017-09-17,2017-12-15,14.769578709606671,4.207611204622438,5.334264335613116,0.743668798209279,90,0.15918993949890137
LightGBM,11,s1_i49,2017-09-16,2017-09-17,2017-12-15,14.517053009188425,4.175022031160065,5.234205268464202,0.7379088669122115,90,0.07550406455993652
Naive,11,s1_i50,2017-09-16,2017-09-17,2017-12-15,26.800965762727756,18.366666666666667,22.00883660916426,1.9927856597787155,90,0.0009310245513916016
SeasonalNaive,11,s1_i50,2017-09-16,2017-09-17,2017-12-15,16.777330201071702,10.844444444444445,14.221267329054905,1.1766235958524056,90,0.0007250308990478516
ETS,11,s1_i50,2017-09-16,2017-09-17,2017-12-15,16.92817240249252,10.791144750421804,13.791053487036459,1.1708405722996518,90,0.17135834693908691
SARIMA,11,s1_i50,2017-09-16,2017-09-17,2017-12-15,16.31439356668661,10.372588768179842,13.361797920893162,1.1254271952092865,90,3.9272658824920654
Prophet,11,s1_i50,2017-09-16,2017-09-17,2017-12-15,11.263392206059278,7.029144999240776,8.700506423440226,0.7626631227763496,90,0.1415238380432129
LightGBM,11,s1_i50,2017-09-16,2017-09-17,2017-12-15,9.169809055909047,5.789730564620733,7.264261384462619,0.6281864996275166,90,0.07358503341674805
