model,fold,series,cutoff,test_start,test_end,smape,mae,rmse,mase,n_obs,fit_time_s
Naive,0,s1_i5,2013-06-29,2013-06-30,2013-07-29,18.500790563777755,3.2333333333333334,4.332051092342595,0.9416947247537937,30,0.0009379386901855469
SeasonalNaive,0,s1_i5,2013-06-29,2013-06-30,2013-07-29,15.746272639658654,2.7666666666666666,3.8944404818493075,0.805780022212009,30,0.0004780292510986328
ETS,0,s1_i5,2013-06-29,2013-06-30,2013-07-29,14.88034992118347,2.5917087433083426,3.629338553970246,0.7548242634036341,30,0.2897660732269287
SARIMA,0,s1_i5,2013-06-29,2013-06-30,2013-07-29,14.282624112584108,2.4752715810330463,3.5243327877929684,0.7209124299562275,30,0.396604061126709
Prophet,0,s1_i5,2013-06-29,2013-06-30,2013-07-29,14.711162305485331,2.5515397986766803,3.641416702834408,0.7431252273442845,30,0.3353848457336426
LightGBM,0,s1_i5,2013-06-29,2013-06-30,2013-07-29,17.842971366832984,3.1719705517418504,4.076237785093321,0.9238230728813446,30,0.02210092544555664
Naive,0,s1_i44,2013-06-29,2013-06-30,2013-07-29,24.282786104669015,6.8,8.457738074292283,1.4346341460387906,30,0.0005559921264648438
SeasonalNaive,0,s1_i44,2013-06-29,2013-06-30,2013-07-29,23.897484204221012,7.2,9.899494936611665,1.5190243899234255,30,0.00043487548828125
ETS,0,s1_i44,2013-06-29,2013-06-30,2013-07-29,17.91155935472867,4.8142080319483425,6.216882377511146,1.0156804748187203,30,0.02392292022705078
SARIMA,0,s1_i44,2013-06-29,2013-06-30,2013-07-29,17.52732105306678,4.763888508062574,6.424584126290987,1.0050642825865235,30,0.45739197731018066
Prophet,0,s1_i44,2013-06-29,2013-06-30,2013-07-29,17.982042736542244,4.82286318934302,6.270076820049934,1.017506501927212,30,0.03340411186218262
LightGBM,0,s1_i44,2013-06-29,2013-06-30,2013-07-29,18.546146270363028,5.066148976474627,6.495725301952915,1.068833869201466,30,0.022397756576538086
Naive,0,s1_i32,2013-06-29,2013-06-30,2013-07-29,17.214777592747186,7.4,8.933084573650918,1.094188034026244,30,0.0005428791046142578
SeasonalNaive,0,s1_i32,2013-06-29,2013-06-30,2013-07-29,17.063794069388607,7.466666666666667,9.395034149308168,1.1040455838823362,30,0.00043773651123046875
ETS,0,s1_i32,2013-06-29,2013-06-30,2013-07-29,14.34104549475822,6.11812117589575,7.137344224042398,0.904645267755095,30,0.025001049041748047
SARIMA,0,s1_i32,2013-06-29,2013-06-30,2013-07-29,14.15173490150419,6.030859976254391,7.065186108751552,0.8917425433655881,30,0.36432790756225586
Prophet,0,s1_i32,2013-06-29,2013-06-30,2013-07-29,13.031819925176649,5.529350811984953,6.5517335739903615,0.8175877695144907,30,0.030376911163330078
LightGBM,0,s1_i32,2013-06-29,2013-06-30,2013-07-29,13.715671261301285,5.838535312720965,6.964786229956758,0.8633047939755344,30,0.021843910217285156
Naive,0,s1_i31,2013-06-29,2013-06-30,2013-07-29,14.36596150279264,8.033333333333333,10.387492478938313,1.0465110440403766,30,0.0005290508270263672
SeasonalNaive,0,s1_i31,2013-06-29,2013-06-30,2013-07-29,14.661445464798204,7.9,9.662642840686324,1.0291415661309928,30,0.0004220008850097656
ETS,0,s1_i31,2013-06-29,2013-06-30,2013-07-29,10.625629695051769,5.763448411426396,7.353742457655952,0.7508106739810816,30,0.02571702003479004
SARIMA,0,s1_i31,2013-06-29,2013-06-30,2013-07-29,10.72452153044058,5.827911169237856,7.172923522656895,0.7592083073394624,30,0.36879611015319824
Prophet,0,s1_i31,2013-06-29,2013-06-30,2013-07-29,10.350529088829195,5.599180398323323,7.153874298852328,0.72941130179499,30,0.030230045318603516
LightGBM,0,s1_i31,2013-06-29,2013-06-30,2013-07-29,10.276460919338515,5.548142465877091,6.9989385215938045,0.7227625349937491,30,0.021095991134643555
Naive,0,s1_i10,2013-06-29,2013-06-30,2013-07-29,14.36420375937665,9.566666666666666,11.400292393911073,1.0650150148964517,30,0.0004999637603759766
SeasonalNaive,0,s1_i10,2013-06-29,2013-06-30,2013-07-29,14.651907673955094,9.4,11.480418110852932,1.0464607463442486,30,0.0004169940948486328
ETS,0,s1_i10,2013-06-29,2013-06-30,2013-07-29,12.983705447551092,8.710329636224996,10.854466014048374,0.9696827714923869,30,0.030504941940307617
SARIMA,0,s1_i10,2013-06-29,2013-06-30,2013-07-29,12.173059216043455,8.103228483472359,10.178026752596086,0.9020968645332402,30,0.4064798355102539
Prophet,0,s1_i10,2013-06-29,2013-06-30,2013-07-29,13.325947042113686,8.89867386415704,10.84424586638754,0.9906503078042377,30,0.03266000747680664
LightGBM,0,s1_i10,2013-06-29,2013-06-30,2013-07-29,12.633499999939993,8.497691346747889,10.180617846382136,0.9460106839277509,30,0.020595788955688477
Naive,0,s1_i28,2013-06-29,2013-06-30,2013-07-29,11.274477543504986,9.0,11.930353445448855,0.9534598896724137,30,0.0005381107330322266
SeasonalNaive,0,s1_i28,2013-06-29,2013-06-30,2013-07-29,10.682811050497795,8.6,10.75174404457249,0.9110838945758619,30,0.00044417381286621094
ETS,0,s1_i28,2013-06-29,2013-06-30,2013-07-29,10.274753607056471,8.247598737818528,10.7739726048047,0.8737505091803102,30,0.024914026260375977
SARIMA,0,s1_i28,2013-06-29,2013-06-30,2013-07-29,9.823071291108674,7.8228226054056815,10.022644902371164,0.8287497309196628,30,0.41555094718933105
Prophet,0,s1_i28,2013-06-29,2013-06-30,2013-07-29,10.45180214495831,8.405021900021529,10.759154028138902,0.8904279170543052,30,0.03156685829162598
LightGBM,0,s1_i28,2013-06-29,2013-06-30,2013-07-29,9.966134105155119,7.915910242235829,9.360205049638747,0.8386114340243225,30,0.02025127410888672
Naive,0,s2_i5,2013-06-29,2013-06-30,2013-07-29,20.994535117908733,5.0,6.444636012478387,1.0116959062280428,30,0.00049591064453125
SeasonalNaive,0,s2_i5,2013-06-29,2013-06-30,2013-07-29,16.65470175624981,3.966666666666667,4.9899899799498595,0.8026120856075807,30,0.00041604042053222656
ETS,0,s2_i5,2013-06-29,2013-06-30,2013-07-29,16.74508249679114,3.959682885326126,5.1773523763392735,0.8011989930091373,30,0.027330875396728516
SARIMA,0,s2_i5,2013-06-29,2013-06-30,2013-07-29,16.186829611400757,3.8228815932781144,5.044484552092854,0.7735187315828013,30,0.420407772064209
Prophet,0,s2_i5,2013-06-29,2013-06-30,2013-07-29,16.24265983408662,3.852502536384802,5.139079582262997,0.7795122089587311,30,0.03236985206604004
LightGBM,0,s2_i5,2013-06-29,2013-06-30,2013-07-29,15.036537904952166,3.5953199068386814,4.805046799586588,0.7274740862657765,30,0.022343873977661133
Naive,0,s2_i40,2013-06-29,2013-06-30,2013-07-29,15.405524552911585,6.066666666666666,7.593857166596345,1.0259367870536131,30,0.0005619525909423828
SeasonalNaive,0,s2_i40,2013-06-29,2013-06-30,2013-07-29,18.918510425538276,7.066666666666666,8.698658900466592,1.1950472464580548,30,0.00043082237243652344
ETS,0,s2_i40,2013-06-29,2013-06-30,2013-07-29,12.578424298293998,4.951265103628119,6.352040223035389,0.837310716307732,30,0.029980182647705078
SARIMA,0,s2_i40,2013-06-29,2013-06-30,2013-07-29,12.530609840309454,4.90296232725579,6.189796137594582,0.8291422116048974,30,0.4306528568267822
Prophet,0,s2_i40,2013-06-29,2013-06-30,2013-07-29,13.481748457181919,5.3331764728527435,6.795139341189679,0.9018959234090876,30,0.03279590606689453
LightGBM,0,s2_i40,2013-06-29,2013-06-30,2013-07-29,12.162740068962895,4.756126568907146,5.995349381644258,0.8043107490535587,30,0.021979093551635742
Naive,0,s2_i32,2013-06-29,2013-06-30,2013-07-29,11.865221177341748,6.8,8.012490249604053,0.805753424562058,30,0.0004868507385253906
SeasonalNaive,0,s2_i32,2013-06-29,2013-06-30,2013-07-29,11.830977289979577,6.433333333333334,8.810978000956156,0.7623059359827314,30,0.00041604042053222656
ETS,0,s2_i32,2013-06-29,2013-06-30,2013-07-29,9.778903418194465,5.556687171902643,7.215089673073352,0.6584293702912665,30,0.025925874710083008
SARIMA,0,s2_i32,2013-06-29,2013-06-30,2013-07-29,9.710807765322626,5.510690172330891,7.199835858112462,0.652979040890602,30,0.4337012767791748
Prophet,0,s2_i32,2013-06-29,2013-06-30,2013-07-29,13.475241627033299,7.9939594728771315,9.549127659729363,0.9472294442766254,30,0.029420137405395508
LightGBM,0,s2_i32,2013-06-29,2013-06-30,2013-07-29,10.288336694491372,5.656542290479505,8.12349409916056,0.6702615179020542,30,0.021239042282104492
Naive,0,s2_i6,2013-06-29,2013-06-30,2013-07-29,14.22884691597764,11.266666666666667,13.243866504914644,1.247844643481086,30,0.000514984130859375
SeasonalNaive,0,s2_i6,2013-06-29,2013-06-30,2013-07-29,14.070931863741901,9.833333333333334,11.711817393840576,1.089095177002723,30,0.00045108795166015625
ETS,0,s2_i6,2013-06-29,2013-06-30,2013-07-29,10.799880165360538,8.648356388846553,9.949531332631118,0.9578525320773016,30,0.03545188903808594
SARIMA,0,s2_i6,2013-06-29,2013-06-30,2013-07-29,7.580768534096133,6.033965602672665,7.421837400744941,0.6682945257021485,30,0.41256284713745117
Prophet,0,s2_i6,2013-06-29,2013-06-30,2013-07-29,11.49830737959807,9.213512890283527,10.57658199285488,1.020446690040021,30,0.03359484672546387
LightGBM,0,s2_i6,2013-06-29,2013-06-30,2013-07-29,7.769089456380838,6.073844165616398,7.134880186217139,0.672711293556503,30,0.024033069610595703
Naive,0,s2_i10,2013-06-29,2013-06-30,2013-07-29,18.230606953666825,18.266666666666666,22.63625410707346,1.771375186674263,30,0.0005800724029541016
SeasonalNaive,0,s2_i10,2013-06-29,2013-06-30,2013-07-29,15.195057956846766,14.966666666666667,18.75366630821824,1.4513639759429637,30,0.0004401206970214844
ETS,0,s2_i10,2013-06-29,2013-06-30,2013-07-29,9.086102868868261,9.231132364558981,11.443964727102507,0.8951714680010309,30,0.03562307357788086
SARIMA,0,s2_i10,2013-06-29,2013-06-30,2013-07-29,9.158810501598333,9.34874557613588,11.642523594877659,0.906576785041855,30,0.43950486183166504
Prophet,0,s2_i10,2013-06-29,2013-06-30,2013-07-29,8.93265255505746,9.150120283002996,11.511248769239376,0.8873154757881238,30,0.031230926513671875
LightGBM,0,s2_i10,2013-06-29,2013-06-30,2013-07-29,9.576525413719207,9.61604210287054,11.943161998947867,0.9324973562978035,30,0.02107095718383789
Naive,0,s2_i15,2013-06-29,2013-06-30,2013-07-29,14.009549756300055,16.4,20.333879774078202,1.3887420458931705,30,0.0005049705505371094
SeasonalNaive,0,s2_i15,2013-06-29,2013-06-30,2013-07-29,7.995815051928738,9.366666666666667,12.731849826321389,0.793163648162563,30,0.00041174888610839844
ETS,0,s2_i15,2013-06-29,2013-06-30,2013-07-29,9.055649889737001,10.413426593564905,12.811886901201865,0.8818026434332731,30,0.03823113441467285
SARIMA,0,s2_i15,2013-06-29,2013-06-30,2013-07-29,8.805894039689715,10.23339658340468,12.194483657618214,0.8665578114435121,30,0.4426298141479492
Prophet,0,s2_i15,2013-06-29,2013-06-30,2013-07-29,8.925933961407722,10.06730283434938,13.33088917169188,0.8524930935853948,30,0.030473947525024414
LightGBM,0,s2_i15,2013-06-29,2013-06-30,2013-07-29,12.34293568088459,14.767519033899577,17.483860099454436,1.250504548530734,30,0.021079063415527344
Naive,0,s3_i5,2013-06-29,2013-06-30,2013-07-29,20.12562984126419,4.3,4.9899899799498595,0.9016969695078866,30,0.0004711151123046875
SeasonalNaive,0,s3_i5,2013-06-29,2013-06-30,2013-07-29,23.604677937592616,4.866666666666666,5.732945723331651,1.0205252523112514,30,0.0004153251647949219
ETS,0,s3_i5,2013-06-29,2013-06-30,2013-07-29,15.280232997887863,3.2230001255777543,4.017412750328081,0.6758533595248835,30,0.022372007369995117
SARIMA,0,s3_i5,2013-06-29,2013-06-30,2013-07-29,15.033931284402843,3.1735164199241086,3.93660747543498,0.6654767764021131,30,0.43696093559265137
Prophet,0,s3_i5,2013-06-29,2013-06-30,2013-07-29,14.826175706702676,3.1101090817340586,3.76223454166547,0.6521804497298969,30,0.03168320655822754
LightGBM,0,s3_i5,2013-06-29,2013-06-30,2013-07-29,16.205177642197228,3.4571966541823596,4.408133558374238,0.7249636618765206,30,0.020921945571899414
Naive,0,s3_i49,2013-06-29,2013-06-30,2013-07-29,14.540764582951986,4.966666666666667,6.695769808866889,0.7926506763802627,30,0.00048804283142089844
SeasonalNaive,0,s3_i49,2013-06-29,2013-06-30,2013-07-29,26.529101741196083,9.7,11.01060095241551,1.5480627303802443,30,0.0004210472106933594
ETS,0,s3_i49,2013-06-29,2013-06-30,2013-07-29,17.40741235844439,6.0588344386624975,6.963579525548974,0.9669542045399714,30,0.030736923217773438
SARIMA,0,s3_i49,2013-06-29,2013-06-30,2013-07-29,17.477824156090815,6.087540292253531,7.000895875201473,0.9715354892913148,30,0.45525670051574707
Prophet,0,s3_i49,2013-06-29,2013-06-30,2013-07-29,17.691706686481194,6.207675403768349,7.034291562569125,0.9907083438012285,30,0.03326702117919922
LightGBM,0,s3_i49,2013-06-29,2013-06-30,2013-07-29,16.7220686752909,5.8510876226078485,6.95973713172055,0.9337990392524083,30,0.022399187088012695
Naive,0,s3_i32,2013-06-29,2013-06-30,2013-07-29,14.998986140418621,7.666666666666667,9.61595895720581,1.177915926402801,30,0.0005371570587158203
SeasonalNaive,0,s3_i32,2013-06-29,2013-06-30,2013-07-29,17.7278661443092,9.566666666666666,12.16415499188771,1.4698342212069733,30,0.00045609474182128906
ETS,0,s3_i32,2013-06-29,2013-06-30,2013-07-29,15.084889589604918,7.818014567476065,9.383750061399,1.2011692006798906,30,0.0371088981628418
SARIMA,0,s3_i32,2013-06-29,2013-06-30,2013-07-29,15.934161708114985,8.427811475348772,10.219588769784833,1.2948591341130788,30,0.3788478374481201
Prophet,0,s3_i32,2013-06-29,2013-06-30,2013-07-29,15.523452102542839,8.087267106410014,9.747379551408489,1.242537485962676,30,0.03096294403076172
LightGBM,0,s3_i32,2013-06-29,2013-06-30,2013-07-29,13.412813789366625,6.938983853778476,8.587422632487563,1.0661138601414197,30,0.02156805992126465
Naive,0,s3_i14,2013-06-29,2013-06-30,2013-07-29,23.288013309687642,18.1,20.903747670374006,2.2511143059745202,30,0.0005040168762207031
SeasonalNaive,0,s3_i14,2013-06-29,2013-06-30,2013-07-29,18.349521968607174,12.266666666666667,14.163332941084171,1.525617061875918,30,0.0004169940948486328
ETS,0,s3_i14,2013-06-29,2013-06-30,2013-07-29,9.853943578018255,6.976171879633553,8.10786930987123,0.8676331668055385,30,0.033885955810546875
SARIMA,0,s3_i14,2013-06-29,2013-06-30,2013-07-29,10.19311543140374,7.1761011092412215,8.31336656376025,0.8924985562504163,30,0.4341397285461426
Prophet,0,s3_i14,2013-06-29,2013-06-30,2013-07-29,8.46964281720426,5.996884165796614,7.683209686850012,0.7458382175081124,30,0.030997037887573242
LightGBM,0,s3_i14,2013-06-29,2013-06-30,2013-07-29,10.64079567246878,7.315725188522636,8.865719041250507,0.9098637364895827,30,0.021088123321533203
Naive,0,s3_i10,2013-06-29,2013-06-30,2013-07-29,14.91174782082925,13.2,15.956190021430555,1.4380352643269647,30,0.0005040168762207031
SeasonalNaive,0,s3_i10,2013-06-29,2013-06-30,2013-07-29,9.429493418737414,7.933333333333334,9.542885657214313,0.8642737194692365,30,0.0004379749298095703
ETS,0,s3_i10,2013-06-29,2013-06-30,2013-07-29,8.660723981415721,7.492064071935065,9.912227228772922,0.8162009346999771,30,0.030900001525878906
SARIMA,0,s3_i10,2013-06-29,2013-06-30,2013-07-29,7.629778914187367,6.620322902919497,9.008662302143918,0.7212316511840681,30,0.43375587463378906
Prophet,0,s3_i10,2013-06-29,2013-06-30,2013-07-29,9.924018624963944,8.568369012064531,11.110319801992265,0.9334558179632721,30,0.03148913383483887
LightGBM,0,s3_i10,2013-06-29,2013-06-30,2013-07-29,7.414619319026121,6.300861046873158,8.024864241250189,0.686428816744524,30,0.021410703659057617
Naive,0,s3_i28,2013-06-29,2013-06-30,2013-07-29,28.802069973230388,34.03333333333333,37.26973750019355,3.0729471117615064,30,0.00048279762268066406
SeasonalNaive,0,s3_i28,2013-06-29,2013-06-30,2013-07-29,10.341029953261588,11.033333333333333,12.830952160043825,0.9962247737444258,30,0.00040721893310546875
ETS,0,s3_i28,2013-06-29,2013-06-30,2013-07-29,9.892267638840675,10.26385408847003,12.53766315278116,0.9267467417249415,30,0.028616905212402344
SARIMA,0,s3_i28,2013-06-29,2013-06-30,2013-07-29,9.142309005251835,9.590891707224134,11.41422511682585,0.8659834369519624,30,0.44062209129333496
Prophet,0,s3_i28,2013-06-29,2013-06-30,2013-07-29,10.77468903263659,11.293313564455696,13.10291407916257,1.0196989804146281,30,0.029505014419555664
LightGBM,0,s3_i28,2013-06-29,2013-06-30,2013-07-29,7.568396284725411,7.74371799393874,9.623736175490308,0.6991979190138,30,0.021762847900390625
Naive,0,s4_i5,2013-06-29,2013-06-30,2013-07-29,22.36570715730622,4.933333333333334,5.887840577551898,1.1986891382855245,30,0.0004858970642089844
SeasonalNaive,0,s4_i5,2013-06-29,2013-06-30,2013-07-29,30.130659298455058,6.1,7.454305243727726,1.4821629209881821,30,0.00041103363037109375
ETS,0,s4_i5,2013-06-29,2013-06-30,2013-07-29,18.597734734685258,3.9455109265886685,4.9809815001626285,0.9586704917612213,30,0.02680206298828125
SARIMA,0,s4_i5,2013-06-29,2013-06-30,2013-07-29,18.71274710255944,3.977667245963494,5.01158149320715,0.9664837547534869,30,0.4034740924835205
Prophet,0,s4_i5,2013-06-29,2013-06-30,2013-07-29,18.444110857106708,3.93822182718362,4.897126266323168,0.9568994044062115,30,0.030653953552246094
LightGBM,0,s4_i5,2013-06-29,2013-06-30,2013-07-29,20.64512013474768,4.590528875362593,5.78811759055969,1.1153953584898386,30,0.022335052490234375
Naive,0,s4_i49,2013-06-29,2013-06-30,2013-07-29,21.376430841456614,6.966666666666667,8.96102672688794,1.2174074071946686,30,0.0005040168762207031
SeasonalNaive,0,s4_i49,2013-06-29,2013-06-30,2013-07-29,24.571385042856832,7.9,9.257429448826494,1.3805050502638108,30,0.00041222572326660156
ETS,0,s4_i49,2013-06-29,2013-06-30,2013-07-29,14.253353913614736,4.647539005826267,5.890133349842167,0.812145704916609,30,0.022671937942504883
SARIMA,0,s4_i49,2013-06-29,2013-06-30,2013-07-29,14.783409549120844,4.838242041194052,5.8436571473906325,0.8454705787679844,30,0.37973785400390625
Prophet,0,s4_i49,2013-06-29,2013-06-30,2013-07-29,14.62011129098946,4.7841366865802275,5.989207324482651,0.8360158046805541,30,0.0320889949798584
LightGBM,0,s4_i49,2013-06-29,2013-06-30,2013-07-29,14.523674002494824,4.751321212182555,6.027159290483921,0.8302813833979226,30,0.021085023880004883
Naive,0,s4_i32,2013-06-29,2013-06-30,2013-07-29,15.44332306516928,8.033333333333333,9.548123724935003,1.2201638862647746,30,0.0005309581756591797
SeasonalNaive,0,s4_i32,2013-06-29,2013-06-30,2013-07-29,15.627467754061072,7.7,9.18513291502451,1.1695346793658215,30,0.00043582916259765625
ETS,0,s4_i32,2013-06-29,2013-06-30,2013-07-29,10.280889957203799,5.3014855749581224,6.508714149183047,0.8052300301391137,30,0.026718854904174805
SARIMA,0,s4_i32,2013-06-29,2013-06-30,2013-07-29,10.265678825366294,5.291150444011216,6.492948096102871,0.8036602516899976,30,0.3999319076538086
Prophet,0,s4_i32,2013-06-29,2013-06-30,2013-07-29,10.214118166197773,5.2186966352978486,6.137106499567298,0.7926554150740988,30,0.033805131912231445
LightGBM,0,s4_i32,2013-06-29,2013-06-30,2013-07-29,12.266397498025466,6.112030206353571,7.464124588112654,0.9283417256703818,30,0.022182226181030273
Naive,0,s4_i46,2013-06-29,2013-06-30,2013-07-29,21.83891101157583,14.1,16.418485516839446,1.9116771157282757,30,0.0004780292510986328
SeasonalNaive,0,s4_i46,2013-06-29,2013-06-30,2013-07-29,15.60918347569612,10.2,12.00277745635012,1.3829153603140718,30,0.00040721893310546875
ETS,0,s4_i46,2013-06-29,2013-06-30,2013-07-29,10.948215292553174,7.064105581771736,7.946271357056092,0.9577509917561281,30,0.0291597843170166
SARIMA,0,s4_i46,2013-06-29,2013-06-30,2013-07-29,10.972551807505912,7.081677491471635,7.954907019379056,0.9601333901712302,30,0.3950347900390625
Prophet,0,s4_i46,2013-06-29,2013-06-30,2013-07-29,10.714015665845524,6.813986210119308,8.203210130910692,0.9238398230335548,30,0.03464388847351074
LightGBM,0,s4_i46,2013-06-29,2013-06-30,2013-07-29,11.019709242769663,7.143178074456793,8.192373900860485,0.9684716353553916,30,0.025227069854736328
Naive,0,s4_i10,2013-06-29,2013-06-30,2013-07-29,28.957547868334892,26.633333333333333,29.842363623993773,2.82499489036048,30,0.0006420612335205078
SeasonalNaive,0,s4_i10,2013-06-29,2013-06-30,2013-07-29,13.650970993687785,11.0,12.912526218108264,1.1667688533403733,30,0.00043511390686035156
ETS,0,s4_i10,2013-06-29,2013-06-30,2013-07-29,10.459441771513248,8.575700127815235,9.558320349502297,0.9096236186110795,30,0.04179191589355469
SARIMA,0,s4_i10,2013-06-29,2013-06-30,2013-07-29,9.579849376056199,7.991668497901544,9.786004063261384,0.8476754445066335,30,0.48645997047424316
Prophet,0,s4_i10,2013-06-29,2013-06-30,2013-07-29,11.17405718875696,9.211829421817951,10.357011737910383,0.977097786514695,30,0.03153705596923828
LightGBM,0,s4_i10,2013-06-29,2013-06-30,2013-07-29,9.613932429416185,8.067262281736324,9.71733671543352,0.8556936692779578,30,0.021783113479614258
Naive,0,s4_i15,2013-06-29,2013-06-30,2013-07-29,12.67388093144593,12.333333333333334,15.220600075774499,1.4083608359227857,30,0.0004811286926269531
SeasonalNaive,0,s4_i15,2013-06-29,2013-06-30,2013-07-29,10.138113004337402,9.766666666666667,13.663820841916802,1.1152695268253412,30,0.0004069805145263672
ETS,0,s4_i15,2013-06-29,2013-06-30,2013-07-29,7.992264747079887,7.7446566931186736,9.674278110225634,0.8843733384531577,30,0.034319162368774414
SARIMA,0,s4_i15,2013-06-29,2013-06-30,2013-07-29,7.659144458359639,7.4369716333592315,9.438086753831765,0.8492383448344745,30,0.3731961250305176
Prophet,0,s4_i15,2013-06-29,2013-06-30,2013-07-29,9.105005599179776,8.902608237657898,10.681621334016132,1.0166014686065639,30,0.03154611587524414
LightGBM,0,s4_i15,2013-06-29,2013-06-30,2013-07-29,9.056000563839572,8.84676010885115,10.658675028320312,1.0102240915224292,30,0.021458148956298828
Naive,1,s1_i5,2013-07-29,2013-07-30,2013-08-28,27.63756737461985,4.266666666666667,5.48938369339704,1.2199061029375948,30,0.0008361339569091797
SeasonalNaive,1,s1_i5,2013-07-29,2013-07-30,2013-08-28,29.84661937234131,4.833333333333333,6.008327554319921,1.3819248822339942,30,0.0004508495330810547
ETS,1,s1_i5,2013-07-29,2013-07-30,2013-08-28,30.068173390110736,4.854276165736504,5.789800921611287,1.3879127624827663,30,0.04033613204956055
SARIMA,1,s1_i5,2013-07-29,2013-07-30,2013-08-28,28.91330363299899,4.632321367229366,5.579102919596871,1.324452446871405,30,0.5741069316864014
Prophet,1,s1_i5,2013-07-29,2013-07-30,2013-08-28,29.87873069297653,4.817462652260643,5.759399786304873,1.377387208632818,30,0.031021833419799805
LightGBM,1,s1_i5,2013-07-29,2013-07-30,2013-08-28,30.175802157904624,4.876122597230022,5.740716330081009,1.3941589957108174,30,0.022780895233154297
Naive,1,s1_i44,2013-07-29,2013-07-30,2013-08-28,67.49836522575389,13.066666666666666,14.125626829749303,2.55051282001498,30,0.0005118846893310547
SeasonalNaive,1,s1_i44,2013-07-29,2013-07-30,2013-08-28,22.681884919645004,5.6,6.6332495807108,1.0930769228635628,30,0.0004291534423828125
ETS,1,s1_i44,2013-07-29,2013-07-30,2013-08-28,24.720931719793583,6.469737514565557,7.609830597164725,1.2628429953850488,30,0.02389693260192871
SARIMA,1,s1_i44,2013-07-29,2013-07-30,2013-08-28,21.11078976248148,5.454956076416069,6.661022496619818,1.064765464707995,30,0.4879732131958008
Prophet,1,s1_i44,2013-07-29,2013-07-30,2013-08-28,24.90568898646229,6.530911309786535,7.681231021861254,1.2747836496421976,30,0.0327298641204834
LightGBM,1,s1_i44,2013-07-29,2013-07-30,2013-08-28,23.568969994056232,6.164025262543533,7.3218399647656165,1.2031703154347055,30,0.02605605125427246
Naive,1,s1_i32,2013-07-29,2013-07-30,2013-08-28,26.581557769827906,9.3,11.151980392139626,1.3770240698179899,30,0.0007028579711914062
SeasonalNaive,1,s1_i32,2013-07-29,2013-07-30,2013-08-28,22.791491294017906,9.1,12.33017977700785,1.3474106489616888,30,0.0004661083221435547
ETS,1,s1_i32,2013-07-29,2013-07-30,2013-08-28,26.609859237998695,10.432661862998327,12.223335133694803,1.544734032002246,30,0.029623985290527344
SARIMA,1,s1_i32,2013-07-29,2013-07-30,2013-08-28,25.59078155197726,9.988119201809091,11.836303594350362,1.4789118874303622,30,0.42966198921203613
Prophet,1,s1_i32,2013-07-29,2013-07-30,2013-08-28,28.442963824970697,11.304714040483514,13.076164355798955,1.673856272704858,30,0.03378105163574219
LightGBM,1,s1_i32,2013-07-29,2013-07-30,2013-08-28,25.485131028755752,10.041045018820183,11.96091637805601,1.4867484598969272,30,0.022490739822387695
Naive,1,s1_i31,2013-07-29,2013-07-30,2013-08-28,19.32070830421006,9.533333333333333,11.78417017301883,1.2163838255309496,30,0.0005030632019042969
SeasonalNaive,1,s1_i31,2013-07-29,2013-07-30,2013-08-28,16.110209545005823,8.1,9.964938534682489,1.033500942671401,30,0.00045013427734375
ETS,1,s1_i31,2013-07-29,2013-07-30,2013-08-28,25.626393793328155,13.632783971509626,15.330509974068882,1.7394438377519466,30,0.02373790740966797
SARIMA,1,s1_i31,2013-07-29,2013-07-30,2013-08-28,23.62721615540885,12.42217493009749,14.064542825103617,1.584978950652445,30,0.48248910903930664
Prophet,1,s1_i31,2013-07-29,2013-07-30,2013-08-28,25.995806298068942,13.886415087238863,15.561582188868446,1.7718053188873744,30,0.03386092185974121
LightGBM,1,s1_i31,2013-07-29,2013-07-30,2013-08-28,20.443876266396995,10.588084713230323,11.97258393451392,1.3509624113837273,30,0.021908998489379883
Naive,1,s1_i10,2013-07-29,2013-07-30,2013-08-28,16.545134377858076,9.966666666666667,12.273277204289542,1.0802100016626006,30,0.0004928112030029297
SeasonalNaive,1,s1_i10,2013-07-29,2013-07-30,2013-08-28,15.30726663560727,9.3,11.562871615649808,1.007955152053062,30,0.0004210472106933594
ETS,1,s1_i10,2013-07-29,2013-07-30,2013-08-28,12.53899420650142,7.948023038715119,9.337582722574407,0.8614248140332622,30,0.02826714515686035
SARIMA,1,s1_i10,2013-07-29,2013-07-30,2013-08-28,13.360312742998895,8.545339145474305,9.785306646008777,0.9261632922281222,30,0.45189404487609863
Prophet,1,s1_i10,2013-07-29,2013-07-30,2013-08-28,20.663772591398764,13.93090368324267,15.537663127395854,1.5098630258364976,30,0.031038999557495117
LightGBM,1,s1_i10,2013-07-29,2013-07-30,2013-08-28,14.844561553656815,9.747351705481117,11.208201656010075,1.056440147356225,30,0.02275705337524414
Naive,1,s1_i28,2013-07-29,2013-07-30,2013-08-28,36.535889658495876,23.766666666666666,27.31849190566712,2.535277631538976,30,0.0004799365997314453
SeasonalNaive,1,s1_i28,2013-07-29,2013-07-30,2013-08-28,15.668437446829337,12.133333333333333,15.32536024590178,1.2943072340535586,30,0.00041985511779785156
ETS,1,s1_i28,2013-07-29,2013-07-30,2013-08-28,20.664650549086357,15.923380934777104,17.72634340128097,1.6986055330609222,30,0.027069091796875
SARIMA,1,s1_i28,2013-07-29,2013-07-30,2013-08-28,20.00279200078599,15.343642165547914,17.178512509969494,1.636762669087737,30,0.4897119998931885
Prophet,1,s1_i28,2013-07-29,2013-07-30,2013-08-28,24.21748203742814,19.17149249004376,20.805560660631464,2.045093523417619,30,0.03953194618225098
LightGBM,1,s1_i28,2013-07-29,2013-07-30,2013-08-28,19.058774967078236,14.655751174177528,16.755420361598542,1.563382810320899,30,0.02287006378173828
Naive,1,s2_i5,2013-07-29,2013-07-30,2013-08-28,29.859388076593767,5.933333333333334,6.6932802122726045,1.1854986874271756,30,0.0005047321319580078
SeasonalNaive,1,s2_i5,2013-07-29,2013-07-30,2013-08-28,25.010546478792378,5.3,6.220932405998316,1.0589566927018028,30,0.00041604042053222656
ETS,1,s2_i5,2013-07-29,2013-07-30,2013-08-28,28.685499361046222,6.34584012976641,7.563305219325526,1.267918844572041,30,0.03854799270629883
SARIMA,1,s2_i5,2013-07-29,2013-07-30,2013-08-28,27.13558076373619,5.941965158548976,7.099380210016296,1.1872233532917675,30,0.458920955657959
Prophet,1,s2_i5,2013-07-29,2013-07-30,2013-08-28,30.11313597505565,6.762010530439283,7.9891510559155865,1.3510710013827825,30,0.03466224670410156
LightGBM,1,s2_i5,2013-07-29,2013-07-30,2013-08-28,26.191278686044008,5.690280788249472,6.6783789845736,1.136936023409296,30,0.021888017654418945
Naive,1,s2_i40,2013-07-29,2013-07-30,2013-08-28,14.516726822082838,4.966666666666667,6.096447052723961,0.8144049540937068,30,0.0004799365997314453
SeasonalNaive,1,s2_i40,2013-07-29,2013-07-30,2013-08-28,18.685583694813015,6.766666666666667,8.11377429642539,1.1095584273894126,30,0.0004200935363769531
ETS,1,s2_i40,2013-07-29,2013-07-30,2013-08-28,25.185289283197992,9.46853498781813,10.773548194986493,1.5525949937091303,30,0.022548913955688477
SARIMA,1,s2_i40,2013-07-29,2013-07-30,2013-08-28,22.231688955191096,8.223983950198333,9.68109983841992,1.3485207929050984,30,0.5071229934692383
Prophet,1,s2_i40,2013-07-29,2013-07-30,2013-08-28,25.656855303844665,9.707677427751486,11.053549052650773,1.5918081724639859,30,0.03159189224243164
LightGBM,1,s2_i40,2013-07-29,2013-07-30,2013-08-28,26.767901324478917,10.270388641259252,11.317807749248383,1.6840782664246852,30,0.021630048751831055
Naive,1,s2_i32,2013-07-29,2013-07-30,2013-08-28,13.480341861116507,7.2,9.612491872558333,0.8788935657375734,30,0.0005002021789550781
SeasonalNaive,1,s2_i32,2013-07-29,2013-07-30,2013-08-28,11.975797360648581,6.4,8.020806277010642,0.7812387251000652,30,0.0004200935363769531
ETS,1,s2_i32,2013-07-29,2013-07-30,2013-08-28,17.515883218481864,9.637788129067559,10.943841931700637,1.1764708298027005,30,0.030689001083374023
SARIMA,1,s2_i32,2013-07-29,2013-07-30,2013-08-28,17.35805864803937,9.54072113840596,10.844977148767226,1.1646220029224241,30,0.5495491027832031
Prophet,1,s2_i32,2013-07-29,2013-07-30,2013-08-28,23.225961563635053,13.288662111582521,14.577093300735486,1.6221277259903546,30,0.0336148738861084
LightGBM,1,s2_i32,2013-07-29,2013-07-30,2013-08-28,15.21592694827657,8.280804904146692,9.78742120495433,1.0108258540809265,30,0.02196192741394043
Naive,1,s2_i6,2013-07-29,2013-07-30,2013-08-28,13.408485881997128,9.4,10.256705123966467,1.056589147168058,30,0.0004899501800537109
SeasonalNaive,1,s2_i6,2013-07-29,2013-07-30,2013-08-28,14.695190212298895,11.066666666666666,14.463747785411636,1.24392764843899,30,0.0004189014434814453
ETS,1,s2_i6,2013-07-29,2013-07-30,2013-08-28,11.142954890266907,7.87438766132169,9.621139601718557,0.885105589738996,30,0.04610300064086914
SARIMA,1,s2_i6,2013-07-29,2013-07-30,2013-08-28,15.267603879411185,11.370416820966028,13.548372384805583,1.2780701076393441,30,0.5459368228912354
Prophet,1,s2_i6,2013-07-29,2013-07-30,2013-08-28,21.739351022114825,16.78024738856408,18.48019892721161,1.8861518380374418,30,0.03416800498962402
LightGBM,1,s2_i6,2013-07-29,2013-07-30,2013-08-28,16.255613600634593,12.354680338728853,14.742702298387128,1.3887043790033502,30,0.020944833755493164
Naive,1,s2_i10,2013-07-29,2013-07-30,2013-08-28,20.52147002004678,17.033333333333335,20.146960068456977,1.6489111427429366,30,0.0004892349243164062
SeasonalNaive,1,s2_i10,2013-07-29,2013-07-30,2013-08-28,21.730010394780674,21.133333333333333,25.03331114069145,2.0458114765147197,30,0.0004222393035888672
ETS,1,s2_i10,2013-07-29,2013-07-30,2013-08-28,23.76112881934586,22.057906779592606,24.64233548252706,2.135314771494435,30,0.04128694534301758
SARIMA,1,s2_i10,2013-07-29,2013-07-30,2013-08-28,23.538592975443283,22.034619571782553,24.726967935249316,2.133060454286527,30,0.524561882019043
Prophet,1,s2_i10,2013-07-29,2013-07-30,2013-08-28,23.757417993926325,22.06417495970188,24.514206705511548,2.1359215624157795,30,0.032730817794799805
LightGBM,1,s2_i10,2013-07-29,2013-07-30,2013-08-28,20.952916353118738,19.576490616721117,23.072460963858656,1.895101380452876,30,0.020368337631225586
Naive,1,s2_i15,2013-07-29,2013-07-30,2013-08-28,22.128731226121985,22.766666666666666,27.60978087562449,1.930506822448388,30,0.00049591064453125
SeasonalNaive,1,s2_i15,2013-07-29,2013-07-30,2013-08-28,13.130994448657304,14.833333333333334,17.217239422547777,1.2577972708485106,30,0.0004279613494873047
ETS,1,s2_i15,2013-07-29,2013-07-30,2013-08-28,17.013427581766955,19.012138146186555,21.856097242104042,1.6121403689843803,30,0.04024982452392578
SARIMA,1,s2_i15,2013-07-29,2013-07-30,2013-08-28,15.563973889479769,17.412971416443046,20.40717533695418,1.4765385117954057,30,0.6685760021209717
Prophet,1,s2_i15,2013-07-29,2013-07-30,2013-08-28,21.27766758720359,24.541892390945154,27.04359215518469,2.0810376587048522,30,0.037564754486083984
LightGBM,1,s2_i15,2013-07-29,2013-07-30,2013-08-28,12.608261307629098,13.631548935781183,16.286190460764598,1.1558915763278756,30,0.02267003059387207
Naive,1,s3_i5,2013-07-29,2013-07-30,2013-08-28,27.56124625103869,5.366666666666666,6.848357467305573,1.1467719295795142,30,0.0005640983581542969
SeasonalNaive,1,s3_i5,2013-07-29,2013-07-30,2013-08-28,26.739400681510112,5.3,6.473020933072903,1.1325263155474705,30,0.00043702125549316406
ETS,1,s3_i5,2013-07-29,2013-07-30,2013-08-28,23.75981702853589,4.887211702852866,5.630466221018506,1.0443199741759315,30,0.02700185775756836
SARIMA,1,s3_i5,2013-07-29,2013-07-30,2013-08-28,22.09607395614482,4.475276846686025,5.190470321417651,0.9562959996664578,30,0.5441462993621826
Prophet,1,s3_i5,2013-07-29,2013-07-30,2013-08-28,24.974835520794098,5.202564775151576,6.0979441461343535,1.11170594645273,30,0.03437399864196777
LightGBM,1,s3_i5,2013-07-29,2013-07-30,2013-08-28,24.395792049283713,5.078355240969973,5.7909071911165855,1.0851643302069642,30,0.022577762603759766
Naive,1,s3_i49,2013-07-29,2013-07-30,2013-08-28,29.658516469446244,8.8,10.670832519848986,1.3584790872427595,30,0.0007307529449462891
SeasonalNaive,1,s3_i49,2013-07-29,2013-07-30,2013-08-28,22.503511638246593,7.5,10.058164179743075,1.1577946766273517,30,0.0006489753723144531
ETS,1,s3_i49,2013-07-29,2013-07-30,2013-08-28,22.485529114140544,7.196415276774531,8.823251346009469,1.1109295064332403,30,0.03009319305419922
SARIMA,1,s3_i49,2013-07-29,2013-07-30,2013-08-28,21.109404213881238,6.671742181015797,8.174991811109852,1.0299343441346998,30,0.5729329586029053
Prophet,1,s3_i49,2013-07-29,2013-07-30,2013-08-28,23.903366234100247,7.753113370084276,9.571353169967525,1.1968684516229229,30,0.03420686721801758
LightGBM,1,s3_i49,2013-07-29,2013-07-30,2013-08-28,20.418458355052998,6.4530019031112245,8.130979134763969,0.996166833558446,30,0.020531892776489258
Naive,1,s3_i32,2013-07-29,2013-07-30,2013-08-28,13.550217135699924,6.066666666666666,7.26636084983398,0.9048738671195032,30,0.00048160552978515625
SeasonalNaive,1,s3_i32,2013-07-29,2013-07-30,2013-08-28,16.404609119609262,8.166666666666666,9.765585833254791,1.2180994365070235,30,0.00041794776916503906
ETS,1,s3_i32,2013-07-29,2013-07-30,2013-08-28,17.813763515825325,8.734676985428026,10.289847232262051,1.3028210343698872,30,0.04377126693725586
SARIMA,1,s3_i32,2013-07-29,2013-07-30,2013-08-28,16.584400351375056,8.144255568002576,9.721652959729829,1.2147567083452808,30,0.453291654586792
Prophet,1,s3_i32,2013-07-29,2013-07-30,2013-08-28,25.823032565424057,13.319228789820505,14.740676590919623,1.9866300102353245,30,0.03475189208984375
LightGBM,1,s3_i32,2013-07-29,2013-07-30,2013-08-28,18.345237764794206,9.252160945749942,11.18173364377592,1.3800063715702402,30,0.020177125930786133
Naive,1,s3_i14,2013-07-29,2013-07-30,2013-08-28,12.93626293242026,7.966666666666667,9.880958118185369,0.9609229549246975,30,0.00047588348388671875
SeasonalNaive,1,s3_i14,2013-07-29,2013-07-30,2013-08-28,17.06321071233272,11.366666666666667,14.998888847733577,1.371023964976242,30,0.00041174888610839844
ETS,1,s3_i14,2013-07-29,2013-07-30,2013-08-28,20.782387570519408,13.93493693119625,15.18301770057864,1.6808034442612212,30,0.03344392776489258
SARIMA,1,s3_i14,2013-07-29,2013-07-30,2013-08-28,20.15321640793932,13.46252527296778,14.713615758991246,1.6238221212613329,30,0.42349886894226074
Prophet,1,s3_i14,2013-07-29,2013-07-30,2013-08-28,24.28676740771243,16.697278364665536,18.013705102641037,2.013991388959158,30,0.032738685607910156
LightGBM,1,s3_i14,2013-07-29,2013-07-30,2013-08-28,20.23472388126751,13.819351637412467,15.274631632112117,1.6668617837530348,30,0.02047276496887207
Naive,1,s3_i10,2013-07-29,2013-07-30,2013-08-28,35.533038463636196,24.0,26.727015047201462,2.6492659050909184,30,0.0004851818084716797
SeasonalNaive,1,s3_i10,2013-07-29,2013-07-30,2013-08-28,19.037606885671952,15.333333333333334,18.2245255996784,1.6925865504747537,30,0.00043511390686035156
ETS,1,s3_i10,2013-07-29,2013-07-30,2013-08-28,21.807666864489388,18.21626994117587,20.43558579646083,2.010822619712074,30,0.034316062927246094
SARIMA,1,s3_i10,2013-07-29,2013-07-30,2013-08-28,20.03796148078957,16.692604482344283,19.206504484099973,1.842631163426773,30,0.5197629928588867
Prophet,1,s3_i10,2013-07-29,2013-07-30,2013-08-28,26.115109108639945,22.46187826654846,24.176366968792657,2.4794786773278976,30,0.03120899200439453
LightGBM,1,s3_i10,2013-07-29,2013-07-30,2013-08-28,15.996164923168587,13.021913499068242,15.486092631858224,1.4374379771718615,30,0.020323991775512695
Naive,1,s3_i28,2013-07-29,2013-07-30,2013-08-28,16.364397914123565,15.133333333333333,17.56321914304626,1.3788450028665893,30,0.00049591064453125
SeasonalNaive,1,s3_i28,2013-07-29,2013-07-30,2013-08-28,14.244149672539258,14.2,17.130868824045866,1.2938061040113813,30,0.0004379749298095703
ETS,1,s3_i28,2013-07-29,2013-07-30,2013-08-28,16.815460579655703,16.653680620084515,19.330629537743942,1.5173685662339007,30,0.029931068420410156
SARIMA,1,s3_i28,2013-07-29,2013-07-30,2013-08-28,15.449802729831957,15.311371870713451,17.911875991331964,1.3950666469800863,30,0.5331358909606934
Prophet,1,s3_i28,2013-07-29,2013-07-30,2013-08-28,21.834784769424676,22.47334033960095,24.75814269335459,2.047615838654994,30,0.03505420684814453
LightGBM,1,s3_i28,2013-07-29,2013-07-30,2013-08-28,17.566544503998443,17.715122535688685,20.237878621341167,1.614079835914338,30,0.02126908302307129
Naive,1,s4_i5,2013-07-29,2013-07-30,2013-08-28,48.81019059104782,7.566666666666666,8.491171886141512,1.7798763997358267,30,0.0005080699920654297
SeasonalNaive,1,s4_i5,2013-07-29,2013-07-30,2013-08-28,23.564109924692982,4.2,5.428320796219275,0.9879490148313399,30,0.00041484832763671875
ETS,1,s4_i5,2013-07-29,2013-07-30,2013-08-28,26.82508619105372,5.276060328811954,6.22246736129202,1.2410663342953536,30,0.036618947982788086
SARIMA,1,s4_i5,2013-07-29,2013-07-30,2013-08-28,26.51330828413874,5.211467716916157,6.145978242002571,1.2258724754172976,30,0.4735119342803955
Prophet,1,s4_i5,2013-07-29,2013-07-30,2013-08-28,27.02995892419937,5.339995089914505,6.319217529066102,1.256105449591721,30,0.03344392776489258
LightGBM,1,s4_i5,2013-07-29,2013-07-30,2013-08-28,24.90205622542021,4.8765855041221835,5.8786885102271,1.1470994867948343,30,0.02098393440246582
Naive,1,s4_i49,2013-07-29,2013-07-30,2013-08-28,16.575289386704963,4.766666666666667,5.630275304103699,0.8385037549073804,30,0.0005168914794921875
SeasonalNaive,1,s4_i49,2013-07-29,2013-07-30,2013-08-28,27.591017374904318,9.066666666666666,11.74166370948626,1.5949162331105418,30,0.0004532337188720703
ETS,1,s4_i49,2013-07-29,2013-07-30,2013-08-28,26.17700094170601,8.254848283457669,9.766366676586022,1.452109359832867,30,0.02082204818725586
SARIMA,1,s4_i49,2013-07-29,2013-07-30,2013-08-28,25.868478223310397,8.218217017375355,9.877771121355668,1.4456655582614617,30,0.4102749824523926
Prophet,1,s4_i49,2013-07-29,2013-07-30,2013-08-28,26.44829430630941,8.371640538808716,9.94647536235824,1.472654271299151,30,0.03833484649658203
LightGBM,1,s4_i49,2013-07-29,2013-07-30,2013-08-28,25.5482210785006,8.084479587526289,9.753348907164554,1.4221398232054958,30,0.024120092391967773
Naive,1,s4_i32,2013-07-29,2013-07-30,2013-08-28,20.95352623135442,8.933333333333334,10.677078252031311,1.3169692566443878,30,0.0006301403045654297
SeasonalNaive,1,s4_i32,2013-07-29,2013-07-30,2013-08-28,25.585610191975793,11.8,13.849187701811251,1.7395787942243033,30,0.0004429817199707031
ETS,1,s4_i32,2013-07-29,2013-07-30,2013-08-28,31.232823116049403,14.462047776236325,15.593883019730873,2.132023019711818,30,0.029727935791015625
SARIMA,1,s4_i32,2013-07-29,2013-07-30,2013-08-28,31.212719755954854,14.452141636783802,15.586891260297017,2.1305626374978996,30,0.509390115737915
Prophet,1,s4_i32,2013-07-29,2013-07-30,2013-08-28,32.680813584890245,15.27816853134983,16.486074546310412,2.2523371179424774,30,0.03557300567626953
LightGBM,1,s4_i32,2013-07-29,2013-07-30,2013-08-28,30.046226334723276,14.071526034577975,15.527394918505191,2.074451550180258,30,0.02198195457458496
Naive,1,s4_i46,2013-07-29,2013-07-30,2013-08-28,19.436554873539137,10.9,13.290347374441849,1.456682027455098,30,0.0005707740783691406
SeasonalNaive,1,s4_i46,2013-07-29,2013-07-30,2013-08-28,16.41266703144154,10.2,12.704329970525798,1.3631336403708254,30,0.0004520416259765625
ETS,1,s4_i46,2013-07-29,2013-07-30,2013-08-28,23.17296588779036,14.706195092421046,16.673939444470452,1.9653440443466146,30,0.032763004302978516
SARIMA,1,s4_i46,2013-07-29,2013-07-30,2013-08-28,21.029930057236115,13.220904687410124,15.157544526735764,1.7668490132887327,30,0.45766401290893555
Prophet,1,s4_i46,2013-07-29,2013-07-30,2013-08-28,24.13803131557761,15.422521898739568,17.20821607004137,2.061074354855651,30,0.032544851303100586
LightGBM,1,s4_i46,2013-07-29,2013-07-30,2013-08-28,20.791547687086187,13.206523853319796,15.350012311265797,1.764927150668623,30,0.02082371711730957
Naive,1,s4_i10,2013-07-29,2013-07-30,2013-08-28,13.867151528482777,9.933333333333334,12.657013865837392,1.0507903420809568,30,0.0004799365997314453
SeasonalNaive,1,s4_i10,2013-07-29,2013-07-30,2013-08-28,21.337150032292975,17.2,20.625227271475094,1.8194893171603144,30,0.0004222393035888672
ETS,1,s4_i10,2013-07-29,2013-07-30,2013-08-28,25.434058230675298,20.183250636977515,22.200042165495713,2.135070286020331,30,0.023476123809814453
SARIMA,1,s4_i10,2013-07-29,2013-07-30,2013-08-28,23.025409976360663,18.07172417598901,20.284039649574755,1.9117040163302206,30,0.5412430763244629
Prophet,1,s4_i10,2013-07-29,2013-07-30,2013-08-28,26.336808578860328,20.901641071950234,22.81662421638383,2.2110646884612044,30,0.033185720443725586
LightGBM,1,s4_i10,2013-07-29,2013-07-30,2013-08-28,18.19533729263081,13.906762648531034,16.370142567574916,1.471116632284087,30,0.0200347900390625
Naive,1,s4_i15,2013-07-29,2013-07-30,2013-08-28,16.376040221968772,14.4,16.968598449292543,1.5632085559800368,30,0.0004642009735107422
SeasonalNaive,1,s4_i15,2013-07-29,2013-07-30,2013-08-28,10.596757666184567,9.466666666666667,11.1415139605591,1.027664884023913,30,0.0004107952117919922
ETS,1,s4_i15,2013-07-29,2013-07-30,2013-08-28,14.449372121556864,13.334171239364402,15.83677057769798,1.4475062894637059,30,0.031604766845703125
SARIMA,1,s4_i15,2013-07-29,2013-07-30,2013-08-28,13.744098638684415,12.658104481323743,14.979917593499188,1.374115085256564,30,0.46900296211242676
Prophet,1,s4_i15,2013-07-29,2013-07-30,2013-08-28,18.30744561940557,17.436654300095483,19.894747454985396,1.8928560548316222,30,0.03791689872741699
LightGBM,1,s4_i15,2013-07-29,2013-07-30,2013-08-28,16.619043024219852,15.764168412617448,17.951295421781552,1.7112974264245715,30,0.022621870040893555
Naive,2,s1_i5,2013-08-28,2013-08-29,2013-09-27,40.27819639710754,5.333333333333333,6.4031242374328485,1.4706114394367031,30,0.0009262561798095703
SeasonalNaive,2,s1_i5,2013-08-28,2013-08-29,2013-09-27,38.67153005694503,6.233333333333333,7.404953297174354,1.718777119841647,30,0.0004899501800537109
ETS,2,s1_i5,2013-08-28,2013-08-29,2013-09-27,29.91624091016483,4.553593467654755,5.585615030679935,1.2556062457644992,30,0.031042098999023438
SARIMA,2,s1_i5,2013-08-28,2013-08-29,2013-09-27,29.686353553716245,4.506540378654639,5.526828848374171,1.2426318437124235,30,0.7001550197601318
Prophet,2,s1_i5,2013-08-28,2013-08-29,2013-09-27,33.17167706083298,5.223586935019441,6.334681667648405,1.440350006537193,30,0.035891056060791016
LightGBM,2,s1_i5,2013-08-28,2013-08-29,2013-09-27,54.32782739731567,10.246479972866121,11.020287243133316,2.8253607491354997,30,0.021235942840576172
Naive,2,s1_i44,2013-08-28,2013-08-29,2013-09-27,22.0186163938766,5.3,6.988085097745543,1.0429898646596143,30,0.0005440711975097656
SeasonalNaive,2,s1_i44,2013-08-28,2013-08-29,2013-09-27,20.30843350788141,5.0,6.0332412515993425,0.9839527025090702,30,0.00044798851013183594
ETS,2,s1_i44,2013-08-28,2013-08-29,2013-09-27,18.10985185224682,4.3787747954830945,5.328883099992541,0.8617014587388384,30,0.03552818298339844
SARIMA,2,s1_i44,2013-08-28,2013-08-29,2013-09-27,18.904232494838553,4.54106422617867,5.138452673540093,0.8936384835231523,30,0.47634387016296387
Prophet,2,s1_i44,2013-08-28,2013-08-29,2013-09-27,25.70335985488907,6.522543169253006,7.849387902873977,1.2835747957237142,30,0.03668093681335449
LightGBM,2,s1_i44,2013-08-28,2013-08-29,2013-09-27,29.55613669480652,7.8020907959808765,9.156404995060663,1.5353776647853052,30,0.022179126739501953
Naive,2,s1_i32,2013-08-28,2013-08-29,2013-09-27,23.59961344808046,8.166666666666666,10.180045841416105,1.1659517972191582,30,0.0005743503570556641
SeasonalNaive,2,s1_i32,2013-08-28,2013-08-29,2013-09-27,19.260882626657946,6.5,8.553751613570894,0.9280024508479016,30,0.0004563331604003906
ETS,2,s1_i32,2013-08-28,2013-08-29,2013-09-27,18.55375312804723,6.207470050683941,8.20503834812189,0.8862380647076378,30,0.02879190444946289
SARIMA,2,s1_i32,2013-08-28,2013-08-29,2013-09-27,17.8664314041067,5.95124040122462,7.8500102659120925,0.8496562581417687,30,0.5326211452484131
Prophet,2,s1_i32,2013-08-28,2013-08-29,2013-09-27,32.16931569902132,12.094938899099587,13.679991350075749,1.726789683264621,30,0.03312993049621582
LightGBM,2,s1_i32,2013-08-28,2013-08-29,2013-09-27,25.3152321159619,9.026488767975218,10.660946078377169,1.2887082614203167,30,0.020451068878173828
Naive,2,s1_i31,2013-08-28,2013-08-29,2013-09-27,30.918195704467088,16.2,18.35211159512714,2.0514130432184894,30,0.0004680156707763672
SeasonalNaive,2,s1_i31,2013-08-28,2013-08-29,2013-09-27,15.930065397605736,7.766666666666667,10.537235564099976,0.9834963766870537,30,0.0004239082336425781
ETS,2,s1_i31,2013-08-28,2013-08-29,2013-09-27,16.15015442643104,7.619617659161926,9.375243376577995,0.9648754969347352,30,0.030498027801513672
SARIMA,2,s1_i31,2013-08-28,2013-08-29,2013-09-27,14.160941398014678,6.626635472084448,8.476394293781546,0.8391337308696513,30,0.5246667861938477
Prophet,2,s1_i31,2013-08-28,2013-08-29,2013-09-27,26.55402546880748,13.597478442226008,15.034098076646465,1.721854606868189,30,0.033403873443603516
LightGBM,2,s1_i31,2013-08-28,2013-08-29,2013-09-27,17.64608485903958,8.40098659510681,10.274913920348382,1.0638205850065308,30,0.020492076873779297
Naive,2,s1_i10,2013-08-28,2013-08-29,2013-09-27,25.552362278178858,15.966666666666667,18.323936985993665,1.785140754758827,30,0.00047278404235839844
SeasonalNaive,2,s1_i10,2013-08-28,2013-08-29,2013-09-27,19.116091891637673,11.466666666666667,14.158625168661915,1.282021752895692,30,0.0004200935363769531
ETS,2,s1_i10,2013-08-28,2013-08-29,2013-09-27,15.786604422734603,9.32693835500653,11.27454175396083,1.04279109235775,30,0.033525943756103516
SARIMA,2,s1_i10,2013-08-28,2013-08-29,2013-09-27,14.753480063753349,8.665581674878439,10.667073935460241,0.9688486228507363,30,0.5268170833587646
Prophet,2,s1_i10,2013-08-28,2013-08-29,2013-09-27,19.697291977872638,11.938321418584925,14.079646218287737,1.3347547457866074,30,0.035516977310180664
LightGBM,2,s1_i10,2013-08-28,2013-08-29,2013-09-27,15.086928147023787,8.835091574932674,11.03744361532058,0.9878005454554488,30,0.019626140594482422
Naive,2,s1_i28,2013-08-28,2013-08-29,2013-09-27,21.098091942158483,14.733333333333333,19.14331911311794,1.535271317669476,30,0.0004680156707763672
SeasonalNaive,2,s1_i28,2013-08-28,2013-08-29,2013-09-27,15.064071073205767,10.866666666666667,14.355022349918745,1.132349433394229,30,0.0004119873046875
ETS,2,s1_i28,2013-08-28,2013-08-29,2013-09-27,9.90859373805591,7.384686711727458,9.45614962594175,0.7695134184495532,30,0.03772687911987305
SARIMA,2,s1_i28,2013-08-28,2013-08-29,2013-09-27,8.523875676564273,6.40445551266075,8.929235076731503,0.6673694697202405,30,0.5216729640960693
Prophet,2,s1_i28,2013-08-28,2013-08-29,2013-09-27,14.325828802071475,10.739098115336203,12.444894252199463,1.1190562882882806,30,0.03733396530151367
LightGBM,2,s1_i28,2013-08-28,2013-08-29,2013-09-27,8.91220537789712,6.713733865866743,9.292833359785643,0.6995974913166123,30,0.0214383602142334
Naive,2,s2_i5,2013-08-28,2013-08-29,2013-09-27,38.254242799642604,7.166666666666667,8.844960900610772,1.4432440216050626,30,0.0005340576171875
SeasonalNaive,2,s2_i5,2013-08-28,2013-08-29,2013-09-27,26.189903028223092,4.766666666666667,5.980523945831725,0.9599250934396463,30,0.00043392181396484375
ETS,2,s2_i5,2013-08-28,2013-08-29,2013-09-27,25.93125386686174,4.950841479937484,6.137953145478032,0.9970147490001118,30,0.058689117431640625
SARIMA,2,s2_i5,2013-08-28,2013-08-29,2013-09-27,20.109542613914435,3.938049644626902,5.224520056392612,0.7930558055430303,30,0.4921889305114746
Prophet,2,s2_i5,2013-08-28,2013-08-29,2013-09-27,31.872519331337617,6.886018243350886,7.84326818327005,1.3867262319599387,30,0.03578591346740723
LightGBM,2,s2_i5,2013-08-28,2013-08-29,2013-09-27,40.23721799811591,9.33167923763137,10.557748555145189,1.8792405029647763,30,0.020380020141601562
Naive,2,s2_i40,2013-08-28,2013-08-29,2013-09-27,15.510646337627279,5.066666666666666,6.207522318391883,0.8480842910457828,30,0.0004649162292480469
SeasonalNaive,2,s2_i40,2013-08-28,2013-08-29,2013-09-27,14.527953569298848,4.733333333333333,6.408327915038889,0.792289271898034,30,0.00040912628173828125
ETS,2,s2_i40,2013-08-28,2013-08-29,2013-09-27,13.04538601403431,4.2820351585819445,5.683087363627249,0.7167487009932404,30,0.02621006965637207
SARIMA,2,s2_i40,2013-08-28,2013-08-29,2013-09-27,11.712987088436291,3.818732317198957,5.1291777953905955,0.6391987282747297,30,0.4862687587738037
Prophet,2,s2_i40,2013-08-28,2013-08-29,2013-09-27,24.783076702803182,8.862820707066996,10.038855887838588,1.4835037531616047,30,0.03147292137145996
LightGBM,2,s2_i40,2013-08-28,2013-08-29,2013-09-27,23.44796259339896,8.308235355433759,9.722633868186675,1.3906744522212922,30,0.020344018936157227
Naive,2,s2_i32,2013-08-28,2013-08-29,2013-09-27,14.114798771586184,6.6,8.262364471909155,0.8223529410740062,30,0.0005156993865966797
SeasonalNaive,2,s2_i32,2013-08-28,2013-08-29,2013-09-27,16.847457340118734,8.433333333333334,10.756393447619885,1.0507843135945636,30,0.00045800209045410156
ETS,2,s2_i32,2013-08-28,2013-08-29,2013-09-27,17.653546311101948,8.642233126040923,10.335518481953752,1.0768130043404478,30,0.029356002807617188
SARIMA,2,s2_i32,2013-08-28,2013-08-29,2013-09-27,17.344384591918054,8.468555050068106,10.142044287458615,1.0551729018288842,30,0.566288948059082
Prophet,2,s2_i32,2013-08-28,2013-08-29,2013-09-27,23.325805358688495,11.934848397321932,13.46922455744493,1.487069345577285,30,0.03359508514404297
LightGBM,2,s2_i32,2013-08-28,2013-08-29,2013-09-27,19.35316341944933,9.65135541622474,11.362531122646395,1.2025485624065084,30,0.019723176956176758
Naive,2,s2_i6,2013-08-28,2013-08-29,2013-09-27,22.621838010028203,15.433333333333334,18.474306482247176,1.6874550287533974,30,0.0004677772521972656
SeasonalNaive,2,s2_i6,2013-08-28,2013-08-29,2013-09-27,16.21162724843056,10.866666666666667,12.834848395416804,1.1881432815844655,30,0.0004088878631591797
ETS,2,s2_i6,2013-08-28,2013-08-29,2013-09-27,15.594020651437459,10.308495976570661,12.275558195354789,1.1271138255646864,30,0.04148292541503906
SARIMA,2,s2_i6,2013-08-28,2013-08-29,2013-09-27,11.734715565156613,7.567506342396053,9.486282554227492,0.8274185723066597,30,0.5243899822235107
Prophet,2,s2_i6,2013-08-28,2013-08-29,2013-09-27,20.450216370760792,13.954514672105843,15.438951479871216,1.5257634529540867,30,0.03841805458068848
LightGBM,2,s2_i6,2013-08-28,2013-08-29,2013-09-27,14.329482689380427,9.220162006401079,11.22101341149232,1.008117197210962,30,0.020383119583129883
Naive,2,s2_i10,2013-08-28,2013-08-29,2013-09-27,10.841431938614923,9.0,11.73314393786536,0.8308240886713225,30,0.0004868507385253906
SeasonalNaive,2,s2_i10,2013-08-28,2013-08-29,2013-09-27,15.574551452694326,12.9,16.063415992040216,1.1908478604288957,30,0.0004138946533203125
ETS,2,s2_i10,2013-08-28,2013-08-29,2013-09-27,10.168371310293036,8.416468320569697,10.37882031885078,0.7769560691409305,30,0.02942204475402832
SARIMA,2,s2_i10,2013-08-28,2013-08-29,2013-09-27,9.653973834349319,7.7670971032469724,10.175225846632674,0.7170101524918705,30,0.5191960334777832
Prophet,2,s2_i10,2013-08-28,2013-08-29,2013-09-27,16.589368771253316,14.891009455604705,17.3662858481636,1.3746454844832028,30,0.03473210334777832
LightGBM,2,s2_i10,2013-08-28,2013-08-29,2013-09-27,9.408930945498216,7.496960894186989,10.035051089043412,0.6920728558574942,30,0.022373676300048828
Naive,2,s2_i15,2013-08-28,2013-08-29,2013-09-27,20.324526176745337,19.7,25.041964779146223,1.6746078072272224,30,0.0006310939788818359
SeasonalNaive,2,s2_i15,2013-08-28,2013-08-29,2013-09-27,16.98814632495892,17.566666666666666,21.833460559425756,1.49326279933798,30,0.0004780292510986328
ETS,2,s2_i15,2013-08-28,2013-08-29,2013-09-27,13.905960725317792,14.212969457081345,16.200597121411242,1.2081801835893642,30,0.04413199424743652
SARIMA,2,s2_i15,2013-08-28,2013-08-29,2013-09-27,10.713041335656955,10.900843729903563,13.117644468539865,0.9266313713431686,30,0.5666780471801758
Prophet,2,s2_i15,2013-08-28,2013-08-29,2013-09-27,17.6176589957174,18.475477839971624,20.826327466513273,1.570516722490864,30,0.03451108932495117
LightGBM,2,s2_i15,2013-08-28,2013-08-29,2013-09-27,10.934986747501393,10.880262606256212,12.868716857355993,0.9248818632040131,30,0.020004987716674805
Naive,2,s3_i5,2013-08-28,2013-08-29,2013-09-27,17.336897069298313,3.3666666666666667,4.151305015694864,0.7092525616347897,30,0.00047087669372558594
SeasonalNaive,2,s3_i5,2013-08-28,2013-08-29,2013-09-27,22.78983360311842,4.966666666666667,6.353476738500477,1.046323085976076,30,0.0004138946533203125
ETS,2,s3_i5,2013-08-28,2013-08-29,2013-09-27,19.48341036958226,3.8766703318079103,4.63499924325697,0.8166945634005002,30,0.03113079071044922
SARIMA,2,s3_i5,2013-08-28,2013-08-29,2013-09-27,19.38163035800594,3.853798228270869,4.614351385446932,0.8118761184429885,30,0.5589189529418945
Prophet,2,s3_i5,2013-08-28,2013-08-29,2013-09-27,24.518561362672937,5.0587063520863635,5.887377700791159,1.065713001616466,30,0.03574395179748535
LightGBM,2,s3_i5,2013-08-28,2013-08-29,2013-09-27,35.82516233913562,8.082075606702777,8.912063610491208,1.7026434140732647,30,0.020386695861816406
Naive,2,s3_i49,2013-08-28,2013-08-29,2013-09-27,19.457380684112813,5.6,7.4565407529228995,0.8489264800274561,30,0.0004899501800537109
SeasonalNaive,2,s3_i49,2013-08-28,2013-08-29,2013-09-27,27.275501411809806,8.233333333333333,9.68676072448026,1.2481240509927478,30,0.00044798851013183594
ETS,2,s3_i49,2013-08-28,2013-08-29,2013-09-27,21.062119688745355,6.213912553063483,7.30692996853041,0.941991948369751,30,0.03819012641906738
SARIMA,2,s3_i49,2013-08-28,2013-08-29,2013-09-27,19.598040835374697,5.741404352088841,6.908278263268879,0.8703625333987673,30,0.6308908462524414
Prophet,2,s3_i49,2013-08-28,2013-08-29,2013-09-27,30.877683518430647,9.751222154042551,10.553407596530088,1.4782269105709092,30,0.034256935119628906
LightGBM,2,s3_i49,2013-08-28,2013-08-29,2013-09-27,30.179181133701054,9.468028991911911,10.433221213680804,1.4352965223038718,30,0.020620107650756836
Naive,2,s3_i32,2013-08-28,2013-08-29,2013-09-27,21.86853569470918,10.133333333333333,13.102162671355696,1.5213058416960068,30,0.00047278404235839844
SeasonalNaive,2,s3_i32,2013-08-28,2013-08-29,2013-09-27,16.016029970843917,7.633333333333334,9.734817238483046,1.1459836768039,30,0.00041222572326660156
ETS,2,s3_i32,2013-08-28,2013-08-29,2013-09-27,13.757148259945943,6.4951091387636914,7.879998759487316,0.9751033692685187,30,0.03305196762084961
SARIMA,2,s3_i32,2013-08-28,2013-08-29,2013-09-27,14.178367854944337,6.740288277654544,8.358687732995051,1.0119118353464778,30,0.44199204444885254
Prophet,2,s3_i32,2013-08-28,2013-08-29,2013-09-27,16.328901087882645,7.5918684879804115,8.513730436827146,1.1397586065939898,30,0.03311586380004883
LightGBM,2,s3_i32,2013-08-28,2013-08-29,2013-09-27,15.243281682905266,7.085771371340582,8.267355431412904,1.063778820408824,30,0.020054101943969727
Naive,2,s3_i14,2013-08-28,2013-08-29,2013-09-27,21.863569341963007,13.0,16.045767874011723,1.5573264779625415,30,0.0005156993865966797
SeasonalNaive,2,s3_i14,2013-08-28,2013-08-29,2013-09-27,13.56954839266904,8.233333333333333,10.051533879629185,0.9863067693762761,30,0.0004820823669433594
ETS,2,s3_i14,2013-08-28,2013-08-29,2013-09-27,14.323227525205557,8.467444305669538,10.250152874122636,1.0143519398378706,30,0.03167581558227539
SARIMA,2,s3_i14,2013-08-28,2013-08-29,2013-09-27,13.453557693931842,7.961913625477803,9.786665776081305,0.9537922234005628,30,0.5049631595611572
Prophet,2,s3_i14,2013-08-28,2013-08-29,2013-09-27,19.927683854643014,12.122473692618732,13.933291330174319,1.4522037892245765,30,0.03573012351989746
LightGBM,2,s3_i14,2013-08-28,2013-08-29,2013-09-27,14.888317904464552,8.754154908996192,10.560565422610951,1.0486982486127332,30,0.020574092864990234
Naive,2,s3_i10,2013-08-28,2013-08-29,2013-09-27,23.01955816427464,15.433333333333334,17.80168531347524,1.6655704799808193,30,0.000476837158203125
SeasonalNaive,2,s3_i10,2013-08-28,2013-08-29,2013-09-27,18.265015611415976,13.066666666666666,16.931233465600393,1.4101590240874322,30,0.00041484832763671875
ETS,2,s3_i10,2013-08-28,2013-08-29,2013-09-27,14.236737768781243,10.000500589383071,12.203730058426173,1.0792573585339456,30,0.04176592826843262
SARIMA,2,s3_i10,2013-08-28,2013-08-29,2013-09-27,12.290475722663304,8.400253766859146,10.526614908306945,0.9065581878031279,30,0.4988279342651367
Prophet,2,s3_i10,2013-08-28,2013-08-29,2013-09-27,19.626692601619748,14.699762607464306,17.6243736700676,1.5864032826167445,30,0.03631591796875
LightGBM,2,s3_i10,2013-08-28,2013-08-29,2013-09-27,12.402328698065444,8.48576428837436,11.22113058012835,0.9157865118007632,30,0.020570039749145508
Naive,2,s3_i28,2013-08-28,2013-08-29,2013-09-27,16.67061899490398,14.566666666666666,19.23451758341411,1.304394055737667,30,0.0005278587341308594
SeasonalNaive,2,s3_i28,2013-08-28,2013-08-29,2013-09-27,12.159464938519703,11.166666666666666,14.591093173576818,0.9999359466181199,30,0.0004229545593261719
ETS,2,s3_i28,2013-08-28,2013-08-29,2013-09-27,8.475754366917695,7.413081858141328,9.400253946480357,0.6638155544935666,30,0.04020190238952637
SARIMA,2,s3_i28,2013-08-28,2013-08-29,2013-09-27,8.981682628372726,7.728457056979875,9.288821319529497,0.6920563005822681,30,0.5455429553985596
Prophet,2,s3_i28,2013-08-28,2013-08-29,2013-09-27,16.93695545637904,15.461547003538678,17.477501904163805,1.3845274602236421,30,0.04013490676879883
LightGBM,2,s3_i28,2013-08-28,2013-08-29,2013-09-27,9.812522843461945,8.537648998701423,10.258221469140567,0.7645166089620673,30,0.021100759506225586
Naive,2,s4_i5,2013-08-28,2013-08-29,2013-09-27,20.00248277830834,3.5,4.385582439463809,0.8138722552997681,30,0.0004949569702148438
SeasonalNaive,2,s4_i5,2013-08-28,2013-08-29,2013-09-27,25.30827131520844,4.733333333333333,5.802298395176403,1.1006653357387342,30,0.0004189014434814453
ETS,2,s4_i5,2013-08-28,2013-08-29,2013-09-27,21.716268834062646,3.8697091907078165,4.590660806593846,0.8998425561130318,30,0.029070138931274414
SARIMA,2,s4_i5,2013-08-28,2013-08-29,2013-09-27,19.355704091453784,3.3821822224523044,4.279205016179196,0.7864755066348683,30,0.5178418159484863
Prophet,2,s4_i5,2013-08-28,2013-08-29,2013-09-27,28.06803459435116,5.347873887683521,6.296634844523,1.2435674805793504,30,0.03510904312133789
LightGBM,2,s4_i5,2013-08-28,2013-08-29,2013-09-27,41.161541998959166,8.713187116471087,9.493213046732695,2.0261203569517736,30,0.020351171493530273
Naive,2,s4_i49,2013-08-28,2013-08-29,2013-09-27,20.82434104291987,5.4,6.408327915038889,0.9244673032950765,30,0.0004780292510986328
SeasonalNaive,2,s4_i49,2013-08-28,2013-08-29,2013-09-27,22.652024188531108,6.066666666666666,7.215723571941117,1.0385990691339748,30,0.0004138946533203125
ETS,2,s4_i49,2013-08-28,2013-08-29,2013-09-27,16.719250949313956,4.520448234363711,5.90739009134979,0.7738901090568906,30,0.03661990165710449
SARIMA,2,s4_i49,2013-08-28,2013-08-29,2013-09-27,15.691789868682124,4.200183217627919,5.486935007178618,0.7190614912121703,30,0.5406379699707031
Prophet,2,s4_i49,2013-08-28,2013-08-29,2013-09-27,29.659431310721434,8.95463923207963,10.264640237767203,1.5330131820112871,30,0.03383493423461914
LightGBM,2,s4_i49,2013-08-28,2013-08-29,2013-09-27,31.071643629655505,9.457272894781688,10.685728735409258,1.6190628832526757,30,0.0201570987701416
Naive,2,s4_i32,2013-08-28,2013-08-29,2013-09-27,16.85434952818375,6.966666666666667,8.74642784226795,0.9749149147784854,30,0.00047898292541503906
SeasonalNaive,2,s4_i32,2013-08-28,2013-08-29,2013-09-27,17.3410292039261,7.166666666666667,8.352644291879468,1.002902902762557,30,0.0004100799560546875
ETS,2,s4_i32,2013-08-28,2013-08-29,2013-09-27,15.333523054059123,6.280358977867037,7.286997786988613,0.8788730580409863,30,0.035161733627319336
SARIMA,2,s4_i32,2013-08-28,2013-08-29,2013-09-27,14.719359740664972,6.02262176938643,7.231680740665953,0.8428053285709697,30,0.49921512603759766
Prophet,2,s4_i32,2013-08-28,2013-08-29,2013-09-27,22.909556051925524,9.765331116977473,11.280064371650328,1.3665598498122178,30,0.034208059310913086
LightGBM,2,s4_i32,2013-08-28,2013-08-29,2013-09-27,19.105174146095013,7.960536293858533,9.337399493803856,1.1139969706963826,30,0.020577192306518555
Naive,2,s4_i46,2013-08-28,2013-08-29,2013-09-27,24.940933899385563,12.7,14.043978543608407,1.6285635661092706,30,0.0004830360412597656
SeasonalNaive,2,s4_i46,2013-08-28,2013-08-29,2013-09-27,16.44785593134278,8.966666666666667,10.543560435956474,1.1498257199039208,30,0.0004169940948486328
ETS,2,s4_i46,2013-08-28,2013-08-29,2013-09-27,11.059277388886972,5.716887036254227,7.217817303884341,0.7330955857327593,30,0.03126978874206543
SARIMA,2,s4_i46,2013-08-28,2013-08-29,2013-09-27,10.925282322327865,5.661478859887066,7.17123387062946,0.7259904095677109,30,0.5162050724029541
Prophet,2,s4_i46,2013-08-28,2013-08-29,2013-09-27,20.912879375706236,11.809116606268498,13.321298957451615,1.5143226025909318,30,0.03876090049743652
LightGBM,2,s4_i46,2013-08-28,2013-08-29,2013-09-27,13.984506166161328,7.271787388906353,9.22707159214402,0.9324856694539962,30,0.02168869972229004
Naive,2,s4_i10,2013-08-28,2013-08-29,2013-09-27,14.242249445780079,9.666666666666666,11.778511507543444,0.981836675285338,30,0.0005090236663818359
SeasonalNaive,2,s4_i10,2013-08-28,2013-08-29,2013-09-27,18.946883725473715,13.833333333333334,15.585249436566615,1.4050421387703975,30,0.00043702125549316406
ETS,2,s4_i10,2013-08-28,2013-08-29,2013-09-27,14.421097136070376,10.08743939270529,11.194999920091178,1.0245742712561494,30,0.0384671688079834
SARIMA,2,s4_i10,2013-08-28,2013-08-29,2013-09-27,12.352645402507173,8.600080632081994,9.779128379841147,0.8735042663781944,30,0.5636661052703857
Prophet,2,s4_i10,2013-08-28,2013-08-29,2013-09-27,20.360151893284936,14.927845972726677,16.35536144804144,1.5162110336931294,30,0.04112100601196289
LightGBM,2,s4_i10,2013-08-28,2013-08-29,2013-09-27,13.289425053445884,9.018217526632684,10.431726891025694,0.9159741427602413,30,0.020155906677246094
Naive,2,s4_i15,2013-08-28,2013-08-29,2013-09-27,11.687054333938281,9.633333333333333,11.89817913239949,1.0310365945918396,30,0.0004699230194091797
SeasonalNaive,2,s4_i15,2013-08-28,2013-08-29,2013-09-27,11.984012525625845,10.233333333333333,12.273277204289542,1.0952534067117468,30,0.000408172607421875
ETS,2,s4_i15,2013-08-28,2013-08-29,2013-09-27,12.592361500027799,10.591370538646723,12.512959736797958,1.1335734199543244,30,0.0409998893737793
SARIMA,2,s4_i15,2013-08-28,2013-08-29,2013-09-27,10.601657803978764,8.82319386910419,10.604766120715569,0.9443289716496314,30,0.5076401233673096
Prophet,2,s4_i15,2013-08-28,2013-08-29,2013-09-27,16.579255070531353,14.444695105099463,16.273030984302405,1.545987119489187,30,0.039131879806518555
LightGBM,2,s4_i15,2013-08-28,2013-08-29,2013-09-27,7.747063302345842,6.380487871487386,7.95672235540452,0.6828909847944177,30,0.02350592613220215
Naive,3,s1_i5,2013-09-27,2013-09-28,2013-10-27,30.42845825035881,4.366666666666666,5.186520991955976,1.153045515090444,30,0.0009098052978515625
SeasonalNaive,3,s1_i5,2013-09-27,2013-09-28,2013-10-27,36.06861715551109,5.1,6.410928169929843,1.3466867466323507,30,0.00046324729919433594
ETS,3,s1_i5,2013-09-27,2013-09-28,2013-10-27,27.318972106329337,3.8166133721950812,4.416100828410745,1.007800518697043,30,0.024209022521972656
SARIMA,3,s1_i5,2013-09-27,2013-09-28,2013-10-27,27.27514661090849,3.80997607289227,4.4120799149111996,1.0060478985000767,30,0.6024870872497559
Prophet,3,s1_i5,2013-09-27,2013-09-28,2013-10-27,32.727229343824575,4.851238196674914,5.822651043450693,1.2809996439644573,30,0.0358281135559082
LightGBM,3,s1_i5,2013-09-27,2013-09-28,2013-10-27,29.768961981768204,4.250961215902923,4.997160661368739,1.1224927705695313,30,0.02175116539001465
Naive,3,s1_i44,2013-09-27,2013-09-28,2013-10-27,21.235951629607,4.7,5.62435181450568,0.9115781709146423,30,0.0005052089691162109
SeasonalNaive,3,s1_i44,2013-09-27,2013-09-28,2013-10-27,23.371730716593312,5.333333333333333,6.7379522111692065,1.0344149457187428,30,0.0004260540008544922
ETS,3,s1_i44,2013-09-27,2013-09-28,2013-10-27,20.497035629984204,4.631681794129713,5.343546389297363,0.8983276634364706,30,0.03709721565246582
SARIMA,3,s1_i44,2013-09-27,2013-09-28,2013-10-27,17.313012701807533,3.9371111119709443,4.615437180165975,0.7636137332208908,30,0.658911943435669
Prophet,3,s1_i44,2013-09-27,2013-09-28,2013-10-27,29.008750226971852,6.918123016419538,7.665676453982549,1.3417893458447256,30,0.036785125732421875
LightGBM,3,s1_i44,2013-09-27,2013-09-28,2013-10-27,20.87968289204813,4.692966750336264,5.394810584955222,0.9102140524329286,30,0.020853042602539062
Naive,3,s1_i32,2013-09-27,2013-09-28,2013-10-27,27.78827383762857,10.1,11.771434350437787,1.4428571426510204,30,0.0004858970642089844
SeasonalNaive,3,s1_i32,2013-09-27,2013-09-28,2013-10-27,27.419861366482806,9.0,10.667708282475669,1.2857142855306123,30,0.0004191398620605469
ETS,3,s1_i32,2013-09-27,2013-09-28,2013-10-27,15.00012567771295,5.091994584143123,6.2382554265710874,0.7274277976308136,30,0.029549121856689453
SARIMA,3,s1_i32,2013-09-27,2013-09-28,2013-10-27,15.499313470568046,5.241416486279407,6.199268954576195,0.7487737836472333,30,0.5435788631439209
Prophet,3,s1_i32,2013-09-27,2013-09-28,2013-10-27,18.42401242886858,6.330780117844561,7.687806618631366,0.9043971595628805,30,0.03598308563232422
LightGBM,3,s1_i32,2013-09-27,2013-09-28,2013-10-27,14.439062977492206,4.88664987287419,6.0722413817787375,0.6980928388822996,30,0.021320819854736328
Naive,3,s1_i31,2013-09-27,2013-09-28,2013-10-27,25.115261186393774,11.266666666666667,13.458578429140774,1.423214857329024,30,0.0004649162292480469
SeasonalNaive,3,s1_i31,2013-09-27,2013-09-28,2013-10-27,19.06888153689021,8.566666666666666,10.600314460744391,1.0821485749513584,30,0.0004220008850097656
ETS,3,s1_i31,2013-09-27,2013-09-28,2013-10-27,15.396539163548015,6.420820249631652,7.213685606723998,0.8110834416137414,30,0.03412127494812012
SARIMA,3,s1_i31,2013-09-27,2013-09-28,2013-10-27,16.92979136621739,7.168220695234491,8.599639695138674,0.9054956976986195,30,0.7258141040802002
Prophet,3,s1_i31,2013-09-27,2013-09-28,2013-10-27,19.995814455124812,8.711943944698408,10.780648681738038,1.1005001235188518,30,0.035474300384521484
LightGBM,3,s1_i31,2013-09-27,2013-09-28,2013-10-27,14.721368173519526,6.086221691618394,6.995155950143303,0.76881666892096,30,0.02368307113647461
Naive,3,s1_i10,2013-09-27,2013-09-28,2013-10-27,14.234878990937144,8.1,10.078028907810626,0.8763060467994781,30,0.00045371055603027344
SeasonalNaive,3,s1_i10,2013-09-27,2013-09-28,2013-10-27,16.440378059466692,9.633333333333333,11.98193084050591,1.0421911420783916,30,0.0004470348358154297
ETS,3,s1_i10,2013-09-27,2013-09-28,2013-10-27,9.74118576712124,5.452755765186761,7.334466406092437,0.5899114628091202,30,0.04171109199523926
SARIMA,3,s1_i10,2013-09-27,2013-09-28,2013-10-27,9.676950356487586,5.414649975681887,7.2620720037209985,0.5857889524682327,30,0.6015799045562744
Prophet,3,s1_i10,2013-09-27,2013-09-28,2013-10-27,9.683550782838164,5.49907820498883,7.230009033283464,0.5949228991178929,30,0.038822174072265625
LightGBM,3,s1_i10,2013-09-27,2013-09-28,2013-10-27,9.286895409101977,5.228343615169316,6.908286392492069,0.5656332252738662,30,0.02288198471069336
Naive,3,s1_i28,2013-09-27,2013-09-28,2013-10-27,23.850207533683466,16.266666666666666,19.55675501372011,1.7037568032199304,30,0.0004949569702148438
SeasonalNaive,3,s1_i28,2013-09-27,2013-09-28,2013-10-27,18.507954830533354,12.5,15.15585695366646,1.309239346736627,30,0.00043010711669921875
ETS,3,s1_i28,2013-09-27,2013-09-28,2013-10-27,13.37205636033654,8.583132857041813,10.373683739050184,0.898990020376568,30,0.0412900447845459
SARIMA,3,s1_i28,2013-09-27,2013-09-28,2013-10-27,16.066709531434977,10.507851227569569,12.36852340717507,1.1005833821431077,30,0.6496279239654541
Prophet,3,s1_i28,2013-09-27,2013-09-28,2013-10-27,19.14492951759364,12.729571066558508,14.665836212482699,1.3332844245934823,30,0.03463387489318848
LightGBM,3,s1_i28,2013-09-27,2013-09-28,2013-10-27,15.31673438743771,9.957959850721183,11.594838670468551,1.042988227983021,30,0.022628068923950195
Naive,3,s2_i5,2013-09-27,2013-09-28,2013-10-27,20.114015415075208,3.7666666666666666,4.600724580614087,0.7499116829190814,30,0.000492095947265625
SeasonalNaive,3,s2_i5,2013-09-27,2013-09-28,2013-10-27,34.61019441220168,6.966666666666667,8.491171886141512,1.3870047940715753,30,0.0004200935363769531
ETS,3,s2_i5,2013-09-27,2013-09-28,2013-10-27,18.202665556757395,3.3384017610877588,4.005062392567301,0.6646477388276141,30,0.031668901443481445
SARIMA,3,s2_i5,2013-09-27,2013-09-28,2013-10-27,18.751292488000168,3.5602466825088954,4.328798928141248,0.7088151985718555,30,0.47187376022338867
Prophet,3,s2_i5,2013-09-27,2013-09-28,2013-10-27,24.802854950004267,5.03854870411372,5.972580812840517,1.0031327092491176,30,0.03891396522521973
LightGBM,3,s2_i5,2013-09-27,2013-09-28,2013-10-27,19.061799432443348,3.6306507748075108,4.5692888822525,0.722832061759478,30,0.023386001586914062
Naive,3,s2_i40,2013-09-27,2013-09-28,2013-10-27,19.20378386443991,5.833333333333333,6.95940610492974,0.9784226188835085,30,0.0005340576171875
SeasonalNaive,3,s2_i40,2013-09-27,2013-09-28,2013-10-27,20.192736896643694,6.166666666666667,7.631076813486635,1.0343324828197091,30,0.00043082237243652344
ETS,3,s2_i40,2013-09-27,2013-09-28,2013-10-27,17.162537345201518,5.104928944059454,6.439750074787011,0.8562476479990071,30,0.03502535820007324
SARIMA,3,s2_i40,2013-09-27,2013-09-28,2013-10-27,18.392633192476534,5.655650606384555,6.904372265337091,0.9486199676209507,30,0.5370850563049316
Prophet,3,s2_i40,2013-09-27,2013-09-28,2013-10-27,22.16627726178636,6.971779267683796,8.242407276227597,1.1693736907482735,30,0.038951873779296875
LightGBM,3,s2_i40,2013-09-27,2013-09-28,2013-10-27,19.019028808251893,5.8629577980016965,7.1910195359703035,0.9833915182498815,30,0.0215301513671875
Naive,3,s2_i32,2013-09-27,2013-09-28,2013-10-27,19.79706353175545,9.4,11.781341180018513,1.1744418050789176,30,0.0005009174346923828
SeasonalNaive,3,s2_i32,2013-09-27,2013-09-28,2013-10-27,16.445188552079696,7.866666666666666,9.674709297958259,0.9828661914844842,30,0.0004279613494873047
ETS,3,s2_i32,2013-09-27,2013-09-28,2013-10-27,17.17734780103136,7.985978830392938,9.66481280192281,0.9977731269030538,30,0.042695045471191406
SARIMA,3,s2_i32,2013-09-27,2013-09-28,2013-10-27,10.448567991265195,5.029114322812349,6.458510440848671,0.6283406492799972,30,0.7039961814880371
Prophet,3,s2_i32,2013-09-27,2013-09-28,2013-10-27,10.98426717650381,5.220505992874965,6.3720447091283186,0.6522532427337638,30,0.03659701347351074
LightGBM,3,s2_i32,2013-09-27,2013-09-28,2013-10-27,12.345107655805016,5.99742770264849,7.78971812797711,0.7493223209498722,30,0.02095198631286621
Naive,3,s2_i6,2013-09-27,2013-09-28,2013-10-27,21.264339794785002,14.466666666666667,17.013719953809826,1.5696094607757947,30,0.0004830360412597656
SeasonalNaive,3,s2_i6,2013-09-27,2013-09-28,2013-10-27,17.218254652098548,10.933333333333334,12.691204303243513,1.1862486247337802,30,0.0004279613494873047
ETS,3,s2_i6,2013-09-27,2013-09-28,2013-10-27,16.271817293038207,9.738083610949898,12.1060845636862,1.0565660022285257,30,0.029300212860107422
SARIMA,3,s2_i6,2013-09-27,2013-09-28,2013-10-27,10.594870045240311,6.65633556746989,8.722977513428708,0.7222014249400339,30,0.5919880867004395
Prophet,3,s2_i6,2013-09-27,2013-09-28,2013-10-27,11.211660049531295,7.30754462449554,9.035251922310168,0.7928565330172466,30,0.03613400459289551
LightGBM,3,s2_i6,2013-09-27,2013-09-28,2013-10-27,9.174609981321606,5.880786955756563,7.926276601498506,0.6380556803614552,30,0.02189803123474121
Naive,3,s2_i10,2013-09-27,2013-09-28,2013-10-27,23.42941537240894,19.0,21.98635940759634,1.738086956362742,30,0.0004980564117431641
SeasonalNaive,3,s2_i10,2013-09-27,2013-09-28,2013-10-27,14.7430530013139,11.266666666666667,13.326664999166145,1.0306550723694856,30,0.0004150867462158203
ETS,3,s2_i10,2013-09-27,2013-09-28,2013-10-27,17.626471304696558,14.169431644156703,15.405210997109206,1.2961949641990655,30,0.03634214401245117
SARIMA,3,s2_i10,2013-09-27,2013-09-28,2013-10-27,16.056689995255052,12.80350649807935,14.152362460174555,1.171242507369333,30,0.5451216697692871
Prophet,3,s2_i10,2013-09-27,2013-09-28,2013-10-27,16.23508736078704,12.924910207061851,14.357480458475337,1.182348307529151,30,0.03496193885803223
LightGBM,3,s2_i10,2013-09-27,2013-09-28,2013-10-27,8.888680437490233,6.7249017805121785,8.187741676014316,0.6151823193436209,30,0.023440837860107422
Naive,3,s2_i15,2013-09-27,2013-09-28,2013-10-27,12.785139810086713,11.9,14.29102282320385,1.013175784957441,30,0.0004899501800537109
SeasonalNaive,3,s2_i15,2013-09-27,2013-09-28,2013-10-27,11.85501412345555,11.466666666666667,13.48579499572297,0.976281428642464,30,0.00041294097900390625
ETS,3,s2_i15,2013-09-27,2013-09-28,2013-10-27,11.463678778459006,11.010224977833566,13.168059798917199,0.9374196079390374,30,0.04453706741333008
SARIMA,3,s2_i15,2013-09-27,2013-09-28,2013-10-27,8.420394302285791,8.114632781099193,10.523988886267931,0.6908865073639963,30,0.6239440441131592
Prophet,3,s2_i15,2013-09-27,2013-09-28,2013-10-27,10.627404966123358,10.169200509589928,12.339333627567436,0.8658140931675111,30,0.03545379638671875
LightGBM,3,s2_i15,2013-09-27,2013-09-28,2013-10-27,9.236259214398132,8.371273394127147,9.731348725766871,0.712737100183875,30,0.021414995193481445
Naive,3,s3_i5,2013-09-27,2013-09-28,2013-10-27,21.223956923512294,3.566666666666667,4.159326868617084,0.7540460877291152,30,0.00048089027404785156
SeasonalNaive,3,s3_i5,2013-09-27,2013-09-28,2013-10-27,27.687710927814564,4.966666666666667,6.172519744804386,1.0500267950620388,30,0.00041103363037109375
ETS,3,s3_i5,2013-09-27,2013-09-28,2013-10-27,21.143700205306942,3.6238336496481933,4.392859495830726,0.7661320334855162,30,0.03765296936035156
SARIMA,3,s3_i5,2013-09-27,2013-09-28,2013-10-27,28.097459187780586,5.049703238259992,5.8953658725378775,1.06758195448682,30,0.649104118347168
Prophet,3,s3_i5,2013-09-27,2013-09-28,2013-10-27,35.78158457792226,6.808402626335016,7.727759553432548,1.4393970179642666,30,0.038060665130615234
LightGBM,3,s3_i5,2013-09-27,2013-09-28,2013-10-27,25.099279777644018,4.370959295112854,5.015343692847601,0.9240854456363715,30,0.021545886993408203
Naive,3,s3_i49,2013-09-27,2013-09-28,2013-10-27,41.7768575843969,13.966666666666667,15.287249589118376,2.1480896682856057,30,0.00051116943359375
SeasonalNaive,3,s3_i49,2013-09-27,2013-09-28,2013-10-27,28.54706099984109,8.766666666666667,11.101051001294127,1.3483235865372656,30,0.0004260540008544922
ETS,3,s3_i49,2013-09-27,2013-09-28,2013-10-27,20.035531629505858,5.626531963744397,6.470090768216894,0.8653671966299327,30,0.0387110710144043
SARIMA,3,s3_i49,2013-09-27,2013-09-28,2013-10-27,19.302187169117555,5.40535303404512,6.174572701611468,0.8313496185586091,30,0.5667493343353271
Prophet,3,s3_i49,2013-09-27,2013-09-28,2013-10-27,24.669620212760993,7.223857868413015,8.442758352614508,1.111037788947614,30,0.03974413871765137
LightGBM,3,s3_i49,2013-09-27,2013-09-28,2013-10-27,20.72880301424163,5.884828865925901,6.875388784097717,0.905093562280978,30,0.022558927536010742
Naive,3,s3_i32,2013-09-27,2013-09-28,2013-10-27,19.832558357730758,8.333333333333334,10.01332445627658,1.2509512935717275,30,0.0005431175231933594
SeasonalNaive,3,s3_i32,2013-09-27,2013-09-28,2013-10-27,23.329407497288493,10.833333333333334,12.890565025113006,1.6262366816432456,30,0.0004260540008544922
ETS,3,s3_i32,2013-09-27,2013-09-28,2013-10-27,16.8652195986368,7.080198349885856,8.863073956141958,1.0628379941440944,30,0.03751397132873535
SARIMA,3,s3_i32,2013-09-27,2013-09-28,2013-10-27,16.274444724200244,6.819644479440254,8.254615029949223,1.0237251699906091,30,0.5422191619873047
Prophet,3,s3_i32,2013-09-27,2013-09-28,2013-10-27,18.452797379266165,7.86706086890204,9.630549714206323,1.180957196467263,30,0.03745698928833008
LightGBM,3,s3_i32,2013-09-27,2013-09-28,2013-10-27,16.237781814650237,6.80034280834545,8.047493741291307,1.020827715939712,30,0.022634029388427734
Naive,3,s3_i14,2013-09-27,2013-09-28,2013-10-27,38.78893173477094,25.3,27.065968792316795,2.971817775443686,30,0.0004901885986328125
SeasonalNaive,3,s3_i14,2013-09-27,2013-09-28,2013-10-27,16.16129173833886,9.233333333333333,11.984712484383316,1.084576447691569,30,0.0004100799560546875
ETS,3,s3_i14,2013-09-27,2013-09-28,2013-10-27,13.438955293222405,7.431230244093954,9.596807559691793,0.8728957364748273,30,0.032063961029052734
SARIMA,3,s3_i14,2013-09-27,2013-09-28,2013-10-27,11.335724049090164,6.204870397158785,8.404588330498633,0.7288436419209802,30,0.5588409900665283
Prophet,3,s3_i14,2013-09-27,2013-09-28,2013-10-27,17.18039322639581,9.741751037312651,11.33019867378044,1.1442967943333084,30,0.036975860595703125
LightGBM,3,s3_i14,2013-09-27,2013-09-28,2013-10-27,10.962439480769277,5.8932901242595,8.14029181681466,0.6922444405976723,30,0.020338058471679688
Naive,3,s3_i10,2013-09-27,2013-09-28,2013-10-27,11.620814206992149,7.833333333333333,10.600314460744391,0.8267121454451208,30,0.0004930496215820312
SeasonalNaive,3,s3_i10,2013-09-27,2013-09-28,2013-10-27,12.553375159052719,8.6,10.155458302476227,0.9076243979780476,30,0.000431060791015625
ETS,3,s3_i10,2013-09-27,2013-09-28,2013-10-27,12.050835078846418,8.38621361591246,10.19232468398111,0.8850618702857967,30,0.03994178771972656
SARIMA,3,s3_i10,2013-09-27,2013-09-28,2013-10-27,10.595357124759317,7.283521242385214,8.798560559265734,0.7686862305558373,30,0.5896580219268799
Prophet,3,s3_i10,2013-09-27,2013-09-28,2013-10-27,10.93666396100521,7.510582887725815,9.081819604773445,0.7926497990623685,30,0.035474300384521484
LightGBM,3,s3_i10,2013-09-27,2013-09-28,2013-10-27,9.21857989408415,6.250775768092818,7.979968226648787,0.6596926271408153,30,0.02090287208557129
Naive,3,s3_i28,2013-09-27,2013-09-28,2013-10-27,17.910885172388944,14.333333333333334,17.062629730886542,1.3143886563183342,30,0.0004868507385253906
SeasonalNaive,3,s3_i28,2013-09-27,2013-09-28,2013-10-27,13.284201057624287,10.766666666666667,13.39527279801846,0.9873198511414465,30,0.0004248619079589844
ETS,3,s3_i28,2013-09-27,2013-09-28,2013-10-27,11.516698767164785,9.144487537492658,11.049603518352368,0.8385635363110275,30,0.03238034248352051
SARIMA,3,s3_i28,2013-09-27,2013-09-28,2013-10-27,10.8503186579976,8.531123950745291,10.299675940241725,0.782317154407344,30,0.620872974395752
Prophet,3,s3_i28,2013-09-27,2013-09-28,2013-10-27,13.50734175682815,10.70246962893901,13.575290127296496,0.9814328842931809,30,0.042209625244140625
LightGBM,3,s3_i28,2013-09-27,2013-09-28,2013-10-27,10.277370553977931,7.916229957709044,9.376705732084575,0.7259304318990791,30,0.02284407615661621
Naive,3,s4_i5,2013-09-27,2013-09-28,2013-10-27,32.255144922001094,5.233333333333333,6.279596590015423,1.1844807799958246,30,0.0004937648773193359
SeasonalNaive,3,s4_i5,2013-09-27,2013-09-28,2013-10-27,31.311788049612932,4.833333333333333,5.52871293039046,1.093947217193596,30,0.00042438507080078125
ETS,3,s4_i5,2013-09-27,2013-09-28,2013-10-27,24.32354533192552,3.7247732213871787,4.462821102824366,0.843042475906289,30,0.04117107391357422
SARIMA,3,s4_i5,2013-09-27,2013-09-28,2013-10-27,26.244631222682933,4.077894580345103,4.890385454455738,0.922965812726353,30,0.5792031288146973
Prophet,3,s4_i5,2013-09-27,2013-09-28,2013-10-27,37.84535303927052,6.524271518624995,7.607607402394684,1.476663863175569,30,0.03397822380065918
LightGBM,3,s4_i5,2013-09-27,2013-09-28,2013-10-27,29.077627447029464,4.616819289463801,5.572225989257939,1.044942747723029,30,0.021929025650024414
Naive,3,s4_i49,2013-09-27,2013-09-28,2013-10-27,26.88311223665113,6.233333333333333,7.569676347110224,1.0562929551474625,30,0.0004909038543701172
SeasonalNaive,3,s4_i49,2013-09-27,2013-09-28,2013-10-27,23.305231699071918,5.9,7.04035983928852,0.9998067008615019,30,0.0004277229309082031
ETS,3,s4_i49,2013-09-27,2013-09-28,2013-10-27,17.253394852139394,4.1901575008722265,5.107069287850735,0.7100589062774807,30,0.036216020584106445
SARIMA,3,s4_i49,2013-09-27,2013-09-28,2013-10-27,18.17346612135756,4.522375263578151,5.543043442168779,0.7663561173450399,30,0.5851278305053711
Prophet,3,s4_i49,2013-09-27,2013-09-28,2013-10-27,26.706876427137573,7.136006498804702,8.273048448534617,1.2092588330332483,30,0.04164886474609375
LightGBM,3,s4_i49,2013-09-27,2013-09-28,2013-10-27,17.95929049184795,4.487999122454321,5.607482779966374,0.7605307789983677,30,0.0209958553314209
Naive,3,s4_i32,2013-09-27,2013-09-28,2013-10-27,19.182220746488092,7.5,8.83742043811428,1.0338050313040406,30,0.0005209445953369141
SeasonalNaive,3,s4_i32,2013-09-27,2013-09-28,2013-10-27,20.292240269120278,8.5,10.048217088949993,1.1716457021445792,30,0.0004329681396484375
ETS,3,s4_i32,2013-09-27,2013-09-28,2013-10-27,16.79485677434447,6.55833527653485,7.787845944195873,0.9040053341147337,30,0.025300025939941406
SARIMA,3,s4_i32,2013-09-27,2013-09-28,2013-10-27,16.129409783265487,6.293166389402464,7.476608572702561,0.8674542768263667,30,0.5653140544891357
Prophet,3,s4_i32,2013-09-27,2013-09-28,2013-10-27,17.01530184617384,6.668942485189199,7.84466865935771,0.9192515059554488,30,0.0377659797668457
LightGBM,3,s4_i32,2013-09-27,2013-09-28,2013-10-27,14.205643042455456,5.55738939340975,7.102185199093364,0.7660342821096945,30,0.021420717239379883
Naive,3,s4_i46,2013-09-27,2013-09-28,2013-10-27,39.758967176381674,23.7,25.833440859991274,3.090282597514752,30,0.0006160736083984375
SeasonalNaive,3,s4_i46,2013-09-27,2013-09-28,2013-10-27,18.035316198339185,9.366666666666667,11.31812705353673,1.2213353163173635,30,0.0004317760467529297
ETS,3,s4_i46,2013-09-27,2013-09-28,2013-10-27,17.021236983354207,8.684252582633428,10.899559261156847,1.1323542037356382,30,0.036958932876586914
SARIMA,3,s4_i46,2013-09-27,2013-09-28,2013-10-27,15.690858517594371,7.86192587376641,9.852861972513493,1.0251296502384515,30,0.5886542797088623
Prophet,3,s4_i46,2013-09-27,2013-09-28,2013-10-27,17.32518253791388,8.832763459153162,10.569162342389536,1.1517187850542288,30,0.03553295135498047
LightGBM,3,s4_i46,2013-09-27,2013-09-28,2013-10-27,15.732178354296138,7.865116349462712,10.06195269669579,1.025545661695079,30,0.022127866744995117
Naive,3,s4_i10,2013-09-27,2013-09-28,2013-10-27,16.369668555900265,10.5,13.48455907077919,1.0902092379444432,30,0.00054931640625
SeasonalNaive,3,s4_i10,2013-09-27,2013-09-28,2013-10-27,14.261242890413465,9.333333333333334,11.351945501396079,0.9690748781728385,30,0.00042891502380371094
ETS,3,s4_i10,2013-09-27,2013-09-28,2013-10-27,14.183875969645426,9.144800233148784,11.625844274059908,0.9494995898414574,30,0.029182910919189453
SARIMA,3,s4_i10,2013-09-27,2013-09-28,2013-10-27,12.044497711726375,7.748232234148712,9.47488839747243,0.8044947008959846,30,0.6598749160766602
Prophet,3,s4_i10,2013-09-27,2013-09-28,2013-10-27,13.172523447974068,8.475446422302156,10.300114970611817,0.8800009509806659,30,0.03521370887756348
LightGBM,3,s4_i10,2013-09-27,2013-09-28,2013-10-27,10.753928127428445,6.781248724579922,8.891263906395201,0.7040933337462862,30,0.0211026668548584
Naive,3,s4_i15,2013-09-27,2013-09-28,2013-10-27,11.35239873690587,8.533333333333333,10.233930492891446,0.9060422553202977,30,0.0004987716674804688
SeasonalNaive,3,s4_i15,2013-09-27,2013-09-28,2013-10-27,10.154363832315092,8.1,10.107752800037536,0.8600322970423138,30,0.0004138946533203125
ETS,3,s4_i15,2013-09-27,2013-09-28,2013-10-27,7.412885467052345,5.5783480710664515,6.846685985524179,0.5922912969457828,30,0.04914212226867676
SARIMA,3,s4_i15,2013-09-27,2013-09-28,2013-10-27,9.318782051194145,7.188691411864625,8.764331007189753,0.7632724429227515,30,0.5709612369537354
Prophet,3,s4_i15,2013-09-27,2013-09-28,2013-10-27,12.212472145057223,9.565197640834423,11.211431952221023,1.015602333174142,30,0.0341639518737793
LightGBM,3,s4_i15,2013-09-27,2013-09-28,2013-10-27,9.958298037079446,7.738449703304292,9.373396613222688,0.8216440338122472,30,0.021625757217407227
Naive,4,s1_i5,2013-10-27,2013-10-28,2013-11-26,30.384397405429535,3.8666666666666667,4.932882862316247,0.9825961257982937,30,0.0007600784301757812
SeasonalNaive,4,s1_i5,2013-10-27,2013-10-28,2013-11-26,35.213807705078246,4.766666666666667,5.718391382198319,1.2113038447341034,30,0.0004570484161376953
ETS,4,s1_i5,2013-10-27,2013-10-28,2013-11-26,23.795739041742003,3.1029809758887614,3.8695192318994147,0.7885285565519239,30,0.030552148818969727
SARIMA,4,s1_i5,2013-10-27,2013-10-28,2013-11-26,23.77272069176971,3.101712753122307,3.877453070206982,0.7882062761785703,30,0.6130247116088867
Prophet,4,s1_i5,2013-10-27,2013-10-28,2013-11-26,27.294040750164843,3.716023367885009,4.493189131815915,0.9443146977568286,30,0.03692007064819336
LightGBM,4,s1_i5,2013-10-27,2013-10-28,2013-11-26,23.89469299494014,3.115992514699477,3.8158775054542775,0.7918350447310833,30,0.023112773895263672
Naive,4,s1_i44,2013-10-27,2013-10-28,2013-11-26,23.46976298012718,5.8,6.801960501698511,1.126923076704119,30,0.0004949569702148438
SeasonalNaive,4,s1_i44,2013-10-27,2013-10-28,2013-11-26,20.357122288038124,4.866666666666666,6.126445407684078,0.9455791333264446,30,0.0004220008850097656
ETS,4,s1_i44,2013-10-27,2013-10-28,2013-11-26,28.28455758248972,6.411222804509291,7.736285389205469,1.2456818841884862,30,0.03980612754821777
SARIMA,4,s1_i44,2013-10-27,2013-10-28,2013-11-26,24.243496538740505,5.618704497914637,6.867279918174015,1.0916978896346956,30,0.7099380493164062
Prophet,4,s1_i44,2013-10-27,2013-10-28,2013-11-26,17.634006276715663,4.340962083185281,5.489382091105734,0.8434362666619101,30,0.038378000259399414
LightGBM,4,s1_i44,2013-10-27,2013-10-28,2013-11-26,18.402903691223955,4.52626007010648,5.627210009667802,0.8794391248564476,30,0.021967172622680664
Naive,4,s1_i32,2013-10-27,2013-10-28,2013-11-26,29.526872124243773,10.166666666666666,12.305825178887165,1.4474408809082764,30,0.0005359649658203125
SeasonalNaive,4,s1_i32,2013-10-27,2013-10-28,2013-11-26,22.700059167418374,7.166666666666667,8.95358401237553,1.0203271783451786,30,0.00044989585876464844
ETS,4,s1_i32,2013-10-27,2013-10-28,2013-11-26,17.851120383647476,5.668508285857756,6.696785031030562,0.8070325206607687,30,0.040511131286621094
SARIMA,4,s1_i32,2013-10-27,2013-10-28,2013-11-26,17.901721342409413,5.733297705465689,6.713952565704135,0.8162566702926548,30,0.6139967441558838
Prophet,4,s1_i32,2013-10-27,2013-10-28,2013-11-26,18.080211655726846,5.760655482574717,6.868004719212867,0.8201516307842991,30,0.0395970344543457
LightGBM,4,s1_i32,2013-10-27,2013-10-28,2013-11-26,18.376290962192915,5.8760506747271455,6.8769238292103125,0.8365805867103671,30,0.02097797393798828
Naive,4,s1_i31,2013-10-27,2013-10-28,2013-11-26,19.724275500283227,9.133333333333333,10.887301471592183,1.1680779861739066,30,0.0005800724029541016
SeasonalNaive,4,s1_i31,2013-10-27,2013-10-28,2013-11-26,16.635188544551365,7.633333333333334,9.765585833254791,0.9762403607073891,30,0.0004837512969970703
ETS,4,s1_i31,2013-10-27,2013-10-28,2013-11-26,17.304266675647522,7.924284585996469,9.543620730713151,1.0134506256656588,30,0.0317080020904541
SARIMA,4,s1_i31,2013-10-27,2013-10-28,2013-11-26,20.110556674159533,9.094431048396357,10.909425205324283,1.163102704862219,30,0.7937231063842773
Prophet,4,s1_i31,2013-10-27,2013-10-28,2013-11-26,17.346893020096097,7.920346224411975,9.720234565181967,1.0129469417092603,30,0.04051566123962402
LightGBM,4,s1_i31,2013-10-27,2013-10-28,2013-11-26,19.181290336831864,8.760818149661368,10.220374248049001,1.1204363673166708,30,0.02053213119506836
Naive,4,s1_i10,2013-10-27,2013-10-28,2013-11-26,28.329024683488353,18.1,20.640574927393214,1.9707543661919618,30,0.0004992485046386719
SeasonalNaive,4,s1_i10,2013-10-27,2013-10-28,2013-11-26,10.946665481809092,6.333333333333333,8.020806277010642,0.6895825590726937,30,0.0004189014434814453
ETS,4,s1_i10,2013-10-27,2013-10-28,2013-11-26,11.377339326939543,6.4345354000797,7.652329410716755,0.7006015875206525,30,0.04809212684631348
SARIMA,4,s1_i10,2013-10-27,2013-10-28,2013-11-26,11.510614676501941,6.49677508571905,7.715050942376651,0.7073783351573466,30,0.7618272304534912
Prophet,4,s1_i10,2013-10-27,2013-10-28,2013-11-26,12.276842146490852,6.978198361111647,8.170962341122141,0.7597964026693022,30,0.035951852798461914
LightGBM,4,s1_i10,2013-10-27,2013-10-28,2013-11-26,11.057374922272679,6.323920037854547,7.833385593126558,0.6885576257486565,30,0.021105289459228516
Naive,4,s1_i28,2013-10-27,2013-10-28,2013-11-26,19.339509879098134,13.533333333333333,16.08933394105134,1.3927877296306919,30,0.0005099773406982422
SeasonalNaive,4,s1_i28,2013-10-27,2013-10-28,2013-11-26,16.60458437234965,10.866666666666667,12.693830522475606,1.1183467976837576,30,0.00042510032653808594
ETS,4,s1_i28,2013-10-27,2013-10-28,2013-11-26,11.766009138417301,7.878597520710271,9.846363510985139,0.81082861725695,30,0.05139899253845215
SARIMA,4,s1_i28,2013-10-27,2013-10-28,2013-11-26,8.139761858165514,5.585837130455942,6.875780010221992,0.5748683804197943,30,0.7176330089569092
Prophet,4,s1_i28,2013-10-27,2013-10-28,2013-11-26,9.53804947109364,6.498879823107958,8.149782756563544,0.6688344882243284,30,0.038655996322631836
LightGBM,4,s1_i28,2013-10-27,2013-10-28,2013-11-26,9.437204614899178,6.393762624238023,8.256261843577313,0.6580163149662599,30,0.020695209503173828
Naive,4,s2_i5,2013-10-27,2013-10-28,2013-11-26,18.20640795145731,3.6666666666666665,4.6475800154489,0.731336509951703,30,0.0005040168762207031
SeasonalNaive,4,s2_i5,2013-10-27,2013-10-28,2013-11-26,22.172539894374964,4.4,5.428320796219275,0.8776038119420436,30,0.0004432201385498047
ETS,4,s2_i5,2013-10-27,2013-10-28,2013-11-26,16.330993954236053,3.259541230601688,4.1313527200810265,0.6501331384450684,30,0.03960895538330078
SARIMA,4,s2_i5,2013-10-27,2013-10-28,2013-11-26,18.95682274592369,3.6583772382130193,4.630864901111395,0.7296831385858525,30,0.6808822154998779
Prophet,4,s2_i5,2013-10-27,2013-10-28,2013-11-26,15.892835154306315,3.20524112111443,4.091286026485836,0.6393026877462302,30,0.037543296813964844
LightGBM,4,s2_i5,2013-10-27,2013-10-28,2013-11-26,15.305977305590071,3.0787368963484885,3.9319114876773127,0.6140707355004659,30,0.02053093910217285
Naive,4,s2_i40,2013-10-27,2013-10-28,2013-11-26,35.67277669375477,13.366666666666667,14.936532395439043,2.1916246965255666,30,0.0005140304565429688
SeasonalNaive,4,s2_i40,2013-10-27,2013-10-28,2013-11-26,22.010631661357674,7.166666666666667,8.549853799919621,1.1750606228254286,30,0.00044536590576171875
ETS,4,s2_i40,2013-10-27,2013-10-28,2013-11-26,19.81734787103702,6.2162302595418435,7.7972325019926005,1.0192252186609554,30,0.03435397148132324
SARIMA,4,s2_i40,2013-10-27,2013-10-28,2013-11-26,15.308072280385707,4.960416477172317,6.357906529640707,0.8133195453683192,30,0.7029619216918945
Prophet,4,s2_i40,2013-10-27,2013-10-28,2013-11-26,14.920114381560612,4.814806829013785,6.042321916759619,0.7894451039002415,30,0.03677487373352051
LightGBM,4,s2_i40,2013-10-27,2013-10-28,2013-11-26,14.303651008446563,4.62466556077021,5.823760196191723,0.7582691712834352,30,0.020562171936035156
Naive,4,s2_i32,2013-10-27,2013-10-28,2013-11-26,22.762369048362594,12.1,14.568230274584945,1.5028825771766237,30,0.0005028247833251953
SeasonalNaive,4,s2_i32,2013-10-27,2013-10-28,2013-11-26,15.92772874106261,7.766666666666667,9.1122627998392,0.9646601666175022,30,0.0004208087921142578
ETS,4,s2_i32,2013-10-27,2013-10-28,2013-11-26,14.643943243500706,7.2630792295636315,8.59747615703252,0.9021120025425287,30,0.04382205009460449
SARIMA,4,s2_i32,2013-10-27,2013-10-28,2013-11-26,12.514362815042906,6.232596131296457,7.751409292991738,0.7741206724218077,30,0.6782829761505127
Prophet,4,s2_i32,2013-10-27,2013-10-28,2013-11-26,14.248978162500059,7.052837543152774,8.260549590400636,0.8759988977902056,30,0.03716611862182617
LightGBM,4,s2_i32,2013-10-27,2013-10-28,2013-11-26,15.965008802914147,7.781558763280108,9.114994334942736,0.9665098420338636,30,0.02012801170349121
Naive,4,s2_i6,2013-10-27,2013-10-28,2013-11-26,14.49038931375884,9.7,12.42712087868036,1.063262252034592,30,0.0005068778991699219
SeasonalNaive,4,s2_i6,2013-10-27,2013-10-28,2013-11-26,14.510840806707101,9.9,12.384129628951188,1.085185185066233,30,0.00042700767517089844
ETS,4,s2_i6,2013-10-27,2013-10-28,2013-11-26,10.350039688587314,6.773522406137383,8.421306487467348,0.7424773904903508,30,0.03190279006958008
SARIMA,4,s2_i6,2013-10-27,2013-10-28,2013-11-26,11.476284235449064,7.6240230537416345,10.400678467468095,0.8357047341943276,30,0.7124688625335693
Prophet,4,s2_i6,2013-10-27,2013-10-28,2013-11-26,11.87364400218398,7.982840879104396,10.53364170388874,0.8750364299742621,30,0.03940701484680176
LightGBM,4,s2_i6,2013-10-27,2013-10-28,2013-11-26,11.821090806194839,7.881401692248406,10.587096722672632,0.8639172074731221,30,0.020308971405029297
Naive,4,s2_i10,2013-10-27,2013-10-28,2013-11-26,14.5429791868334,11.966666666666667,14.648094301535155,1.1116782920125592,30,0.00048613548278808594
SeasonalNaive,4,s2_i10,2013-10-27,2013-10-28,2013-11-26,16.017880844811096,12.5,14.75466028073842,1.1612238426315031,30,0.0004169940948486328
ETS,4,s2_i10,2013-10-27,2013-10-28,2013-11-26,12.890021310671099,10.223459898710324,12.206725988503111,0.9497380310855585,30,0.04074668884277344
SARIMA,4,s2_i10,2013-10-27,2013-10-28,2013-11-26,14.907480194939515,11.684454338765208,13.779492416813065,1.085461357305062,30,0.571876049041748
Prophet,4,s2_i10,2013-10-27,2013-10-28,2013-11-26,16.29188072923952,12.659691020936911,14.59015291522518,1.1760588043087918,30,0.0406951904296875
LightGBM,4,s2_i10,2013-10-27,2013-10-28,2013-11-26,16.5375810215086,13.003580164910108,15.174069937230403,1.208005386165097,30,0.020291805267333984
Naive,4,s2_i15,2013-10-27,2013-10-28,2013-11-26,16.505386844236693,15.533333333333333,18.09788201236082,1.3433490750510817,30,0.0004718303680419922
SeasonalNaive,4,s2_i15,2013-10-27,2013-10-28,2013-11-26,13.683145467914368,13.1,16.592166826548002,1.132910271448659,30,0.0004100799560546875
ETS,4,s2_i15,2013-10-27,2013-10-28,2013-11-26,13.101880187956649,12.054920511120413,14.997353519350675,1.0425300204996515,30,0.04826092720031738
SARIMA,4,s2_i15,2013-10-27,2013-10-28,2013-11-26,13.00406400651218,11.970695235447348,14.922107404804663,1.0352460754671622,30,0.656973123550415
Prophet,4,s2_i15,2013-10-27,2013-10-28,2013-11-26,11.244703906663736,10.489670681297678,12.919987721852129,0.9071645541187782,30,0.0441129207611084
LightGBM,4,s2_i15,2013-10-27,2013-10-28,2013-11-26,14.395806943449488,13.047683309009203,15.935651366739757,1.1283858350676148,30,0.020066022872924805
Naive,4,s3_i5,2013-10-27,2013-10-28,2013-11-26,19.68495215591232,3.3,3.825354014118606,0.7172848663129343,30,0.0004889965057373047
SeasonalNaive,4,s3_i5,2013-10-27,2013-10-28,2013-11-26,31.804273140007318,5.266666666666667,5.9497899122574065,1.1447576654287235,30,0.00041294097900390625
ETS,4,s3_i5,2013-10-27,2013-10-28,2013-11-26,22.812273346735974,3.7069259049089345,4.39908471461751,0.8057338945862298,30,0.030400991439819336
SARIMA,4,s3_i5,2013-10-27,2013-10-28,2013-11-26,15.572187389003112,2.6980042165423748,3.294400131461585,0.5864356344770698,30,0.7049160003662109
Prophet,4,s3_i5,2013-10-27,2013-10-28,2013-11-26,15.597956087799986,2.679997199587133,3.2802902137426813,0.5825216463711803,30,0.03745603561401367
LightGBM,4,s3_i5,2013-10-27,2013-10-28,2013-11-26,15.50660730851366,2.6092969962370924,3.1265275556793872,0.56715431730808,30,0.020225048065185547
Naive,4,s3_i49,2013-10-27,2013-10-28,2013-11-26,24.683573093109754,7.466666666666667,9.125057077447059,1.1472120256933405,30,0.0004811286926269531
SeasonalNaive,4,s3_i49,2013-10-27,2013-10-28,2013-11-26,23.171929687640272,6.766666666666667,8.491171886141512,1.0396608982845899,30,0.00041604042053222656
ETS,4,s3_i49,2013-10-27,2013-10-28,2013-11-26,16.7572475475462,4.854233078050445,5.851764447873004,0.7458260574988219,30,0.03448605537414551
SARIMA,4,s3_i49,2013-10-27,2013-10-28,2013-11-26,16.955735796971467,4.932800013242152,6.006664618575866,0.7578974324372766,30,0.6253790855407715
Prophet,4,s3_i49,2013-10-27,2013-10-28,2013-11-26,16.603284141574047,4.817989774100732,5.762756448810804,0.740257474354808,30,0.039372920989990234
LightGBM,4,s3_i49,2013-10-27,2013-10-28,2013-11-26,17.0947251297411,4.962651206946131,6.133880840688414,0.7624839032049336,30,0.02020883560180664
Naive,4,s3_i32,2013-10-27,2013-10-28,2013-11-26,29.712455584814034,14.466666666666667,16.264480727442034,2.093201645787667,30,0.00048422813415527344
SeasonalNaive,4,s3_i32,2013-10-27,2013-10-28,2013-11-26,26.730722087227104,10.033333333333333,11.496376240653689,1.4517366253043495,30,0.00041794776916503906
ETS,4,s3_i32,2013-10-27,2013-10-28,2013-11-26,15.933038047648356,6.649561352810967,7.557866497235265,0.9621340622675102,30,0.05077099800109863
SARIMA,4,s3_i32,2013-10-27,2013-10-28,2013-11-26,14.653101973835133,6.170536169254746,6.875902862847422,0.8928232579407621,30,0.6109879016876221
Prophet,4,s3_i32,2013-10-27,2013-10-28,2013-11-26,11.900865300927792,5.164333891677753,6.097270763954578,0.747234483971675,30,0.04217410087585449
LightGBM,4,s3_i32,2013-10-27,2013-10-28,2013-11-26,12.368552451858701,5.312817556680942,6.134480797523434,0.7687187871023612,30,0.020519018173217773
Naive,4,s3_i14,2013-10-27,2013-10-28,2013-11-26,14.049365655704497,7.666666666666667,9.85900603509299,0.9028670952848847,30,0.0005018711090087891
SeasonalNaive,4,s3_i14,2013-10-27,2013-10-28,2013-11-26,16.241821525319327,8.533333333333333,10.376254944182254,1.004930332143176,30,0.0004107952117919922
ETS,4,s3_i14,2013-10-27,2013-10-28,2013-11-26,19.120932226274654,9.756760209712267,11.924772838259742,1.1490075326000944,30,0.052242279052734375
SARIMA,4,s3_i14,2013-10-27,2013-10-28,2013-11-26,18.339224877395992,9.391558233802279,11.313471889253396,1.1059994220980747,30,0.7602570056915283
Prophet,4,s3_i14,2013-10-27,2013-10-28,2013-11-26,13.201601977684282,6.962881786841072,8.607687573628068,0.8199856765692034,30,0.045783042907714844
LightGBM,4,s3_i14,2013-10-27,2013-10-28,2013-11-26,12.798006906905709,6.7047222116519585,8.283551719275883,0.7895834436425546,30,0.021245956420898438
Naive,4,s3_i10,2013-10-27,2013-10-28,2013-11-26,16.398573108256613,11.633333333333333,14.695804389915738,1.240832423117256,30,0.0005021095275878906
SeasonalNaive,4,s3_i10,2013-10-27,2013-10-28,2013-11-26,19.090915396588727,13.066666666666666,16.25628083746915,1.3937143549053421,30,0.00045013427734375
ETS,4,s3_i10,2013-10-27,2013-10-28,2013-11-26,22.989429126872103,15.197900030171843,17.403911775044527,1.6210355691173595,30,0.037163734436035156
SARIMA,4,s3_i10,2013-10-27,2013-10-28,2013-11-26,21.029069390165084,14.176605011271086,16.587793275716113,1.5121023909207798,30,0.633148193359375
Prophet,4,s3_i10,2013-10-27,2013-10-28,2013-11-26,15.108857063945855,10.609098135773742,12.886332465794545,1.1315856401347477,30,0.03996419906616211
LightGBM,4,s3_i10,2013-10-27,2013-10-28,2013-11-26,15.715045351031073,11.044530727723743,13.413451644591175,1.1780296697771728,30,0.02023172378540039
Naive,4,s3_i28,2013-10-27,2013-10-28,2013-11-26,26.777505987398236,25.133333333333333,29.15704603236297,2.308484848272815,30,0.0005459785461425781
SeasonalNaive,4,s3_i28,2013-10-27,2013-10-28,2013-11-26,11.167314370610377,9.166666666666666,11.19970237699794,0.8419540229111726,30,0.0004649162292480469
ETS,4,s3_i28,2013-10-27,2013-10-28,2013-11-26,13.40607152749321,11.30256887749979,13.585984200351012,1.0381356366154435,30,0.032911062240600586
SARIMA,4,s3_i28,2013-10-27,2013-10-28,2013-11-26,12.001811148749782,10.162195701482961,12.23603546967786,0.9333928966335497,30,0.6618130207061768
Prophet,4,s3_i28,2013-10-27,2013-10-28,2013-11-26,14.29709640323722,12.04630777840711,14.81884463082337,1.10644770493702,30,0.03644514083862305
LightGBM,4,s3_i28,2013-10-27,2013-10-28,2013-11-26,14.593959476566502,12.211502970695873,14.442321086342739,1.1216208056693593,30,0.020582914352416992
Naive,4,s4_i5,2013-10-27,2013-10-28,2013-11-26,28.862796060954647,5.066666666666666,6.148170459575759,1.1463577860984173,30,0.0005052089691162109
SeasonalNaive,4,s4_i5,2013-10-27,2013-10-28,2013-11-26,26.329411982269956,4.2,5.4528280124476085,0.9502702700552671,30,0.0004401206970214844
ETS,4,s4_i5,2013-10-27,2013-10-28,2013-11-26,31.409400269636716,5.135786327767703,6.4244361839917055,1.1619964430080865,30,0.033824920654296875
SARIMA,4,s4_i5,2013-10-27,2013-10-28,2013-11-26,26.217093892700227,4.402014395846421,5.609229320319589,0.9959770020781313,30,0.5306940078735352
Prophet,4,s4_i5,2013-10-27,2013-10-28,2013-11-26,21.225994750268338,3.6060000299587256,4.647057129054413,0.8158749100686141,30,0.036679983139038086
LightGBM,4,s4_i5,2013-10-27,2013-10-28,2013-11-26,23.733613357924735,4.020324415743406,5.0526771662,0.9096178019662549,30,0.020202159881591797
Naive,4,s4_i49,2013-10-27,2013-10-28,2013-11-26,15.417761224997422,4.066666666666666,4.96655480858378,0.6887475914055088,30,0.0005502700805664062
SeasonalNaive,4,s4_i49,2013-10-27,2013-10-28,2013-11-26,23.03170651970003,5.833333333333333,6.954614774857531,0.987957610622656,30,0.00043487548828125
ETS,4,s4_i49,2013-10-27,2013-10-28,2013-11-26,22.290837829172034,5.4932147102868445,6.727446071293543,0.9303537051106657,30,0.03976583480834961
SARIMA,4,s4_i49,2013-10-27,2013-10-28,2013-11-26,16.292450293671276,4.214201478368027,5.527046549135383,0.7137347011287327,30,0.6646988391876221
Prophet,4,s4_i49,2013-10-27,2013-10-28,2013-11-26,13.859779923189777,3.6208398903998127,4.693293412904545,0.6132405131257026,30,0.04192781448364258
LightGBM,4,s4_i49,2013-10-27,2013-10-28,2013-11-26,14.2785261714175,3.7265716804595126,4.8484100850492995,0.6311476891270005,30,0.020242929458618164
Naive,4,s4_i32,2013-10-27,2013-10-28,2013-11-26,49.26097846463261,24.433333333333334,25.414562754452415,3.3736883438634195,30,0.0004930496215820312
SeasonalNaive,4,s4_i32,2013-10-27,2013-10-28,2013-11-26,18.950581880443316,8.233333333333333,10.9924216318941,1.13683631778208,30,0.000415802001953125
ETS,4,s4_i32,2013-10-27,2013-10-28,2013-11-26,16.383848685001066,6.472348273799346,7.492518342798309,0.8936842808488967,30,0.030171871185302734
SARIMA,4,s4_i32,2013-10-27,2013-10-28,2013-11-26,14.551465197355187,5.70264357788658,6.790484513799896,0.787405545754033,30,0.554246187210083
Prophet,4,s4_i32,2013-10-27,2013-10-28,2013-11-26,11.936370805130576,4.6541392411508955,5.812041904499357,0.642630913039077,30,0.04169201850891113
LightGBM,4,s4_i32,2013-10-27,2013-10-28,2013-11-26,11.918326852383974,4.69750460172593,6.3622659462712825,0.6486186843146334,30,0.022390127182006836
Naive,4,s4_i46,2013-10-27,2013-10-28,2013-11-26,21.50412063173171,12.366666666666667,14.481022063376603,1.5815946455128442,30,0.0005347728729248047
SeasonalNaive,4,s4_i46,2013-10-27,2013-10-28,2013-11-26,13.935769751594743,7.0,9.640193635676274,0.8952422521770816,30,0.0004642009735107422
ETS,4,s4_i46,2013-10-27,2013-10-28,2013-11-26,15.767740086160606,7.985165627433739,9.572547344361926,1.0212368086158286,30,0.05059194564819336
SARIMA,4,s4_i46,2013-10-27,2013-10-28,2013-11-26,14.837003023997664,7.549099221679482,9.049998647036933,0.9654675127320848,30,0.6634740829467773
Prophet,4,s4_i46,2013-10-27,2013-10-28,2013-11-26,13.871556975185886,7.0983753191151955,8.546637684267694,0.9078236439261284,30,0.0381467342376709
LightGBM,4,s4_i46,2013-10-27,2013-10-28,2013-11-26,15.950085695155918,8.13445328381426,9.82531770957433,1.0403294682901623,30,0.020246028900146484
Naive,4,s4_i10,2013-10-27,2013-10-28,2013-11-26,16.40639434059092,11.1,13.509256086106296,1.1415584414410402,30,0.0005071163177490234
SeasonalNaive,4,s4_i10,2013-10-27,2013-10-28,2013-11-26,17.981388005569688,11.466666666666667,13.36911864459783,1.1792675791462999,30,0.0004239082336425781
ETS,4,s4_i10,2013-10-27,2013-10-28,2013-11-26,10.489527889622853,7.019613364381198,9.403012064485845,0.7219188190776303,30,0.04380393028259277
SARIMA,4,s4_i10,2013-10-27,2013-10-28,2013-11-26,10.623305224891764,6.983113617578619,8.976251066036493,0.7181650718638516,30,0.705909013748169
Prophet,4,s4_i10,2013-10-27,2013-10-28,2013-11-26,9.273415761603413,6.265918352268815,8.132945726172574,0.6444064854425945,30,0.039234161376953125
LightGBM,4,s4_i10,2013-10-27,2013-10-28,2013-11-26,9.938455178916577,6.615620238411401,8.589500924427357,0.6803709124798848,30,0.02119588851928711
Naive,4,s4_i15,2013-10-27,2013-10-28,2013-11-26,15.34207294836504,12.066666666666666,15.145956556124146,1.3051064351978356,30,0.0005223751068115234
SeasonalNaive,4,s4_i15,2013-10-27,2013-10-28,2013-11-26,16.26720825257245,12.633333333333333,16.78987790307005,1.366395963922596,30,0.0004451274871826172
ETS,4,s4_i15,2013-10-27,2013-10-28,2013-11-26,20.171323585859138,14.875756520005385,18.16653357420665,1.6089319527095463,30,0.05027484893798828
SARIMA,4,s4_i15,2013-10-27,2013-10-28,2013-11-26,17.05650388000054,12.898373542458431,16.405307238570384,1.3950621807056356,30,0.6360440254211426
Prophet,4,s4_i15,2013-10-27,2013-10-28,2013-11-26,12.122286451411364,9.599578656573158,12.882478008546263,1.0382711502664164,30,0.04059195518493652
LightGBM,4,s4_i15,2013-10-27,2013-10-28,2013-11-26,12.574494280258735,9.971936927648516,13.708239983382477,1.0785446731210784,30,0.020647764205932617
Naive,5,s1_i5,2013-11-26,2013-11-27,2013-12-26,48.099124747035276,6.966666666666667,7.786740867226373,1.7552522096461676,30,0.0010030269622802734
SeasonalNaive,5,s1_i5,2013-11-26,2013-11-27,2013-12-26,38.92881440190871,5.5,7.106335201775948,1.385725428668027,30,0.0006010532379150391
ETS,5,s1_i5,2013-11-26,2013-11-27,2013-12-26,29.606309647985235,3.617192138605829,4.328424522125834,0.9113518412443964,30,0.03235220909118652
SARIMA,5,s1_i5,2013-11-26,2013-11-27,2013-12-26,28.7720756138438,3.484583394211862,4.228333187110439,0.8779410577588583,30,0.7065672874450684
Prophet,5,s1_i5,2013-11-26,2013-11-27,2013-12-26,28.68178296912799,3.4892839478842386,4.237090525729636,0.8791253626229731,30,0.03852224349975586
LightGBM,5,s1_i5,2013-11-26,2013-11-27,2013-12-26,32.808257184299954,4.127746062169207,4.906207091801131,1.039985942078579,30,0.020644187927246094
Naive,5,s1_i44,2013-11-26,2013-11-27,2013-12-26,31.04406978262909,5.766666666666667,6.600505031182589,1.107391993445687,30,0.0005249977111816406
SeasonalNaive,5,s1_i44,2013-11-26,2013-11-27,2013-12-26,40.729051085424636,8.533333333333333,10.01332445627658,1.6386841059080688,30,0.00043082237243652344
ETS,5,s1_i44,2013-11-26,2013-11-27,2013-12-26,38.750959472616366,7.856881430046111,9.132148857095732,1.5087828189165025,30,0.03788018226623535
SARIMA,5,s1_i44,2013-11-26,2013-11-27,2013-12-26,37.361037341168114,7.544366202739417,8.91314276379307,1.44876949049755,30,0.7045011520385742
Prophet,5,s1_i44,2013-11-26,2013-11-27,2013-12-26,34.017462230220616,6.648216735994528,8.01325741191693,1.276678956785889,30,0.041082143783569336
LightGBM,5,s1_i44,2013-11-26,2013-11-27,2013-12-26,37.95882222964566,7.593274444487211,8.774593461065649,1.4581615012475524,30,0.020266056060791016
Naive,5,s1_i32,2013-11-26,2013-11-27,2013-12-26,43.22746530879143,14.2,15.92273008417003,1.9821089020569485,30,0.0004820823669433594
SeasonalNaive,5,s1_i32,2013-11-26,2013-11-27,2013-12-26,30.584195163108074,9.4,11.621818561080131,1.3121002591081208,30,0.0004189014434814453
ETS,5,s1_i32,2013-11-26,2013-11-27,2013-12-26,30.019633570210107,8.88391529390466,10.027271425345077,1.2400625062794577,30,0.03216099739074707
SARIMA,5,s1_i32,2013-11-26,2013-11-27,2013-12-26,29.29843393247447,8.637631033729434,9.694501502501316,1.2056848848336954,30,0.7247669696807861
Prophet,5,s1_i32,2013-11-26,2013-11-27,2013-12-26,26.063056370382974,7.476217203539763,8.465275634587687,1.0435687797779907,30,0.03828001022338867
LightGBM,5,s1_i32,2013-11-26,2013-11-27,2013-12-26,26.921239335989007,7.804625394985353,8.670878352875016,1.0894096811704364,30,0.02036595344543457
Naive,5,s1_i31,2013-11-26,2013-11-27,2013-12-26,33.87019881743324,13.6,15.500537625084709,1.7213166142022,30,0.0005009174346923828
SeasonalNaive,5,s1_i31,2013-11-26,2013-11-27,2013-12-26,28.68239030504548,12.0,14.37822427608268,1.5188087772372354,30,0.0004360675811767578
ETS,5,s1_i31,2013-11-26,2013-11-27,2013-12-26,29.95740303062241,11.81381755815782,12.907035032580294,1.4952441500007885,30,0.03069901466369629
SARIMA,5,s1_i31,2013-11-26,2013-11-27,2013-12-26,30.001402311168924,11.878523735461851,12.99435058718059,1.5034338425033578,30,0.6253068447113037
Prophet,5,s1_i31,2013-11-26,2013-11-27,2013-12-26,26.11665933070887,10.064064727430685,11.223917402052836,1.2737824868921157,30,0.03995203971862793
LightGBM,5,s1_i31,2013-11-26,2013-11-27,2013-12-26,27.0444191565315,10.546549232751653,11.533201844048579,1.3348492953556534,30,0.02130889892578125
Naive,5,s1_i10,2013-11-26,2013-11-27,2013-12-26,38.81567527978538,19.566666666666666,21.254803378687527,2.158481329452235,30,0.0005931854248046875
SeasonalNaive,5,s1_i10,2013-11-26,2013-11-27,2013-12-26,35.465819281966226,18.3,20.672848537796302,2.0187499997773033,30,0.00044608116149902344
ETS,5,s1_i10,2013-11-26,2013-11-27,2013-12-26,36.69501520427678,18.45623348056244,19.7482469812797,2.0359847723920916,30,0.04555869102478027
SARIMA,5,s1_i10,2013-11-26,2013-11-27,2013-12-26,35.49445068053126,17.721044763031493,18.96170292689003,1.9548830115531917,30,0.7248139381408691
Prophet,5,s1_i10,2013-11-26,2013-11-27,2013-12-26,30.516438091972525,14.76714712631845,16.037770241857793,1.6290261343151244,30,0.0386049747467041
LightGBM,5,s1_i10,2013-11-26,2013-11-27,2013-12-26,31.68936291398624,15.43258898577856,16.7019944623507,1.7024338257706928,30,0.02161383628845215
Naive,5,s1_i28,2013-11-26,2013-11-27,2013-12-26,31.20207449064198,18.366666666666667,20.90215299915298,1.8839102358605369,30,0.0005252361297607422
SeasonalNaive,5,s1_i28,2013-11-26,2013-11-27,2013-12-26,31.338466978919875,19.2,21.811312049790434,1.9693871068160964,30,0.0004410743713378906
ETS,5,s1_i28,2013-11-26,2013-11-27,2013-12-26,31.637517762743716,19.10067205778863,20.979629404150188,1.9591988167776773,30,0.04820394515991211
SARIMA,5,s1_i28,2013-11-26,2013-11-27,2013-12-26,30.653733346022317,18.390911205697773,20.22777570376607,1.8863970526615035,30,0.7988982200622559
Prophet,5,s1_i28,2013-11-26,2013-11-27,2013-12-26,21.83334027400236,12.353176044623789,14.47663516919738,1.2670930015891435,30,0.041587114334106445
LightGBM,5,s1_i28,2013-11-26,2013-11-27,2013-12-26,22.978480297306447,13.143947478520184,15.300173072075667,1.3482042029617496,30,0.022662878036499023
Naive,5,s2_i5,2013-11-26,2013-11-27,2013-12-26,28.513028974330346,3.8666666666666667,4.9396356140913875,0.7776670816202659,30,0.0005562305450439453
SeasonalNaive,5,s2_i5,2013-11-26,2013-11-27,2013-12-26,40.9506859243474,6.8,8.748333174572933,1.3676214194011571,30,0.0005009174346923828
ETS,5,s2_i5,2013-11-26,2013-11-27,2013-12-26,45.787661988453806,7.502447256682702,8.425722740952091,1.508898171495105,30,0.054264068603515625
SARIMA,5,s2_i5,2013-11-26,2013-11-27,2013-12-26,39.608856531051856,6.125493473899661,7.0872905102313,1.2319641293098793,30,0.7052359580993652
Prophet,5,s2_i5,2013-11-26,2013-11-27,2013-12-26,41.88184167127905,6.6458376252952975,7.6020582912953385,1.3366161597376427,30,0.043691158294677734
LightGBM,5,s2_i5,2013-11-26,2013-11-27,2013-12-26,37.81209725313373,5.6958631353720754,6.7397158786044065,1.1455565332223945,30,0.02169203758239746
Naive,5,s2_i40,2013-11-26,2013-11-27,2013-12-26,29.96365178476006,7.233333333333333,8.700574693662482,1.1560448620946384,30,0.0004951953887939453
SeasonalNaive,5,s2_i40,2013-11-26,2013-11-27,2013-12-26,36.863156732410054,9.966666666666667,11.889771514485325,1.5928913076787874,30,0.0004329681396484375
ETS,5,s2_i40,2013-11-26,2013-11-27,2013-12-26,37.926506724187284,10.003473801520045,11.45749542342379,1.5987738928127513,30,0.03223013877868652
SARIMA,5,s2_i40,2013-11-26,2013-11-27,2013-12-26,36.56357276005087,9.522248378919132,11.00567820167215,1.5218635457196028,30,0.7207889556884766
Prophet,5,s2_i40,2013-11-26,2013-11-27,2013-12-26,31.64002202352794,7.870688528633896,9.583862085774308,1.2579081614757268,30,0.052266836166381836
LightGBM,5,s2_i40,2013-11-26,2013-11-27,2013-12-26,35.544211371331954,9.170989270680435,10.686569127797682,1.4657246580684569,30,0.02499985694885254
Naive,5,s2_i32,2013-11-26,2013-11-27,2013-12-26,30.6417848230434,12.266666666666667,13.878040207464453,1.4850574710845803,30,0.0005440711975097656
SeasonalNaive,5,s2_i32,2013-11-26,2013-11-27,2013-12-26,34.2479290396197,14.733333333333333,16.719250381920038,1.783683158204849,30,0.0004830360412597656
ETS,5,s2_i32,2013-11-26,2013-11-27,2013-12-26,36.77279498963916,15.695845808614092,17.304257428271598,1.9002092187288546,30,0.03547382354736328
SARIMA,5,s2_i32,2013-11-26,2013-11-27,2013-12-26,36.71266890828468,15.662248024509928,17.265772487905664,1.8961417208786557,30,0.8086268901824951
Prophet,5,s2_i32,2013-11-26,2013-11-27,2013-12-26,30.3613872993455,12.399949483526065,14.094424564649142,1.5011932843680786,30,0.04636979103088379
LightGBM,5,s2_i32,2013-11-26,2013-11-27,2013-12-26,27.458259266474833,11.104748981977393,13.105688239718894,1.3443905250166641,30,0.02322101593017578
Naive,5,s2_i6,2013-11-26,2013-11-27,2013-12-26,45.49349434986766,28.233333333333334,29.788700318521226,3.126282710201192,30,0.0005826950073242188
SeasonalNaive,5,s2_i6,2013-11-26,2013-11-27,2013-12-26,36.8933328997169,22.566666666666666,25.96728711282717,2.4988115641159467,30,0.0004448890686035156
ETS,5,s2_i6,2013-11-26,2013-11-27,2013-12-26,43.63481436793266,27.06976105177674,28.618614866469173,2.997440116131544,30,0.06197929382324219
SARIMA,5,s2_i6,2013-11-26,2013-11-27,2013-12-26,36.071710882976454,21.312134559179185,22.93065016856403,2.359896970124316,30,0.6551897525787354
Prophet,5,s2_i6,2013-11-26,2013-11-27,2013-12-26,27.012344681722027,15.027167342374703,16.582655632391894,1.6639612790708156,30,0.04264688491821289
LightGBM,5,s2_i6,2013-11-26,2013-11-27,2013-12-26,27.25910353784936,15.262177156681991,17.0662102375943,1.6899839633398759,30,0.02227187156677246
Naive,5,s2_i10,2013-11-26,2013-11-27,2013-12-26,22.887348758033795,15.1,17.947144619688114,1.416995932464355,30,0.0005321502685546875
SeasonalNaive,5,s2_i10,2013-11-26,2013-11-27,2013-12-26,30.8080012661157,22.033333333333335,25.455189385794533,2.0676254113883856,30,0.00043010711669921875
ETS,5,s2_i10,2013-11-26,2013-11-27,2013-12-26,33.59192337351774,24.33045458511958,26.02000555530922,2.2831890849088188,30,0.05088186264038086
SARIMA,5,s2_i10,2013-11-26,2013-11-27,2013-12-26,32.5011788940116,23.401294135960164,25.186047742696704,2.1959959341097695,30,0.6133167743682861
Prophet,5,s2_i10,2013-11-26,2013-11-27,2013-12-26,23.126443861120567,15.842659247100977,18.128746935179162,1.4866876630835024,30,0.03945803642272949
LightGBM,5,s2_i10,2013-11-26,2013-11-27,2013-12-26,23.482933639356595,16.100658637231106,18.738285329007986,1.510898529732024,30,0.02193307876586914
Naive,5,s2_i15,2013-11-26,2013-11-27,2013-12-26,20.916819552206753,15.633333333333333,18.247374240330213,1.3256935327483506,30,0.0005450248718261719
SeasonalNaive,5,s2_i15,2013-11-26,2013-11-27,2013-12-26,29.02391767290164,23.966666666666665,26.326792436603437,2.0323531983924608,30,0.00044798851013183594
ETS,5,s2_i15,2013-11-26,2013-11-27,2013-12-26,26.67984460494607,21.32724396829078,23.47292773348071,1.8085323710091272,30,0.040789127349853516
SARIMA,5,s2_i15,2013-11-26,2013-11-27,2013-12-26,26.4021920297573,21.12834296507626,23.1628554107735,1.7916657330377852,30,0.7646808624267578
Prophet,5,s2_i15,2013-11-26,2013-11-27,2013-12-26,22.53880378177269,17.618227504811443,19.40488519077662,1.4940108909350303,30,0.043296098709106445
LightGBM,5,s2_i15,2013-11-26,2013-11-27,2013-12-26,19.742151666908843,15.177536610598901,17.06183757164483,1.2870423535856472,30,0.021430015563964844
Naive,5,s3_i5,2013-11-26,2013-11-27,2013-12-26,26.795913427647218,3.933333333333333,4.69041575982343,0.8755800595340139,30,0.0005102157592773438
SeasonalNaive,5,s3_i5,2013-11-26,2013-11-27,2013-12-26,31.944198944743967,5.033333333333333,6.145459028149701,1.1204456694036957,30,0.00042510032653808594
ETS,5,s3_i5,2013-11-26,2013-11-27,2013-12-26,25.989676336020768,3.8673479273658256,4.799099857696342,0.8608913716478936,30,0.03739809989929199
SARIMA,5,s3_i5,2013-11-26,2013-11-27,2013-12-26,29.42214460329119,4.469238125352927,5.307300372926551,0.9948751992885255,30,0.8181262016296387
Prophet,5,s3_i5,2013-11-26,2013-11-27,2013-12-26,31.291302528482234,4.815338366670387,5.644689401176163,1.07191887807602,30,0.040155887603759766
LightGBM,5,s3_i5,2013-11-26,2013-11-27,2013-12-26,27.937306922094713,4.161384672116828,4.97960478366233,0.9263454505820301,30,0.023752212524414062
Naive,5,s3_i49,2013-11-26,2013-11-27,2013-12-26,22.75439727026999,4.966666666666667,6.279596590015423,0.7599399967256621,30,0.0008821487426757812
SeasonalNaive,5,s3_i49,2013-11-26,2013-11-27,2013-12-26,33.61384525340351,8.3,9.803060746521975,1.2699668401657038,30,0.0004661083221435547
ETS,5,s3_i49,2013-11-26,2013-11-27,2013-12-26,45.16724184699949,11.894886221157174,12.914826509202436,1.8200133817365718,30,0.05052614212036133
SARIMA,5,s3_i49,2013-11-26,2013-11-27,2013-12-26,34.33261270922594,8.333368839316842,9.309023702705817,1.2750725413015118,30,0.8579950332641602
Prophet,5,s3_i49,2013-11-26,2013-11-27,2013-12-26,33.607976969414906,8.09792241203287,9.079437861923596,1.239047341869448,30,0.04263806343078613
LightGBM,5,s3_i49,2013-11-26,2013-11-27,2013-12-26,29.41105870600293,6.810532195290638,7.7224004148544125,1.0420662713132585,30,0.022943973541259766
Naive,5,s3_i32,2013-11-26,2013-11-27,2013-12-26,36.44162658984515,12.933333333333334,14.678782874157744,1.851713947725427,30,0.00048804283142089844
SeasonalNaive,5,s3_i32,2013-11-26,2013-11-27,2013-12-26,35.52083119406515,12.733333333333333,14.472963299430655,1.823079195956477,30,0.0004181861877441406
ETS,5,s3_i32,2013-11-26,2013-11-27,2013-12-26,38.46875554916632,14.135678950941736,15.21742640968803,2.023858289228934,30,0.036325931549072266
SARIMA,5,s3_i32,2013-11-26,2013-11-27,2013-12-26,37.339309952870266,13.62901905260202,14.69652649603548,1.951317887127738,30,0.7464451789855957
Prophet,5,s3_i32,2013-11-26,2013-11-27,2013-12-26,33.33653342390947,11.839549529329132,13.086045614835566,1.6951128091426366,30,0.040074825286865234
LightGBM,5,s3_i32,2013-11-26,2013-11-27,2013-12-26,38.15731694124887,14.004098899865218,14.99984059242947,2.0050194787273243,30,0.02136516571044922
Naive,5,s3_i14,2013-11-26,2013-11-27,2013-12-26,35.59911847662149,17.4,19.37352144896052,2.054917732846896,30,0.0005068778991699219
SeasonalNaive,5,s3_i14,2013-11-26,2013-11-27,2013-12-26,30.578537196663685,15.066666666666666,18.15672510852843,1.7793540521969295,30,0.0004329681396484375
ETS,5,s3_i14,2013-11-26,2013-11-27,2013-12-26,32.43998333870041,15.781446294959114,17.42153976047391,1.8637686115794505,30,0.038945913314819336
SARIMA,5,s3_i14,2013-11-26,2013-11-27,2013-12-26,30.365005344270106,14.581040615520813,16.346077480214078,1.722002237022675,30,0.9613652229309082
Prophet,5,s3_i14,2013-11-26,2013-11-27,2013-12-26,23.405397849805382,10.741454591914506,12.753217987610572,1.2685520412353357,30,0.03927803039550781
LightGBM,5,s3_i14,2013-11-26,2013-11-27,2013-12-26,27.451102732427596,12.858049880447487,14.55103336710761,1.5185192361587045,30,0.0204160213470459
Naive,5,s3_i10,2013-11-26,2013-11-27,2013-12-26,21.180829785121897,12.266666666666667,14.355022349918745,1.2781075267485498,30,0.00047898292541503906
SeasonalNaive,5,s3_i10,2013-11-26,2013-11-27,2013-12-26,28.790813525641173,18.766666666666666,21.930952251707325,1.9553655911941128,30,0.00041866302490234375
ETS,5,s3_i10,2013-11-26,2013-11-27,2013-12-26,30.638894510849113,19.365861708573693,21.2642239536048,2.017797848779856,30,0.04421186447143555
SARIMA,5,s3_i10,2013-11-26,2013-11-27,2013-12-26,30.15846957604669,19.007617882000254,20.906936712004,1.9804711533052868,30,0.6887350082397461
Prophet,5,s3_i10,2013-11-26,2013-11-27,2013-12-26,21.957486762283985,13.245686679270081,14.639116219860746,1.3801150957930512,30,0.03966498374938965
LightGBM,5,s3_i10,2013-11-26,2013-11-27,2013-12-26,21.95460545358707,13.205275916042435,15.138169219911195,1.3759045549797706,30,0.02208995819091797
Naive,5,s3_i28,2013-11-26,2013-11-27,2013-12-26,29.749393893900677,21.733333333333334,24.524817362554746,2.005676190291095,30,0.0005941390991210938
SeasonalNaive,5,s3_i28,2013-11-26,2013-11-27,2013-12-26,28.897112150060515,22.466666666666665,25.57603044519093,2.07335238076104,30,0.0004398822784423828
ETS,5,s3_i28,2013-11-26,2013-11-27,2013-12-26,29.826321714413556,22.474431390500737,24.709660035444372,2.0740689538462322,30,0.025097131729125977
SARIMA,5,s3_i28,2013-11-26,2013-11-27,2013-12-26,29.677964671084318,22.370773467348208,24.733182960608463,2.0645028083676102,30,0.6617650985717773
Prophet,5,s3_i28,2013-11-26,2013-11-27,2013-12-26,20.486593515022545,14.494077323834672,16.900251722728875,1.3375962786190156,30,0.0403139591217041
LightGBM,5,s3_i28,2013-11-26,2013-11-27,2013-12-26,22.328087788031276,16.062218654720745,18.759750631430855,1.4823133214274322,30,0.021706104278564453
Naive,5,s4_i5,2013-11-26,2013-11-27,2013-12-26,30.46722662157475,3.7333333333333334,4.47213595499958,0.839155648152832,30,0.0004830360412597656
SeasonalNaive,5,s4_i5,2013-11-26,2013-11-27,2013-12-26,38.98282157783065,5.433333333333334,6.843488389215937,1.2212711665081393,30,0.0004153251647949219
ETS,5,s4_i5,2013-11-26,2013-11-27,2013-12-26,38.834918376402605,5.249321853797,6.131699532673687,1.1799102006926376,30,0.025210857391357422
SARIMA,5,s4_i5,2013-11-26,2013-11-27,2013-12-26,37.502199996607985,5.01304419007582,5.909034883741511,1.1268011642522846,30,0.6760287284851074
Prophet,5,s4_i5,2013-11-26,2013-11-27,2013-12-26,38.74183587583254,5.2273334204644435,6.090605188000158,1.1749677762216428,30,0.04421281814575195
LightGBM,5,s4_i5,2013-11-26,2013-11-27,2013-12-26,37.22984887937598,4.919701191985248,5.79411039108248,1.1058201006639214,30,0.02320718765258789
Naive,5,s4_i49,2013-11-26,2013-11-27,2013-12-26,43.315434582493225,9.866666666666667,11.111555546667022,1.6844256515799492,30,0.0005218982696533203
SeasonalNaive,5,s4_i49,2013-11-26,2013-11-27,2013-12-26,33.085063925313726,7.1,8.203657720797473,1.2121035938734093,30,0.0004210472106933594
ETS,5,s4_i49,2013-11-26,2013-11-27,2013-12-26,36.59304361611049,7.968005372357448,9.182179407799994,1.3602884433573375,30,0.040680885314941406
SARIMA,5,s4_i49,2013-11-26,2013-11-27,2013-12-26,33.792512437228275,7.160036354805921,8.380589942371174,1.222352929285144,30,0.710284948348999
Prophet,5,s4_i49,2013-11-26,2013-11-27,2013-12-26,34.11927897797125,7.263615844322257,8.460153297579097,1.240035897101246,30,0.03850579261779785
LightGBM,5,s4_i49,2013-11-26,2013-11-27,2013-12-26,33.00098058436499,6.971832557069055,8.244053397611506,1.1902229997615552,30,0.022681236267089844
Naive,5,s4_i32,2013-11-26,2013-11-27,2013-12-26,42.32591548235508,16.0,17.84376641855637,2.201022146204885,30,0.0005099773406982422
SeasonalNaive,5,s4_i32,2013-11-26,2013-11-27,2013-12-26,27.951652689817212,10.0,11.871534582072082,1.3756388413780531,30,0.0004258155822753906
ETS,5,s4_i32,2013-11-26,2013-11-27,2013-12-26,29.33562720819684,10.061057368078016,11.325932800720595,1.3840381300860967,30,0.03303217887878418
SARIMA,5,s4_i32,2013-11-26,2013-11-27,2013-12-26,27.619595062321643,9.371143373017663,10.736448142065345,1.2891308812045639,30,0.7246890068054199
Prophet,5,s4_i32,2013-11-26,2013-11-27,2013-12-26,22.308202509512757,7.29829395877083,8.547770707988034,1.0039816645479949,30,0.0411229133605957
LightGBM,5,s4_i32,2013-11-26,2013-11-27,2013-12-26,25.161073493113896,8.386298791974543,9.601199347607816,1.1536518353642027,30,0.02003788948059082
Naive,5,s4_i46,2013-11-26,2013-11-27,2013-12-26,26.958248068286466,11.1,12.708265027138834,1.4278375147506206,30,0.0004928112030029297
SeasonalNaive,5,s4_i46,2013-11-26,2013-11-27,2013-12-26,34.18847657904726,15.233333333333333,17.14934401077779,1.9595247574805814,30,0.0004119873046875
ETS,5,s4_i46,2013-11-26,2013-11-27,2013-12-26,37.68202752319853,17.202288137346166,19.0243498212995,2.212799310094814,30,0.035124778747558594
SARIMA,5,s4_i46,2013-11-26,2013-11-27,2013-12-26,36.436276633884695,16.47525326140005,18.229393973549392,2.1192778983463514,30,0.6926488876342773
Prophet,5,s4_i46,2013-11-26,2013-11-27,2013-12-26,29.483637019497372,12.746431799762426,14.582690081152217,1.6396246399018977,30,0.037371158599853516
LightGBM,5,s4_i46,2013-11-26,2013-11-27,2013-12-26,32.40569161155598,14.27042748211696,16.07583553802216,1.8356623162607961,30,0.023154020309448242
Naive,5,s4_i10,2013-11-26,2013-11-27,2013-12-26,23.853307370674912,11.966666666666667,14.670832741645354,1.2529119393609864,30,0.000492095947265625
SeasonalNaive,5,s4_i10,2013-11-26,2013-11-27,2013-12-26,30.36746734108304,17.0,19.418204517067654,1.779902755081067,30,0.00042510032653808594
ETS,5,s4_i10,2013-11-26,2013-11-27,2013-12-26,35.132854815746406,19.760754011228073,21.368484619257767,2.0689541474743582,30,0.03208613395690918
SARIMA,5,s4_i10,2013-11-26,2013-11-27,2013-12-26,31.701466363332127,17.536750434976916,19.374639082558783,1.8361006126108537,30,0.7463879585266113
Prophet,5,s4_i10,2013-11-26,2013-11-27,2013-12-26,27.610804885508887,14.721235496906282,16.531231052478677,1.5413157423023935,30,0.04097580909729004
LightGBM,5,s4_i10,2013-11-26,2013-11-27,2013-12-26,27.199207451115075,14.571360553405324,16.617130546673117,1.5256238114285716,30,0.023291826248168945
Naive,5,s4_i15,2013-11-26,2013-11-27,2013-12-26,18.095435517762322,11.2,13.130118049735882,1.155413605757522,30,0.0005321502685546875
SeasonalNaive,5,s4_i15,2013-11-26,2013-11-27,2013-12-26,30.522208395228574,22.3,26.339450766230236,2.3005110186064948,30,0.0004260540008544922
ETS,5,s4_i15,2013-11-26,2013-11-27,2013-12-26,27.02982613729217,18.28071336913613,20.361751105905686,1.8858736562190461,30,0.021085023880004883
SARIMA,5,s4_i15,2013-11-26,2013-11-27,2013-12-26,28.223643589311752,19.241958598870067,21.25860630941755,1.985037568442627,30,0.7023530006408691
Prophet,5,s4_i15,2013-11-26,2013-11-27,2013-12-26,20.64599284356255,13.358156861371109,15.375400057001515,1.3780532308456588,30,0.037229061126708984
LightGBM,5,s4_i15,2013-11-26,2013-11-27,2013-12-26,19.98164266543968,12.951272487837564,15.147577479423871,1.3360782539571958,30,0.021678924560546875
