model,fold,series,cutoff,test_start,test_end,smape,mae,rmse,mase,n_obs,fit_time_s
LightGBM,0,s1_i1,2013-06-29,2013-06-30,2013-07-29,19.496215751137125,3.8404487013454878,4.811502543503613,0.8966229759482506,30,0.022346019744873047
LightGBM,0,s1_i2,2013-06-29,2013-06-30,2013-07-29,9.660859342137126,5.577837409221636,7.193543436863305,0.6967262611370464,30,0.022405147552490234
LightGBM,0,s1_i3,2013-06-29,2013-06-30,2013-07-29,16.59812654228426,5.843709239206492,6.948803535867674,1.003934159095375,30,0.023620128631591797
LightGBM,0,s1_i4,2013-06-29,2013-06-30,2013-07-29,18.835685426787926,3.6076912828031804,4.3860747467599905,0.8377591835973395,30,0.023501873016357422
LightGBM,0,s1_i5,2013-06-29,2013-06-30,2013-07-29,17.4098946733358,3.104123051405948,4.101001487471673,0.9040627739677207,30,0.023456096649169922
LightGBM,0,s1_i6,2013-06-29,2013-06-30,2013-07-29,10.998268725868549,6.142854426869705,7.616539421697739,0.767856803262731,30,0.023096084594726562
LightGBM,0,s1_i7,2013-06-29,2013-06-30,2013-07-29,10.186456782668772,5.514569856432172,6.660847016906743,0.7668975763907496,30,0.021908283233642578
LightGBM,0,s1_i8,2013-06-29,2013-06-30,2013-07-29,10.806710995522241,7.738647401650381,9.555590708720038,0.8055270760205533,30,0.0252377986907959
LightGBM,0,s1_i9,2013-06-29,2013-06-30,2013-07-29,12.18375336331447,6.077485167521547,7.84848535181363,0.823339807234761,30,0.025159835815429688
LightGBM,0,s1_i10,2013-06-29,2013-06-30,2013-07-29,9.783669637609256,6.396463316167518,8.25688837995274,0.7120901889149222,30,0.022729158401489258
LightGBM,0,s1_i11,2013-06-29,2013-06-30,2013-07-29,6.958770508737635,4.604123358090019,6.191954419467526,0.5809725316185741,30,0.022172927856445312
LightGBM,0,s1_i12,2013-06-29,2013-06-30,2013-07-29,11.329788699218296,7.762654326093696,9.877784040769539,1.0298613483405241,30,0.02131509780883789
LightGBM,0,s1_i13,2013-06-29,2013-06-30,2013-07-29,9.532162867490403,7.557590675262763,8.912254230897911,0.8716421244464426,30,0.021612882614135742
LightGBM,0,s1_i14,2013-06-29,2013-06-30,2013-07-29,11.623625431804392,6.606842407490023,8.473153490873296,0.9247441232490237,30,0.021136045455932617
LightGBM,0,s1_i15,2013-06-29,2013-06-30,2013-07-29,6.963230640966997,5.932499161161257,7.691163761857984,0.6190122767031413,30,0.02109217643737793
LightGBM,0,s1_i16,2013-06-29,2013-06-30,2013-07-29,17.719938674587375,4.4082292814079125,5.334508145806994,0.7750240503551724,30,0.020776748657226562
LightGBM,0,s1_i17,2013-06-29,2013-06-30,2013-07-29,12.788620674149845,4.344760810995917,5.116702423230078,0.7419976507146377,30,0.0216219425201416
LightGBM,0,s1_i18,2013-06-29,2013-06-30,2013-07-29,8.738556919700509,7.038176889327116,8.416361234175325,0.7614788003263635,30,0.021896839141845703
LightGBM,0,s1_i19,2013-06-29,2013-06-30,2013-07-29,13.763706801148803,5.43351809929116,7.3126390142547955,0.8752315000241672,30,0.021420955657958984
LightGBM,0,s1_i20,2013-06-29,2013-06-30,2013-07-29,8.375308008411332,3.9016059928107008,5.623248524396251,0.5754286757516641,30,0.022209882736206055
LightGBM,0,s1_i21,2013-06-29,2013-06-30,2013-07-29,13.648997848433483,5.005575193531431,6.0896774216354,0.748456792006443,30,0.02484416961669922
LightGBM,0,s1_i22,2013-06-29,2013-06-30,2013-07-29,8.732637674935209,6.630834728672453,9.018161485840288,0.7642467741026779,30,0.024431228637695312
LightGBM,0,s1_i23,2013-06-29,2013-06-30,2013-07-29,15.269831292953965,4.266647981698912,5.31186110730625,0.760958866703367,30,0.022515296936035156
LightGBM,0,s1_i24,2013-06-29,2013-06-30,2013-07-29,13.619113294336179,9.178897416482018,11.607410237434143,1.135060223627608,30,0.02104020118713379
LightGBM,0,s1_i25,2013-06-29,2013-06-30,2013-07-29,9.701422304718713,7.091429982280378,8.895313372715588,0.7735292476675188,30,0.021269798278808594
LightGBM,0,s1_i26,2013-06-29,2013-06-30,2013-07-29,15.149382398165137,7.113154980735133,8.939779977570632,0.9613873527350453,30,0.021845340728759766
LightGBM,0,s1_i27,2013-06-29,2013-06-30,2013-07-29,18.152546528976895,3.56170504279517,4.258992178144047,0.7450725178653771,30,0.021496057510375977
LightGBM,0,s1_i28,2013-06-29,2013-06-30,2013-07-29,9.739603366747716,7.692121058853191,9.54943212606931,0.8149032106801126,30,0.020521879196166992
LightGBM,0,s1_i29,2013-06-29,2013-06-30,2013-07-29,8.44346850920832,5.477155663076561,6.949577021954041,0.6998138327852123,30,0.021699905395507812
LightGBM,0,s1_i30,2013-06-29,2013-06-30,2013-07-29,9.843324550439254,3.613085115409777,4.27884819793722,0.5440067231260037,30,0.02091503143310547
LightGBM,0,s1_i31,2013-06-29,2013-06-30,2013-07-29,10.367163134222517,5.597037165775006,7.035880954915053,0.7291321005669701,30,0.020769119262695312
LightGBM,0,s1_i32,2013-06-29,2013-06-30,2013-07-29,13.558646657263374,5.76743324106838,6.688107770489,0.8527914107327323,30,0.021239042282104492
LightGBM,0,s1_i33,2013-06-29,2013-06-30,2013-07-29,8.99243080080265,6.10044020384957,8.163144045982952,0.7432226444629565,30,0.0203402042388916
LightGBM,0,s1_i34,2013-06-29,2013-06-30,2013-07-29,15.444331596151653,3.7990807948423546,4.6243481049836745,0.7985917100480814,30,0.020344972610473633
LightGBM,0,s1_i35,2013-06-29,2013-06-30,2013-07-29,10.113542937035385,6.337724491631934,8.676407396060647,0.8061958359653328,30,0.019325971603393555
LightGBM,0,s1_i36,2013-06-29,2013-06-30,2013-07-29,9.332298370844192,6.706893460217182,8.337113389074027,0.7320457845368633,30,0.0197601318359375
LightGBM,0,s1_i37,2013-06-29,2013-06-30,2013-07-29,13.612648092755771,3.7811433366288343,5.257341509042317,0.8075775272803424,30,0.019309043884277344
LightGBM,0,s1_i38,2013-06-29,2013-06-30,2013-07-29,13.09853188360726,10.417067455091633,11.74206232670547,1.152271527833446,30,0.020142078399658203
LightGBM,0,s1_i39,2013-06-29,2013-06-30,2013-07-29,10.755510146718006,4.264179906634358,5.379694744221537,0.5864094783356877,30,0.020661115646362305
LightGBM,0,s1_i40,2013-06-29,2013-06-30,2013-07-29,13.493179412287615,3.6953202945633703,4.446700873126502,0.6556824726625948,30,0.019924163818359375
LightGBM,0,s1_i41,2013-06-29,2013-06-30,2013-07-29,18.88612138372228,4.068439274168904,4.755498100906305,0.7503624672722896,30,0.020410776138305664
LightGBM,0,s1_i42,2013-06-29,2013-06-30,2013-07-29,9.792299889146648,3.367371091603108,4.328558350844411,0.6451331104493131,30,0.020419836044311523
LightGBM,0,s1_i43,2013-06-29,2013-06-30,2013-07-29,14.800755543483584,7.380714881684095,9.19284011365872,1.0622825909713591,30,0.020438671112060547
LightGBM,0,s1_i44,2013-06-29,2013-06-30,2013-07-29,17.859403321359125,4.8474798503884555,6.106198281938091,1.0227000170003362,30,0.01892399787902832
LightGBM,0,s1_i45,2013-06-29,2013-06-30,2013-07-29,10.426794226629001,8.184988971995738,10.806914132125451,1.0071145746664523,30,0.01871514320373535
LightGBM,0,s1_i46,2013-06-29,2013-06-30,2013-07-29,11.437145413545956,6.730996232543763,8.88864540125395,0.7576202655165926,30,0.01949596405029297
LightGBM,0,s1_i47,2013-06-29,2013-06-30,2013-07-29,19.362876903768207,4.032702166669978,5.451009065160108,0.9952317755516847,30,0.01991581916809082
LightGBM,0,s1_i48,2013-06-29,2013-06-30,2013-07-29,10.676950009564898,5.214074370986717,6.517071571632762,0.7529506394411031,30,0.018790721893310547
LightGBM,0,s1_i49,2013-06-29,2013-06-30,2013-07-29,17.315053636796396,4.816298141352923,5.714940125601627,0.9699878676207774,30,0.018902063369750977
LightGBM,0,s1_i50,2013-06-29,2013-06-30,2013-07-29,13.134152580357988,8.002456065229024,9.92938032903939,0.9241821756506927,30,0.01996016502380371
LightGBM,0,s2_i1,2013-06-29,2013-06-30,2013-07-29,15.691050874171838,4.667707914162758,5.6605731770108045,0.8164949130524808,30,0.01940131187438965
LightGBM,0,s2_i2,2013-06-29,2013-06-30,2013-07-29,10.41540671801823,8.255359103723638,11.026898749607788,0.9565821331404559,30,0.020157814025878906
LightGBM,0,s2_i3,2013-06-29,2013-06-30,2013-07-29,12.619982199319113,6.480663768573135,8.583548898976659,0.8677668976881027,30,0.019237756729125977
LightGBM,0,s2_i4,2013-06-29,2013-06-30,2013-07-29,13.396082698460104,3.9553757642772798,4.717868471798119,0.7287327019104352,30,0.02011895179748535
LightGBM,0,s2_i5,2013-06-29,2013-06-30,2013-07-29,15.153918072746158,3.596947438854023,4.603726776276801,0.7278033997612117,30,0.019928932189941406
LightGBM,0,s2_i6,2013-06-29,2013-06-30,2013-07-29,8.131334482591278,6.5364573159818,8.20307446489797,0.7239482173749093,30,0.019934892654418945
LightGBM,0,s2_i7,2013-06-29,2013-06-30,2013-07-29,9.211716728125237,7.383470549309893,8.252860207272953,0.8409087589763886,30,0.01901412010192871
LightGBM,0,s2_i8,2013-06-29,2013-06-30,2013-07-29,8.787798277780166,9.282520181850101,11.719812980105118,0.8368295942237081,30,0.01909494400024414
LightGBM,0,s2_i9,2013-06-29,2013-06-30,2013-07-29,8.953562911068826,5.849228036474741,7.75226522057981,0.631264161073563,30,0.01928997039794922
LightGBM,0,s2_i10,2013-06-29,2013-06-30,2013-07-29,8.56224308138602,8.915321160077614,11.25109580288134,0.8645462783317605,30,0.02018904685974121
LightGBM,0,s2_i11,2013-06-29,2013-06-30,2013-07-29,8.483209607080845,7.861797944827128,9.618186925559478,0.7893737924077373,30,0.019302845001220703
LightGBM,0,s2_i12,2013-06-29,2013-06-30,2013-07-29,9.973939990291033,9.114099471745476,11.269349177099091,0.9226092501184061,30,0.01866769790649414
LightGBM,0,s2_i13,2013-06-29,2013-06-30,2013-07-29,10.377906083175038,11.449110942155235,13.285248467767218,1.112125880292228,30,0.019416093826293945
LightGBM,0,s2_i14,2013-06-29,2013-06-30,2013-07-29,8.495517034306053,6.929021032521579,8.605867302090871,0.7186574571354349,30,0.03261613845825195
LightGBM,0,s2_i15,2013-06-29,2013-06-30,2013-07-29,12.357510220101602,14.681597833689446,17.49849099985865,1.243228793447477,30,0.029065847396850586
LightGBM,0,s2_i16,2013-06-29,2013-06-30,2013-07-29,15.195930047499756,4.837237729088607,6.158349136872218,0.7762913979573568,30,0.02422809600830078
LightGBM,0,s2_i17,2013-06-29,2013-06-30,2013-07-29,12.208567057570963,5.463821650808049,7.028001307166159,0.7139283576029326,30,0.03821206092834473
LightGBM,0,s2_i18,2013-06-29,2013-06-30,2013-07-29,11.94284384547385,13.444871413196434,15.426517142062833,1.172951464589038,30,0.024505138397216797
LightGBM,0,s2_i19,2013-06-29,2013-06-30,2013-07-29,13.292508135145454,7.357563909873632,9.770453940785233,1.07052864274427,30,0.02080702781677246
LightGBM,0,s2_i20,2013-06-29,2013-06-30,2013-07-29,10.25535631232004,6.453763162187826,8.388985355163175,0.7807699488974971,30,0.0208737850189209
LightGBM,0,s2_i21,2013-06-29,2013-06-30,2013-07-29,10.735693900832993,5.908168382842544,7.635307963262106,0.7997755321544593,30,0.022839069366455078
LightGBM,0,s2_i22,2013-06-29,2013-06-30,2013-07-29,8.717146322243886,9.992148685630328,13.99279131321916,0.9107701382805498,30,0.02228403091430664
LightGBM,0,s2_i23,2013-06-29,2013-06-30,2013-07-29,13.440728477380162,5.446982513253319,6.809385422660837,0.9017492580256666,30,0.02139592170715332
LightGBM,0,s2_i24,2013-06-29,2013-06-30,2013-07-29,8.713362352530408,8.284125617161047,11.509614293355757,0.7984143351703261,30,0.02094411849975586
LightGBM,0,s2_i25,2013-06-29,2013-06-30,2013-07-29,8.745935452171455,9.496005112115302,11.57602119403252,0.899183844685489,30,0.021085262298583984
LightGBM,0,s2_i26,2013-06-29,2013-06-30,2013-07-29,10.642967576434271,6.714147993606531,8.58504753021717,0.856598527098627,30,0.021496295928955078
LightGBM,0,s2_i27,2013-06-29,2013-06-30,2013-07-29,14.814183224209524,4.289710985178388,4.926159441048842,0.8005609496195945,30,0.020813941955566406
LightGBM,0,s2_i28,2013-06-29,2013-06-30,2013-07-29,12.557683936600892,14.935009199778415,19.118481324801248,1.4891968825959854,30,0.020520925521850586
LightGBM,0,s2_i29,2013-06-29,2013-06-30,2013-07-29,10.150905935896528,9.598034989686832,12.083504049161029,0.9493768170677986,30,0.020467042922973633
LightGBM,0,s2_i30,2013-06-29,2013-06-30,2013-07-29,11.011889370213066,5.6557914790603,7.151565984691519,0.764415566988428,30,0.020641088485717773
LightGBM,0,s2_i31,2013-06-29,2013-06-30,2013-07-29,8.998362648266786,7.540969952173467,9.213782112218135,0.8880788302058352,30,0.01996302604675293
LightGBM,0,s2_i32,2013-06-29,2013-06-30,2013-07-29,10.129219969407583,5.668915925254828,7.846071158717052,0.6717277088718331,30,0.019242048263549805
LightGBM,0,s2_i33,2013-06-29,2013-06-30,2013-07-29,8.51992644465944,7.9915112498325875,9.646984761629302,0.8303492168632957,30,0.020179271697998047
LightGBM,0,s2_i34,2013-06-29,2013-06-30,2013-07-29,14.492541452283506,4.767780931026851,5.766288264067551,0.746448960125348,30,0.019904136657714844
LightGBM,0,s2_i35,2013-06-29,2013-06-30,2013-07-29,6.962089370189209,6.2064557964703555,8.076996044456944,0.5955168345459496,30,0.01875925064086914
LightGBM,0,s2_i36,2013-06-29,2013-06-30,2013-07-29,7.052668698954825,7.3249301623704515,8.702361426509277,0.7204166674050347,30,0.0194091796875
LightGBM,0,s2_i37,2013-06-29,2013-06-30,2013-07-29,12.978568279035215,4.73518043952304,5.993034115910143,0.7786941215805815,30,0.02029109001159668
LightGBM,0,s2_i38,2013-06-29,2013-06-30,2013-07-29,10.478580841106117,11.265343110695634,13.208538011001249,1.0791275514748924,30,0.02034282684326172
LightGBM,0,s2_i39,2013-06-29,2013-06-30,2013-07-29,12.901030396534885,7.7590458087717105,9.638639469842722,1.018448349576111,30,0.019444942474365234
LightGBM,0,s2_i40,2013-06-29,2013-06-30,2013-07-29,13.397615162335985,5.198623048782372,6.322454958578891,0.8791415320501065,30,0.02014780044555664
LightGBM,0,s2_i41,2013-06-29,2013-06-30,2013-07-29,16.1415150654925,4.291808701420435,5.313486893520804,0.7591849746568469,30,0.018934011459350586
LightGBM,0,s2_i42,2013-06-29,2013-06-30,2013-07-29,11.30175902794853,5.324645217909766,6.127193948300658,0.6728733546983071,30,0.019934892654418945
LightGBM,0,s2_i43,2013-06-29,2013-06-30,2013-07-29,11.17074467875912,7.492658633421784,8.926153528470145,0.8477632069557264,30,0.02076578140258789
LightGBM,0,s2_i44,2013-06-29,2013-06-30,2013-07-29,12.451052496175006,5.172129231815847,6.532174555080956,0.8974707692566491,30,0.020231246948242188
LightGBM,0,s2_i45,2013-06-29,2013-06-30,2013-07-29,9.700526632966643,10.945041895225033,15.449565097629579,1.0296314560607964,30,0.02022695541381836
LightGBM,0,s2_i46,2013-06-29,2013-06-30,2013-07-29,6.435891207485015,5.224482932010983,6.514754958311909,0.5659583889417591,30,0.020346879959106445
LightGBM,0,s2_i47,2013-06-29,2013-06-30,2013-07-29,14.998344938868122,4.0616200449912565,5.326561463903069,0.8537791830325439,30,0.020107030868530273
LightGBM,0,s2_i48,2013-06-29,2013-06-30,2013-07-29,9.640858562218211,6.836987593254628,8.290929115730863,0.9084476601197307,30,0.019773006439208984
LightGBM,0,s2_i49,2013-06-29,2013-06-30,2013-07-29,11.114798744380908,4.45931936181079,6.094568013911724,0.6937610157133507,30,0.021087169647216797
LightGBM,0,s2_i50,2013-06-29,2013-06-30,2013-07-29,13.283237516727523,11.346188892782818,13.668929619934918,1.041321314732774,30,0.021207094192504883
LightGBM,0,s3_i1,2013-06-29,2013-06-30,2013-07-29,11.944131038879277,3.0220440931998533,3.770123792513764,0.6150748564907843,30,0.019241809844970703
LightGBM,0,s3_i2,2013-06-29,2013-06-30,2013-07-29,9.684320153826857,6.979724579631673,8.466778939938079,0.9552945823663082,30,0.01912212371826172
LightGBM,0,s3_i3,2013-06-29,2013-06-30,2013-07-29,11.547274048741627,5.1738321047743625,6.338891592289842,0.7837766672420065,30,0.01947617530822754
LightGBM,0,s3_i4,2013-06-29,2013-06-30,2013-07-29,16.13816485683482,4.4149153861327886,5.474017475167799,0.9692644183163575,30,0.038178205490112305
LightGBM,0,s3_i5,2013-06-29,2013-06-30,2013-07-29,12.87715858842967,2.741126421063427,3.506089111445942,0.5748059039327654,30,0.02036118507385254
LightGBM,0,s3_i6,2013-06-29,2013-06-30,2013-07-29,11.149263496124448,7.813769187235393,10.112719585507275,0.9845462995057512,30,0.020340919494628906
LightGBM,0,s3_i7,2013-06-29,2013-06-30,2013-07-29,10.878038482257223,7.933755143393475,9.888907703236226,1.0664643664511058,30,0.0203399658203125
LightGBM,0,s3_i8,2013-06-29,2013-06-30,2013-07-29,9.35655297502232,8.747345801230768,10.769580674569921,0.9088833774508626,30,0.020360231399536133
LightGBM,0,s3_i9,2013-06-29,2013-06-30,2013-07-29,12.27343025059809,7.347553564729858,8.841561643121205,0.9008694305757725,30,0.019561052322387695
LightGBM,0,s3_i10,2013-06-29,2013-06-30,2013-07-29,8.260523932799604,7.063863532122317,8.308088209369165,0.7695518834534185,30,0.018889904022216797
LightGBM,0,s3_i11,2013-06-29,2013-06-30,2013-07-29,8.418366067052133,7.087976416928421,9.66322531191499,0.7476950731702839,30,0.020570993423461914
LightGBM,0,s3_i12,2013-06-29,2013-06-30,2013-07-29,9.006855160762692,7.657482276394489,9.341187566191412,0.7561326676286734,30,0.01994013786315918
LightGBM,0,s3_i13,2013-06-29,2013-06-30,2013-07-29,7.943478236635087,8.177313665341298,10.365043647883583,0.6854046821635027,30,0.0202181339263916
LightGBM,0,s3_i14,2013-06-29,2013-06-30,2013-07-29,10.061727589723754,6.965628519425089,8.315090921744412,0.8663218790155764,30,0.01926589012145996
LightGBM,0,s3_i15,2013-06-29,2013-06-30,2013-07-29,7.619097996347677,7.51885430234874,9.546196814858757,0.8034353268482629,30,0.020457983016967773
LightGBM,0,s3_i16,2013-06-29,2013-06-30,2013-07-29,17.42163725895125,5.255329989861891,6.322227304900808,1.01356977488379,30,0.020381927490234375
LightGBM,0,s3_i17,2013-06-29,2013-06-30,2013-07-29,11.386246500612478,4.464616974554798,5.580435902541076,0.7232010641131706,30,0.020071983337402344
LightGBM,0,s3_i18,2013-06-29,2013-06-30,2013-07-29,5.657704299963084,5.430691699985847,7.349379822715283,0.4335531444497217,30,0.019937992095947266
LightGBM,0,s3_i19,2013-06-29,2013-06-30,2013-07-29,11.328246683545357,5.448162048903385,6.556122680107657,0.8537427847034312,30,0.02081894874572754
LightGBM,0,s3_i20,2013-06-29,2013-06-30,2013-07-29,9.47175094206522,5.444161557930472,6.505836246425221,0.6563344595180668,30,0.019576072692871094
LightGBM,0,s3_i21,2013-06-29,2013-06-30,2013-07-29,8.36912129867505,4.388903428006559,6.094988064561471,0.6040416013847538,30,0.020402908325195312
LightGBM,0,s3_i22,2013-06-29,2013-06-30,2013-07-29,7.6367416720804115,7.442999206537203,9.592701272916681,0.8144458333902828,30,0.021111011505126953
LightGBM,0,s3_i23,2013-06-29,2013-06-30,2013-07-29,13.018927290301715,4.450893002857076,5.794290516203304,0.7833209454310881,30,0.01987910270690918
LightGBM,0,s3_i24,2013-06-29,2013-06-30,2013-07-29,10.033729803880693,7.843229351905151,9.46724245686248,0.951527824484556,30,0.020451068878173828
LightGBM,0,s3_i25,2013-06-29,2013-06-30,2013-07-29,7.811091948101459,7.206340456242587,9.547052004303813,0.6592791638370767,30,0.019481897354125977
LightGBM,0,s3_i26,2013-06-29,2013-06-30,2013-07-29,11.995045316226081,6.740929436658226,8.845416133078,0.9481144653478449,30,0.018896102905273438
LightGBM,0,s3_i27,2013-06-29,2013-06-30,2013-07-29,16.426544566718583,4.290704740123055,4.711521938397235,0.8943276143211686,30,0.01957106590270996
LightGBM,0,s3_i28,2013-06-29,2013-06-30,2013-07-29,6.749048841752056,7.016641145138651,8.564279730949039,0.6335484958243125,30,0.019946813583374023
LightGBM,0,s3_i29,2013-06-29,2013-06-30,2013-07-29,10.348444229880362,8.598648912674209,10.129565379820265,0.9070525986193403,30,0.020097970962524414
LightGBM,0,s3_i30,2013-06-29,2013-06-30,2013-07-29,15.235814256210675,7.37797458086679,9.150124829912203,1.021111681850642,30,0.02087712287902832
LightGBM,0,s3_i31,2013-06-29,2013-06-30,2013-07-29,9.175666174903403,6.572825357801027,8.880778601015164,0.7996475293679596,30,0.019442081451416016
LightGBM,0,s3_i32,2013-06-29,2013-06-30,2013-07-29,12.832919723507763,6.615735103407525,8.03366840644029,1.0164495317172788,30,0.01958489418029785
LightGBM,0,s3_i33,2013-06-29,2013-06-30,2013-07-29,8.11398980187966,6.30033856047113,7.8857153747651125,0.7208720706592557,30,0.020106077194213867
LightGBM,0,s3_i34,2013-06-29,2013-06-30,2013-07-29,11.128667528992487,3.3644083574149137,3.9500867412869085,0.60629442263322,30,0.01919412612915039
LightGBM,0,s3_i35,2013-06-29,2013-06-30,2013-07-29,9.060837064187943,7.142889339017397,8.507115391462461,0.8355103823566371,30,0.020029783248901367
LightGBM,0,s3_i36,2013-06-29,2013-06-30,2013-07-29,9.983166864819157,9.393809886764064,11.425349597015149,0.9089088983517571,30,0.02197408676147461
LightGBM,0,s3_i37,2013-06-29,2013-06-30,2013-07-29,16.127463526786148,5.480211166360324,6.360153066988968,0.8868816946930829,30,0.020272016525268555
LightGBM,0,s3_i38,2013-06-29,2013-06-30,2013-07-29,7.685471667786616,7.7053361184155085,9.322309625507083,0.7497318044747915,30,0.019871950149536133
LightGBM,0,s3_i39,2013-06-29,2013-06-30,2013-07-29,10.51795973588249,5.661290877006948,7.564388462418657,0.7633696972643328,30,0.020371198654174805
LightGBM,0,s3_i40,2013-06-29,2013-06-30,2013-07-29,12.919702009593081,4.506869050130206,5.529291598110672,0.8276946343198879,30,0.019715070724487305
LightGBM,0,s3_i41,2013-06-29,2013-06-30,2013-07-29,20.939519382212172,5.190757953005553,6.011282668284848,1.022780325390683,30,0.018961191177368164
LightGBM,0,s3_i42,2013-06-29,2013-06-30,2013-07-29,12.081523845550954,5.593249979375102,7.437434882196028,0.7822411045243047,30,0.019501924514770508
LightGBM,0,s3_i43,2013-06-29,2013-06-30,2013-07-29,13.529043129231297,7.915798983912216,9.144589305677213,0.9844954881714563,30,0.020741939544677734
LightGBM,0,s3_i44,2013-06-29,2013-06-30,2013-07-29,12.742290053690263,4.671565760614087,5.826918340090799,0.734042576257264,30,0.019987821578979492
LightGBM,0,s3_i45,2013-06-29,2013-06-30,2013-07-29,8.484739937486738,8.136634158736683,10.245607107899005,0.8034461811201199,30,0.01982402801513672
LightGBM,0,s3_i46,2013-06-29,2013-06-30,2013-07-29,9.91597933532745,6.988877465251298,8.110223134529033,0.863625572385048,30,0.019709110260009766
LightGBM,0,s3_i47,2013-06-29,2013-06-30,2013-07-29,16.224800907980754,4.507401401077586,5.43013540832283,0.9615048609372158,30,0.01967620849609375
LightGBM,0,s3_i48,2013-06-29,2013-06-30,2013-07-29,11.146691188224576,7.006392031973335,9.330268906180523,0.8529949481941019,30,0.0200650691986084
LightGBM,0,s3_i49,2013-06-29,2013-06-30,2013-07-29,14.701174757252247,5.149857216519583,6.338399972014686,0.8218868065643001,30,0.019234180450439453
LightGBM,0,s3_i50,2013-06-29,2013-06-30,2013-07-29,9.277459572184656,7.352858322107269,9.013259409407564,0.8435308286330415,30,0.0200040340423584
LightGBM,0,s4_i1,2013-06-29,2013-06-30,2013-07-29,12.471394143894177,3.0067142715420148,3.6953952686059353,0.6112356860999116,30,0.019941091537475586
LightGBM,0,s4_i2,2013-06-29,2013-06-30,2013-07-29,10.638712182038107,6.839963011462631,9.369241411070266,0.8681684525552766,30,0.019604921340942383
LightGBM,0,s4_i3,2013-06-29,2013-06-30,2013-07-29,14.133055727704843,5.691751357180084,7.023006110661242,0.9634765015904824,30,0.01988387107849121
LightGBM,0,s4_i4,2013-06-29,2013-06-30,2013-07-29,20.96704526448385,5.02906200601015,5.782332667358876,1.1869409643034314,30,0.019052982330322266
LightGBM,0,s4_i5,2013-06-29,2013-06-30,2013-07-29,19.64709507643475,4.196699698452286,5.213116615054612,1.0197037186177482,30,0.020750045776367188
LightGBM,0,s4_i6,2013-06-29,2013-06-30,2013-07-29,11.888706702194316,7.534082713632696,8.967023063554008,0.9376951865440539,30,0.019646883010864258
LightGBM,0,s4_i7,2013-06-29,2013-06-30,2013-07-29,9.646275041742403,6.36274567253218,8.18409397932176,0.7988062418068749,30,0.02050304412841797
LightGBM,0,s4_i8,2013-06-29,2013-06-30,2013-07-29,7.820676795924767,6.402018057280116,7.618709484297473,0.6503518049306807,30,0.02015209197998047
LightGBM,0,s4_i9,2013-06-29,2013-06-30,2013-07-29,11.145858228482407,6.818857937760198,8.62211927851539,1.0125857708646668,30,0.019999027252197266
LightGBM,0,s4_i10,2013-06-29,2013-06-30,2013-07-29,8.54804845685622,7.08290685850667,8.678646491050388,0.7512831921469539,30,0.020322084426879883
LightGBM,0,s4_i11,2013-06-29,2013-06-30,2013-07-29,8.557485373698007,6.666202641088703,8.386514228815878,0.8190717732717658,30,0.02135181427001953
LightGBM,0,s4_i12,2013-06-29,2013-06-30,2013-07-29,10.171342280593137,7.994928174436105,10.714091809075079,0.9034112175187171,30,0.01970982551574707
LightGBM,0,s4_i13,2013-06-29,2013-06-30,2013-07-29,8.604558316229486,8.36155648507374,10.367522811233314,0.9721433277886936,30,0.01988816261291504
LightGBM,0,s4_i14,2013-06-29,2013-06-30,2013-07-29,13.570613102284437,8.774681245228066,10.55358673115581,1.3120309897990268,30,0.019177913665771484
LightGBM,0,s4_i15,2013-06-29,2013-06-30,2013-07-29,8.009929226821292,7.776228760315621,9.5776116199272,0.8879785976112093,30,0.020207881927490234
LightGBM,0,s4_i16,2013-06-29,2013-06-30,2013-07-29,14.692391519850611,4.343409343970114,5.363781040952811,0.8302870899040774,30,0.0192110538482666
LightGBM,0,s4_i17,2013-06-29,2013-06-30,2013-07-29,9.75869846218775,3.5226552079984828,4.606525106935747,0.5350477180782918,30,0.019454002380371094
LightGBM,0,s4_i18,2013-06-29,2013-06-30,2013-07-29,7.809416731053299,7.548228493644272,10.120868659473025,0.8233565758247279,30,0.01970386505126953
LightGBM,0,s4_i19,2013-06-29,2013-06-30,2013-07-29,12.60490704687938,6.16682067517866,8.28649158857639,0.9979981072341015,30,0.01957082748413086
LightGBM,0,s4_i20,2013-06-29,2013-06-30,2013-07-29,10.414219626445481,5.726694197217692,7.247997267116898,0.8154058403107782,30,0.018949270248413086
LightGBM,0,s4_i21,2013-06-29,2013-06-30,2013-07-29,13.019247637940001,5.5406947763055765,7.319664983481629,0.8227812842562434,30,0.01930689811706543
LightGBM,0,s4_i22,2013-06-29,2013-06-30,2013-07-29,8.557768037215485,7.656372386145761,9.012711821587626,0.8325282354866055,30,0.019934892654418945
LightGBM,0,s4_i23,2013-06-29,2013-06-30,2013-07-29,16.141120373134402,4.935678362571212,5.818373705390391,0.867756459933636,30,0.020109891891479492
LightGBM,0,s4_i24,2013-06-29,2013-06-30,2013-07-29,10.029494824113847,7.184496979472756,8.611860609024712,0.8554149878188575,30,0.01901388168334961
LightGBM,0,s4_i25,2013-06-29,2013-06-30,2013-07-29,7.523545268282436,6.917178340100177,8.565634273549167,0.6925184332856047,30,0.019612789154052734
LightGBM,0,s4_i26,2013-06-29,2013-06-30,2013-07-29,10.986330886979593,5.933517102992811,7.520875411843964,0.8773491099709188,30,0.0209047794342041
LightGBM,0,s4_i27,2013-06-29,2013-06-30,2013-07-29,13.848001381169068,3.3914390053237273,4.225632512791266,0.6830255504107583,30,0.01941394805908203
LightGBM,0,s4_i28,2013-06-29,2013-06-30,2013-07-29,5.877842213255297,5.975463750186005,8.218896912628884,0.6175359788980557,30,0.019757986068725586
LightGBM,0,s4_i29,2013-06-29,2013-06-30,2013-07-29,10.5330549077274,8.018381909536712,10.183114302106565,0.8505089332941221,30,0.01928997039794922
LightGBM,0,s4_i30,2013-06-29,2013-06-30,2013-07-29,10.803223237748398,4.709908761847479,5.809297881915539,0.7427659213045719,30,0.019618988037109375
LightGBM,0,s4_i31,2013-06-29,2013-06-30,2013-07-29,11.82661977680977,7.376892751666218,8.564732414884412,0.874111264306188,30,0.01948094367980957
LightGBM,0,s4_i32,2013-06-29,2013-06-30,2013-07-29,12.16944916783238,6.049774029742208,7.072689650162856,0.9188857831311982,30,0.02012801170349121
LightGBM,0,s4_i33,2013-06-29,2013-06-30,2013-07-29,9.209305740533352,7.146937632721318,8.207142401582926,0.8592218278750122,30,0.02106499671936035
LightGBM,0,s4_i34,2013-06-29,2013-06-30,2013-07-29,18.164221057657283,5.383821868858758,7.0366792972060335,1.0560104117118767,30,0.020933151245117188
LightGBM,0,s4_i35,2013-06-29,2013-06-30,2013-07-29,10.919008875843582,8.009909892576333,9.471696902762,0.8042451603462398,30,0.019823074340820312
LightGBM,0,s4_i36,2013-06-29,2013-06-30,2013-07-29,6.920283314212148,5.743094814386267,8.428709024975504,0.6225284478578489,30,0.021284103393554688
LightGBM,0,s4_i37,2013-06-29,2013-06-30,2013-07-29,11.16063613060803,3.7557108535610118,4.8086276521799585,0.7031796293770617,30,0.021483898162841797
LightGBM,0,s4_i38,2013-06-29,2013-06-30,2013-07-29,7.771868375990793,6.876330082746341,8.315340563247844,0.7505394979086899,30,0.02018904685974121
LightGBM,0,s4_i39,2013-06-29,2013-06-30,2013-07-29,11.81695882180971,5.650211150151081,7.196660106752444,0.7733279500335059,30,0.019067049026489258
LightGBM,0,s4_i40,2013-06-29,2013-06-30,2013-07-29,18.408823929376254,6.009881845698802,7.036691096258267,1.0663687785860625,30,0.019652843475341797
LightGBM,0,s4_i41,2013-06-29,2013-06-30,2013-07-29,15.14806768207619,3.751136819481436,4.616721507160971,0.8204129830952679,30,0.019105911254882812
LightGBM,0,s4_i42,2013-06-29,2013-06-30,2013-07-29,14.752193321791232,5.9936967353611665,7.201308050386989,1.053769852678028,30,0.01942610740661621
LightGBM,0,s4_i43,2013-06-29,2013-06-30,2013-07-29,11.9933956663359,6.624434794085404,8.089436691159243,0.9212437453516075,30,0.0202333927154541
LightGBM,0,s4_i44,2013-06-29,2013-06-30,2013-07-29,11.84495533033032,4.114958971167992,5.2919603637441766,0.8424708897826215,30,0.02009105682373047
LightGBM,0,s4_i45,2013-06-29,2013-06-30,2013-07-29,9.799117853650335,8.701474104478882,10.59163288445075,0.9594359591516024,30,0.019360065460205078
LightGBM,0,s4_i46,2013-06-29,2013-06-30,2013-07-29,10.658198710157379,6.960964107615442,7.845672354490786,0.9437670771584638,30,0.021028757095336914
LightGBM,0,s4_i47,2013-06-29,2013-06-30,2013-07-29,16.704595178755373,3.724449857801247,4.515535766606309,0.8568215761321617,30,0.01950383186340332
LightGBM,0,s4_i48,2013-06-29,2013-06-30,2013-07-29,11.861644313692793,6.569318641967399,7.852152149406075,0.9292658421092372,30,0.0199887752532959
LightGBM,0,s4_i49,2013-06-29,2013-06-30,2013-07-29,14.839550074539492,4.886785092962549,6.01867606618111,0.8539533544795829,30,0.020032882690429688
LightGBM,0,s4_i50,2013-06-29,2013-06-30,2013-07-29,10.016972374441197,6.823369119761248,8.801543119148779,0.8312977870245644,30,0.01953721046447754
LightGBM,1,s1_i1,2013-07-29,2013-07-30,2013-08-28,23.904724369787463,4.558301988537461,5.4147191430488695,1.0599488012118383,30,0.023685932159423828
LightGBM,1,s1_i2,2013-07-29,2013-07-30,2013-08-28,16.27085023499105,8.747900384690906,9.892959923100081,1.069773360165717,30,0.0211639404296875
LightGBM,1,s1_i3,2013-07-29,2013-07-30,2013-08-28,20.75847095224182,6.882637963916012,8.433722635003072,1.1442878840644224,30,0.020375967025756836
LightGBM,1,s1_i4,2013-07-29,2013-07-30,2013-08-28,24.901571932736953,4.965909683027415,6.188077544396492,1.1339478801174059,30,0.021300077438354492
LightGBM,1,s1_i5,2013-07-29,2013-07-30,2013-08-28,29.124641407015307,4.667746441043406,5.439501602147398,1.334581024311115,30,0.0202178955078125
LightGBM,1,s1_i6,2013-07-29,2013-07-30,2013-08-28,17.64728996889275,9.353076125520387,11.752651593932816,1.1778377501498372,30,0.019937753677368164
LightGBM,1,s1_i7,2013-07-29,2013-07-30,2013-08-28,15.38000240867746,8.290651756883051,9.697127219996203,1.147240836001615,30,0.0207517147064209
LightGBM,1,s1_i8,2013-07-29,2013-07-30,2013-08-28,19.860323428004314,13.219540318748878,15.196204868330808,1.3926137438626476,30,0.02037215232849121
LightGBM,1,s1_i9,2013-07-29,2013-07-30,2013-08-28,20.679145733663276,9.933004356915223,11.714988196425894,1.2958868150325997,30,0.021461963653564453
LightGBM,1,s1_i10,2013-07-29,2013-07-30,2013-08-28,14.768126224732795,9.710366005286431,11.124289315168335,1.0524315530483193,30,0.02030634880065918
LightGBM,1,s1_i11,2013-07-29,2013-07-30,2013-08-28,17.30798431392326,11.048426019671982,12.987430245255462,1.43403483484802,30,0.020263195037841797
LightGBM,1,s1_i12,2013-07-29,2013-07-30,2013-08-28,13.295315161599069,8.333612956952317,10.020870666488504,1.0462111503085587,30,0.020159006118774414
LightGBM,1,s1_i13,2013-07-29,2013-07-30,2013-08-28,16.73569199572547,12.61676955321105,15.091918636438049,1.3980372374552628,30,0.019949913024902344
LightGBM,1,s1_i14,2013-07-29,2013-07-30,2013-08-28,20.070520234046622,10.08599607926113,12.602189398291088,1.371371201481327,30,0.020379066467285156
LightGBM,1,s1_i15,2013-07-29,2013-07-30,2013-08-28,16.18099868026042,12.650536912673752,15.465892088614435,1.3445335041883935,30,0.020093202590942383
LightGBM,1,s1_i16,2013-07-29,2013-07-30,2013-08-28,21.954611256996024,4.893819624759423,6.35286881922931,0.8527428185863142,30,0.01856207847595215
LightGBM,1,s1_i17,2013-07-29,2013-07-30,2013-08-28,23.624064071177393,7.1203420237237385,8.398447088835965,1.2385856303037583,30,0.02011895179748535
LightGBM,1,s1_i18,2013-07-29,2013-07-30,2013-08-28,14.367236153444024,10.883886513688003,12.829615795169534,1.1459693786545813,30,0.020411968231201172
LightGBM,1,s1_i19,2013-07-29,2013-07-30,2013-08-28,23.382165840986183,8.58843742345011,9.86128658374156,1.3411175359139427,30,0.02063584327697754
LightGBM,1,s1_i20,2013-07-29,2013-07-30,2013-08-28,17.741632554113707,7.5135914701744415,9.000987041240164,1.1306590572393533,30,0.02025294303894043
LightGBM,1,s1_i21,2013-07-29,2013-07-30,2013-08-28,16.187972567894313,5.670617721424515,7.430310862975389,0.8616282913729536,30,0.019617080688476562
LightGBM,1,s1_i22,2013-07-29,2013-07-30,2013-08-28,14.521552121956061,10.945859338050713,13.030376343326159,1.2358228283500683,30,0.020637989044189453
LightGBM,1,s1_i23,2013-07-29,2013-07-30,2013-08-28,21.612131550805096,5.480938040215155,6.391667341487906,0.97513621557031,30,0.019929170608520508
LightGBM,1,s1_i24,2013-07-29,2013-07-30,2013-08-28,19.796371200580065,11.463211062608645,13.298574645167612,1.36964793727576,30,0.02062511444091797
LightGBM,1,s1_i25,2013-07-29,2013-07-30,2013-08-28,15.032748917817074,10.928816750241658,13.63191830437613,1.1857561732006137,30,0.02094101905822754
LightGBM,1,s1_i26,2013-07-29,2013-07-30,2013-08-28,22.721245331448973,10.279635947905081,11.673200993642473,1.3911773980948816,30,0.020424365997314453
LightGBM,1,s1_i27,2013-07-29,2013-07-30,2013-08-28,25.56542690903601,5.189784655327296,6.647593184260546,1.0503751593401944,30,0.020097017288208008
LightGBM,1,s1_i28,2013-07-29,2013-07-30,2013-08-28,17.941438321323343,13.707527107742427,15.35475316896131,1.462232266198045,30,0.02060985565185547
LightGBM,1,s1_i29,2013-07-29,2013-07-30,2013-08-28,14.273197439703672,8.779499300183344,11.274469491637216,1.1132032215560517,30,0.019258737564086914
LightGBM,1,s1_i30,2013-07-29,2013-07-30,2013-08-28,21.37432372741756,7.023462520758769,8.648428677089305,1.1018260367004322,30,0.019780874252319336
LightGBM,1,s1_i31,2013-07-29,2013-07-30,2013-08-28,19.65011917146256,10.19222355669256,11.678655158735387,1.300453414044373,30,0.019270896911621094
LightGBM,1,s1_i32,2013-07-29,2013-07-30,2013-08-28,24.41521299257995,9.455450686659226,11.159827013299239,1.400041202850193,30,0.019768714904785156
LightGBM,1,s1_i33,2013-07-29,2013-07-30,2013-08-28,15.261595449209201,9.87168016690121,12.183522282129545,1.189994699310794,30,0.01997685432434082
LightGBM,1,s1_i34,2013-07-29,2013-07-30,2013-08-28,27.271116908827185,5.909363180562909,6.977039114796311,1.1912618921672735,30,0.020661115646362305
LightGBM,1,s1_i35,2013-07-29,2013-07-30,2013-08-28,14.116645166022812,8.376320280900131,9.692662803133484,1.0008199039550087,30,0.0204620361328125
LightGBM,1,s1_i36,2013-07-29,2013-07-30,2013-08-28,15.115055094081756,10.638615352490799,12.607052160622414,1.2018024019541826,30,0.020663022994995117
LightGBM,1,s1_i37,2013-07-29,2013-07-30,2013-08-28,18.264736052138897,4.74426877809668,5.7021772876311365,0.9650165949476229,30,0.019384145736694336
LightGBM,1,s1_i38,2013-07-29,2013-07-30,2013-08-28,14.44839743226359,11.035483508633948,14.119187631750432,1.112315368434405,30,0.023394107818603516
LightGBM,1,s1_i39,2013-07-29,2013-07-30,2013-08-28,13.674719648392076,5.277070142803547,6.528992141636317,0.7408334985053463,30,0.02110600471496582
LightGBM,1,s1_i40,2013-07-29,2013-07-30,2013-08-28,16.292518634777966,4.2521049618062845,5.121688060908586,0.7486359992148331,30,0.021692991256713867
LightGBM,1,s1_i41,2013-07-29,2013-07-30,2013-08-28,25.39742101498736,4.998815248890353,6.171521288234517,0.9318269011346013,30,0.022474050521850586
LightGBM,1,s1_i42,2013-07-29,2013-07-30,2013-08-28,22.847376223636914,7.4689329128673405,8.439917375737506,1.3884554771338953,30,0.020819902420043945
LightGBM,1,s1_i43,2013-07-29,2013-07-30,2013-08-28,21.40894450932679,9.446303670366065,11.247293019790742,1.299186751233453,30,0.021575927734375
LightGBM,1,s1_i44,2013-07-29,2013-07-30,2013-08-28,17.971943400272867,4.488162318341214,5.584658552676013,0.8760547600436801,30,0.02208399772644043
LightGBM,1,s1_i45,2013-07-29,2013-07-30,2013-08-28,19.05009575495757,14.335339211300006,16.271778901258998,1.6357919390454387,30,0.022027969360351562
LightGBM,1,s1_i46,2013-07-29,2013-07-30,2013-08-28,18.51869314228456,9.90358573065238,11.898629485398807,1.0956010371117306,30,0.022840023040771484
LightGBM,1,s1_i47,2013-07-29,2013-07-30,2013-08-28,21.4063798266682,4.395931566213298,5.3762700077388414,1.0400630626225718,30,0.021106243133544922
LightGBM,1,s1_i48,2013-07-29,2013-07-30,2013-08-28,22.68802614286155,10.555720913384814,12.689847677809674,1.50056816884629,30,0.020438194274902344
LightGBM,1,s1_i49,2013-07-29,2013-07-30,2013-08-28,16.22420297778483,4.437463811117382,5.0259705518164965,0.8442410060782077,30,0.020884275436401367
LightGBM,1,s1_i50,2013-07-29,2013-07-30,2013-08-28,13.767058101277152,8.378025717425155,9.954046136724852,0.9124137448777287,30,0.020574092864990234
LightGBM,1,s2_i1,2013-07-29,2013-07-30,2013-08-28,22.622612134166875,6.070648272708125,7.146927416369232,1.0523839446166654,30,0.021045923233032227
LightGBM,1,s2_i2,2013-07-29,2013-07-30,2013-08-28,15.641495920185056,11.8318322594152,13.997344629414203,1.2899365995700476,30,0.02135300636291504
LightGBM,1,s2_i3,2013-07-29,2013-07-30,2013-08-28,25.602113271796213,11.927699440795793,13.60132796178721,1.5180708377262557,30,0.02126288414001465
LightGBM,1,s2_i4,2013-07-29,2013-07-30,2013-08-28,14.158444519194804,3.964408984333258,4.765840790361226,0.7296237748608683,30,0.020993947982788086
LightGBM,1,s2_i5,2013-07-29,2013-07-30,2013-08-28,24.300469848245502,5.152547440394295,6.180048967053076,1.0294952068809589,30,0.02079319953918457
LightGBM,1,s2_i6,2013-07-29,2013-07-30,2013-08-28,15.659199436519819,11.920915833685251,14.2773228750638,1.3399479036357125,30,0.020511150360107422
LightGBM,1,s2_i7,2013-07-29,2013-07-30,2013-08-28,18.888138969467963,13.98795284986316,16.307650137301863,1.574905395564346,30,0.020258188247680664
LightGBM,1,s2_i8,2013-07-29,2013-07-30,2013-08-28,15.164647270519444,15.324857992755165,17.777228351211335,1.3716693881176585,30,0.019215106964111328
LightGBM,1,s2_i9,2013-07-29,2013-07-30,2013-08-28,19.888191935920542,12.964690715635719,15.232603669370645,1.4021482232229168,30,0.020255088806152344
LightGBM,1,s2_i10,2013-07-29,2013-07-30,2013-08-28,20.734373286939803,19.439864082140037,22.28668124549951,1.881875254312068,30,0.019856929779052734
LightGBM,1,s2_i11,2013-07-29,2013-07-30,2013-08-28,19.357755841392972,16.830672897216065,18.02762420432074,1.678107366303637,30,0.019726991653442383
LightGBM,1,s2_i12,2013-07-29,2013-07-30,2013-08-28,17.18321727176174,15.523272325111746,17.489689930306344,1.5409409690390579,30,0.01851201057434082
LightGBM,1,s2_i13,2013-07-29,2013-07-30,2013-08-28,12.07713260283441,12.726705976659058,15.408413579520222,1.1802290146286898,30,0.019624948501586914
LightGBM,1,s2_i14,2013-07-29,2013-07-30,2013-08-28,15.631778204985094,12.029244101793234,14.312975325028127,1.2185312137807707,30,0.02016901969909668
LightGBM,1,s2_i15,2013-07-29,2013-07-30,2013-08-28,12.140976318320785,13.265668906429509,15.845384324058708,1.12486666156092,30,0.02033376693725586
LightGBM,1,s2_i16,2013-07-29,2013-07-30,2013-08-28,24.51323630698701,7.755032979198103,8.866054274899179,1.2318244871104496,30,0.020306825637817383
LightGBM,1,s2_i17,2013-07-29,2013-07-30,2013-08-28,21.771249596200978,8.946947614083456,10.528193458896872,1.1710060383115586,30,0.020459651947021484
LightGBM,1,s2_i18,2013-07-29,2013-07-30,2013-08-28,13.790227288139578,14.624704004961371,18.3853707603769,1.3107350608128385,30,0.01826190948486328
LightGBM,1,s2_i19,2013-07-29,2013-07-30,2013-08-28,16.85763282733743,8.730111785020831,11.119324823152605,1.2524471322296693,30,0.02071404457092285
LightGBM,1,s2_i20,2013-07-29,2013-07-30,2013-08-28,12.250604097232097,7.3007505493123075,8.79752595930295,0.8601580739035324,30,0.0235750675201416
LightGBM,1,s2_i21,2013-07-29,2013-07-30,2013-08-28,21.83487784471877,10.93151245317872,12.66788248157551,1.4206767142809749,30,0.020761966705322266
LightGBM,1,s2_i22,2013-07-29,2013-07-30,2013-08-28,17.41877550215968,18.000242872730933,21.424351285177114,1.6862248743987427,30,0.021075963973999023
LightGBM,1,s2_i23,2013-07-29,2013-07-30,2013-08-28,24.15892597982743,9.099862411913536,10.29673479792774,1.4568391713901494,30,0.020841121673583984
LightGBM,1,s2_i24,2013-07-29,2013-07-30,2013-08-28,16.570541735544253,13.88079512797902,16.340491367645708,1.3081714998673084,30,0.01935887336730957
LightGBM,1,s2_i25,2013-07-29,2013-07-30,2013-08-28,15.781386559075179,16.235334417185147,18.648205080106177,1.5473112142603196,30,0.020141124725341797
LightGBM,1,s2_i26,2013-07-29,2013-07-30,2013-08-28,15.524266272284395,9.418817321744893,10.560379669503993,1.178803894004264,30,0.020656108856201172
LightGBM,1,s2_i27,2013-07-29,2013-07-30,2013-08-28,20.526712235228644,5.472442067949512,6.49699843695816,1.0372602610487274,30,0.02132725715637207
LightGBM,1,s2_i28,2013-07-29,2013-07-30,2013-08-28,11.288884468516706,12.564430082174443,14.235239308024509,1.1748407675923165,30,0.01870417594909668
LightGBM,1,s2_i29,2013-07-29,2013-07-30,2013-08-28,18.77331677944964,17.333934802015946,19.715461387137434,1.6796127754025183,30,0.020142078399658203
LightGBM,1,s2_i30,2013-07-29,2013-07-30,2013-08-28,21.372061594128066,10.704417253231886,12.53518649174818,1.4842873648256576,30,0.02099013328552246
LightGBM,1,s2_i31,2013-07-29,2013-07-30,2013-08-28,16.77722759596487,12.75496032482902,14.817944492050776,1.5097708137806456,30,0.020947933197021484
LightGBM,1,s2_i32,2013-07-29,2013-07-30,2013-08-28,17.920112826379512,10.04650346593317,11.658919720145022,1.2263621186623463,30,0.01947188377380371
LightGBM,1,s2_i33,2013-07-29,2013-07-30,2013-08-28,19.264861631162113,16.962671431373103,18.87546106835752,1.6954319548126868,30,0.020857810974121094
LightGBM,1,s2_i34,2013-07-29,2013-07-30,2013-08-28,22.93347152855615,6.9724940189204725,8.453525356085708,1.0739122045696903,30,0.020700931549072266
LightGBM,1,s2_i35,2013-07-29,2013-07-30,2013-08-28,22.504662122613464,18.6321249862883,20.46494205687496,1.855898612286446,30,0.020043134689331055
LightGBM,1,s2_i36,2013-07-29,2013-07-30,2013-08-28,17.944996287766514,17.650516607496577,19.524063406926015,1.7168446914102948,30,0.01896810531616211
LightGBM,1,s2_i37,2013-07-29,2013-07-30,2013-08-28,15.883930971084908,5.918882258510646,7.557287196136802,0.9643122779148521,30,0.02056097984313965
LightGBM,1,s2_i38,2013-07-29,2013-07-30,2013-08-28,16.319856958647097,17.044128394317415,19.522458707625,1.5712797746264602,30,0.018927812576293945
LightGBM,1,s2_i39,2013-07-29,2013-07-30,2013-08-28,18.944113743280795,10.243585025289331,12.271677431895023,1.3270247350761635,30,0.020851850509643555
LightGBM,1,s2_i40,2013-07-29,2013-07-30,2013-08-28,21.57367647187395,7.981688428184435,9.196220783123781,1.3087905901904326,30,0.020055770874023438
LightGBM,1,s2_i41,2013-07-29,2013-07-30,2013-08-28,18.301595743215504,4.983144221608959,6.005274757198484,0.8827035574235862,30,0.019958972930908203
LightGBM,1,s2_i42,2013-07-29,2013-07-30,2013-08-28,22.620161000867228,10.205578511464978,11.861400287278643,1.2980779683984216,30,0.02105116844177246
LightGBM,1,s2_i43,2013-07-29,2013-07-30,2013-08-28,17.058702253832042,11.362737335663914,13.172867638066235,1.2481794799168797,30,0.02166295051574707
LightGBM,1,s2_i44,2013-07-29,2013-07-30,2013-08-28,22.783313851947824,8.590567237339878,10.153354899856664,1.4235797133804151,30,0.019861221313476562
LightGBM,1,s2_i45,2013-07-29,2013-07-30,2013-08-28,14.0147019364078,14.566636067558001,17.26461605110636,1.3539501471792226,30,0.020994901657104492
LightGBM,1,s2_i46,2013-07-29,2013-07-30,2013-08-28,19.97175179473298,15.311867902327519,17.843375580361563,1.7078621889152694,30,0.021625041961669922
LightGBM,1,s2_i47,2013-07-29,2013-07-30,2013-08-28,22.85756656698891,5.950300305588089,7.311401609794758,1.1924096365175942,30,0.021485090255737305
LightGBM,1,s2_i48,2013-07-29,2013-07-30,2013-08-28,19.58252232521932,12.697632620487807,14.864183108116487,1.6847185762202792,30,0.02260279655456543
LightGBM,1,s2_i49,2013-07-29,2013-07-30,2013-08-28,18.613815318905992,6.699341544599624,8.057382420129906,1.034194930299454,30,0.023569107055664062
LightGBM,1,s2_i50,2013-07-29,2013-07-30,2013-08-28,20.828906340850292,17.749495182512923,19.567778030058907,1.5727400793238135,30,0.021062135696411133
LightGBM,1,s3_i1,2013-07-29,2013-07-30,2013-08-28,22.838388426979787,5.4668333515225624,6.642879781547501,1.1488272982669443,30,0.02139425277709961
LightGBM,1,s3_i2,2013-07-29,2013-07-30,2013-08-28,18.362559025575784,11.874951220487407,13.9187143823431,1.6049368158676043,30,0.020051956176757812
LightGBM,1,s3_i3,2013-07-29,2013-07-30,2013-08-28,19.910987963547033,8.38845801808653,9.751869946014962,1.238441438123754,30,0.02078986167907715
LightGBM,1,s3_i4,2013-07-29,2013-07-30,2013-08-28,21.209114572142735,5.56509929187122,6.246094588903315,1.1682680000131325,30,0.020122051239013672
LightGBM,1,s3_i5,2013-07-29,2013-07-30,2013-08-28,22.098830697858542,4.508820040441462,5.099062243652437,0.963463650541088,30,0.021371126174926758
LightGBM,1,s3_i6,2013-07-29,2013-07-30,2013-08-28,19.145142544240407,12.427250671552743,14.063266623381505,1.4804764589346657,30,0.02182173728942871
LightGBM,1,s3_i7,2013-07-29,2013-07-30,2013-08-28,16.108342436335306,10.647161899588447,12.258960981844607,1.2857667253750409,30,0.020388126373291016
LightGBM,1,s3_i8,2013-07-29,2013-07-30,2013-08-28,18.695429983541587,16.338740495437047,19.666053226876475,1.6785244535592005,30,0.020354747772216797
LightGBM,1,s3_i9,2013-07-29,2013-07-30,2013-08-28,11.594683780549273,6.72151451981326,8.400033615909859,0.7855310577792913,30,0.019289255142211914
LightGBM,1,s3_i10,2013-07-29,2013-07-30,2013-08-28,17.619160604391585,14.501826284586333,16.939183443558328,1.600799747387745,30,0.019748926162719727
LightGBM,1,s3_i11,2013-07-29,2013-07-30,2013-08-28,16.67740410503418,13.121618316642815,14.656480896778106,1.355566675828657,30,0.019060134887695312
LightGBM,1,s3_i12,2013-07-29,2013-07-30,2013-08-28,17.129765881778006,13.978145650156666,15.629691918119038,1.4316667844052344,30,0.021387100219726562
LightGBM,1,s3_i13,2013-07-29,2013-07-30,2013-08-28,18.43991592918271,17.64979801185886,19.87111985403208,1.4978716538893313,30,0.01913905143737793
LightGBM,1,s3_i14,2013-07-29,2013-07-30,2013-08-28,18.64666400932079,12.59313505210195,14.251288343534863,1.518958060171329,30,0.020603179931640625
LightGBM,1,s3_i15,2013-07-29,2013-07-30,2013-08-28,14.243480574496676,13.95457370662015,15.640846130978435,1.457940536360231,30,0.019765138626098633
LightGBM,1,s3_i16,2013-07-29,2013-07-30,2013-08-28,24.147264271803223,7.167634315622656,8.529890190852292,1.3002946968788553,30,0.02021193504333496
LightGBM,1,s3_i17,2013-07-29,2013-07-30,2013-08-28,20.674982210726288,7.712899742386325,9.618366678517837,1.2416484119368512,30,0.020905017852783203
LightGBM,1,s3_i18,2013-07-29,2013-07-30,2013-08-28,14.776836204023189,14.173653347734382,16.108651443491823,1.1855177706425295,30,0.019402027130126953
LightGBM,1,s3_i19,2013-07-29,2013-07-30,2013-08-28,23.25350192966634,10.734373362572542,13.01786836278289,1.6177266460830197,30,0.0195310115814209
LightGBM,1,s3_i20,2013-07-29,2013-07-30,2013-08-28,17.804589399990267,9.585749080117957,11.734454358363859,1.1575889726525606,30,0.01915287971496582
LightGBM,1,s3_i21,2013-07-29,2013-07-30,2013-08-28,20.718434676571047,9.20337654744594,11.010402476926163,1.2522020367810514,30,0.02017688751220703
LightGBM,1,s3_i22,2013-07-29,2013-07-30,2013-08-28,13.683890186012155,12.724246547993383,14.880315213116447,1.29930686568355,30,0.020128965377807617
LightGBM,1,s3_i23,2013-07-29,2013-07-30,2013-08-28,15.442749603621792,5.247805967249795,6.72853303371459,0.9051016237620839,30,0.020910263061523438
LightGBM,1,s3_i24,2013-07-29,2013-07-30,2013-08-28,13.12990994986338,9.997672614556102,11.785548835840551,1.1590676987547677,30,0.023389816284179688
LightGBM,1,s3_i25,2013-07-29,2013-07-30,2013-08-28,15.578903199764365,14.43851867412712,17.283428363460725,1.3173120407102883,30,0.02333378791809082
LightGBM,1,s3_i26,2013-07-29,2013-07-30,2013-08-28,17.400177004059543,9.397890823386764,11.849061896942503,1.278667450997281,30,0.02343606948852539
LightGBM,1,s3_i27,2013-07-29,2013-07-30,2013-08-28,22.176615589358388,5.558833344976892,6.610088629068423,1.094513257815832,30,0.023355722427368164
LightGBM,1,s3_i28,2013-07-29,2013-07-30,2013-08-28,14.279267055650868,14.273352111720317,16.547870775066286,1.3004894427357385,30,0.022376060485839844
LightGBM,1,s3_i29,2013-07-29,2013-07-30,2013-08-28,13.58783708914153,10.45290886778263,12.982556531738464,1.055166832394667,30,0.023495197296142578
LightGBM,1,s3_i30,2013-07-29,2013-07-30,2013-08-28,18.806499514649726,8.84656687945668,10.191912967707534,1.1661383612292076,30,0.021110057830810547
LightGBM,1,s3_i31,2013-07-29,2013-07-30,2013-08-28,16.32770855468448,10.568283718676366,12.922806857941056,1.2451315116880677,30,0.02069401741027832
LightGBM,1,s3_i32,2013-07-29,2013-07-30,2013-08-28,18.24638333007009,9.077881493604998,10.559606665397585,1.354011714127076,30,0.019572019577026367
LightGBM,1,s3_i33,2013-07-29,2013-07-30,2013-08-28,12.254278737642501,9.606267320214021,11.175221923001128,1.1036062624671275,30,0.019120216369628906
LightGBM,1,s3_i34,2013-07-29,2013-07-30,2013-08-28,18.469280133152356,5.320405828601348,6.552542394090512,0.9872416663671512,30,0.019701004028320312
LightGBM,1,s3_i35,2013-07-29,2013-07-30,2013-08-28,16.989349936743817,12.618548115453361,14.57863887536898,1.4936240624687034,30,0.019683122634887695
LightGBM,1,s3_i36,2013-07-29,2013-07-30,2013-08-28,18.346694260880255,16.130996097767614,18.318199414520894,1.5490029363918534,30,0.019887924194335938
LightGBM,1,s3_i37,2013-07-29,2013-07-30,2013-08-28,21.141953440283597,6.836767478772851,8.255557416400167,1.1183431087541218,30,0.019620180130004883
LightGBM,1,s3_i38,2013-07-29,2013-07-30,2013-08-28,18.10211090667078,16.422691843991498,17.553493467696565,1.6082037838899224,30,0.01988816261291504
LightGBM,1,s3_i39,2013-07-29,2013-07-30,2013-08-28,17.095512236542724,8.539071430090967,10.269609903669295,1.1176218569191418,30,0.019774198532104492
LightGBM,1,s3_i40,2013-07-29,2013-07-30,2013-08-28,21.89685794190651,7.1608536505169225,8.172146963885888,1.260757407457937,30,0.019428730010986328
LightGBM,1,s3_i41,2013-07-29,2013-07-30,2013-08-28,15.894264999554075,3.8743147049846423,5.1896901969012195,0.738484399025324,30,0.020488977432250977
LightGBM,1,s3_i42,2013-07-29,2013-07-30,2013-08-28,17.523959942889842,7.234865629203493,8.369428592390866,0.9797716627948068,30,0.02014636993408203
LightGBM,1,s3_i43,2013-07-29,2013-07-30,2013-08-28,17.358707324557532,9.612045744262499,11.339038090741482,1.1430845259831524,30,0.02014303207397461
LightGBM,1,s3_i44,2013-07-29,2013-07-30,2013-08-28,19.815448866111936,6.260330560127544,7.944502701685667,0.9874491868729132,30,0.01958012580871582
LightGBM,1,s3_i45,2013-07-29,2013-07-30,2013-08-28,17.189933297295017,16.029221969486468,17.997207146375793,1.59272249607559,30,0.02004408836364746
LightGBM,1,s3_i46,2013-07-29,2013-07-30,2013-08-28,18.701403471375023,12.142617752562396,13.922454369914842,1.4101552651509752,30,0.020930051803588867
LightGBM,1,s3_i47,2013-07-29,2013-07-30,2013-08-28,30.61337891171869,7.456851281471078,8.344527214693283,1.4696512716896015,30,0.02090597152709961
LightGBM,1,s3_i48,2013-07-29,2013-07-30,2013-08-28,17.79923870531526,10.444625478587735,12.48193940751614,1.2206441979882092,30,0.019745826721191406
LightGBM,1,s3_i49,2013-07-29,2013-07-30,2013-08-28,20.844581497152372,6.636167340245064,8.41581784686032,1.0244425626325369,30,0.023489952087402344
LightGBM,1,s3_i50,2013-07-29,2013-07-30,2013-08-28,15.392944053386934,11.989958609586129,15.362596008433199,1.3192203780369551,30,0.023408174514770508
LightGBM,1,s4_i1,2013-07-29,2013-07-30,2013-08-28,21.865723708157642,4.79424049384055,6.127017788105006,0.9664655611255603,30,0.021732807159423828
LightGBM,1,s4_i2,2013-07-29,2013-07-30,2013-08-28,14.947715317700498,9.452156047189225,11.126572632399045,1.1234119890815926,30,0.019962787628173828
LightGBM,1,s4_i3,2013-07-29,2013-07-30,2013-08-28,17.084931657604095,6.5425826725100755,7.891778983623662,1.0441385867197996,30,0.022243976593017578
LightGBM,1,s4_i4,2013-07-29,2013-07-30,2013-08-28,18.697039343130463,4.296064364107574,5.239663754630463,0.9932813960275642,30,0.022923946380615234
LightGBM,1,s4_i5,2013-07-29,2013-07-30,2013-08-28,23.214992874484405,4.475732261150868,5.41518802749507,1.0528083995363917,30,0.02262592315673828
LightGBM,1,s4_i6,2013-07-29,2013-07-30,2013-08-28,16.217677203020166,9.757350030813877,12.108737101520065,1.1692692184284859,30,0.02325296401977539
LightGBM,1,s4_i7,2013-07-29,2013-07-30,2013-08-28,19.816893828563344,12.126761939102323,14.386960287200928,1.4705690999637073,30,0.022372961044311523
LightGBM,1,s4_i8,2013-07-29,2013-07-30,2013-08-28,16.456787031052322,12.70169443443453,15.010403379625973,1.3256781336355254,30,0.022485971450805664
LightGBM,1,s4_i9,2013-07-29,2013-07-30,2013-08-28,19.55113161899295,10.417192962085732,13.206105353675397,1.469555365535152,30,0.023366928100585938
LightGBM,1,s4_i10,2013-07-29,2013-07-30,2013-08-28,17.02918420987853,13.012690264784066,15.825593948468583,1.3765378444355019,30,0.022998809814453125
LightGBM,1,s4_i11,2013-07-29,2013-07-30,2013-08-28,16.258952018450923,12.202364465283916,14.683744187497377,1.47445237271031,30,0.023794889450073242
LightGBM,1,s4_i12,2013-07-29,2013-07-30,2013-08-28,15.802818358712473,11.325356509794544,13.189492492711963,1.2908744363987898,30,0.0244600772857666
LightGBM,1,s4_i13,2013-07-29,2013-07-30,2013-08-28,18.976108529742103,16.76754756930409,18.727286068709503,1.9428151576337551,30,0.02350592613220215
LightGBM,1,s4_i14,2013-07-29,2013-07-30,2013-08-28,16.57228129176427,10.280576034383436,12.446975032683163,1.370293456796893,30,0.022895097732543945
LightGBM,1,s4_i15,2013-07-29,2013-07-30,2013-08-28,13.109726420016985,12.316144612344754,14.894094175137756,1.3369932385211634,30,0.022178173065185547
LightGBM,1,s4_i16,2013-07-29,2013-07-30,2013-08-28,19.321960569007476,5.120593726726451,6.397534789705026,0.9527777509918017,30,0.0235140323638916
LightGBM,1,s4_i17,2013-07-29,2013-07-30,2013-08-28,16.368327980757684,5.584384599379632,7.16989469363267,0.8706836201976318,30,0.020200014114379883
LightGBM,1,s4_i18,2013-07-29,2013-07-30,2013-08-28,17.4838478096946,15.859759593643526,19.093034965630785,1.72167443698403,30,0.01932501792907715
LightGBM,1,s4_i19,2013-07-29,2013-07-30,2013-08-28,22.442037277778308,10.243001815104602,11.603404476828816,1.584854701329656,30,0.02051687240600586
LightGBM,1,s4_i20,2013-07-29,2013-07-30,2013-08-28,18.31656329109527,9.03540749775791,11.285211387134929,1.237643536972749,30,0.018790006637573242
LightGBM,1,s4_i21,2013-07-29,2013-07-30,2013-08-28,18.49050529318106,7.835225698163684,9.609265862728348,1.140997716280922,30,0.020822763442993164
LightGBM,1,s4_i22,2013-07-29,2013-07-30,2013-08-28,18.934505908514563,16.215315573953674,18.469279978651862,1.8358667379475264,30,0.01994013786315918
LightGBM,1,s4_i23,2013-07-29,2013-07-30,2013-08-28,22.201970093136612,6.792713640736305,8.078717286877607,1.1349142953408085,30,0.02057194709777832
LightGBM,1,s4_i24,2013-07-29,2013-07-30,2013-08-28,17.04681176083437,11.489422562193312,13.542188028971953,1.33735824532899,30,0.020189762115478516
LightGBM,1,s4_i25,2013-07-29,2013-07-30,2013-08-28,21.46602160973107,18.56372242974777,19.953495921824093,1.813491652007054,30,0.02020573616027832
LightGBM,1,s4_i26,2013-07-29,2013-07-30,2013-08-28,19.838943045102152,10.126988600941038,11.823831847945955,1.453874600916474,30,0.020739078521728516
LightGBM,1,s4_i27,2013-07-29,2013-07-30,2013-08-28,20.577413484784042,4.803193404659183,5.533081326423881,0.9615860561643118,30,0.021450042724609375
LightGBM,1,s4_i28,2013-07-29,2013-07-30,2013-08-28,15.291062506503108,14.403865121519988,15.88366517404673,1.5340947635661786,30,0.021233797073364258
LightGBM,1,s4_i29,2013-07-29,2013-07-30,2013-08-28,18.37770947722796,13.21318654299711,15.73812369941287,1.3219698708526633,30,0.02156519889831543
LightGBM,1,s4_i30,2013-07-29,2013-07-30,2013-08-28,17.33371764407571,7.352917433030133,9.010932391660742,1.1790223054232034,30,0.020263195037841797
LightGBM,1,s4_i31,2013-07-29,2013-07-30,2013-08-28,14.36993585733477,8.682829323039066,10.490235552264783,1.0118337269641378,30,0.020303726196289062
LightGBM,1,s4_i32,2013-07-29,2013-07-30,2013-08-28,28.32856492761408,13.036804013051857,14.485080897117234,1.921910830979941,30,0.019439697265625
LightGBM,1,s4_i33,2013-07-29,2013-07-30,2013-08-28,19.619362051788134,14.519306578850298,16.703885069683093,1.7196144895901566,30,0.020566940307617188
LightGBM,1,s4_i34,2013-07-29,2013-07-30,2013-08-28,20.14649282280501,5.263643816305649,6.219228754661609,0.9767090443434869,30,0.01985311508178711
LightGBM,1,s4_i35,2013-07-29,2013-07-30,2013-08-28,19.813020984552747,13.423777320382401,16.131150341527935,1.3158024122503715,30,0.021021127700805664
LightGBM,1,s4_i36,2013-07-29,2013-07-30,2013-08-28,17.68975313268749,13.827650892657385,16.338623230444952,1.504294282370888,30,0.020133256912231445
LightGBM,1,s4_i37,2013-07-29,2013-07-30,2013-08-28,26.89160423235481,8.08721922156197,8.749214177752696,1.5531745521871196,30,0.019894123077392578
LightGBM,1,s4_i38,2013-07-29,2013-07-30,2013-08-28,16.269896089681623,13.51259209847175,15.911772889377145,1.503044490786108,30,0.019073009490966797
LightGBM,1,s4_i39,2013-07-29,2013-07-30,2013-08-28,14.975169518477621,6.918068214013278,8.37876089382465,0.9013914295646425,30,0.01917409896850586
LightGBM,1,s4_i40,2013-07-29,2013-07-30,2013-08-28,22.610223225626015,6.72220009068427,7.838390687459462,1.1157862781540493,30,0.02075505256652832
LightGBM,1,s4_i41,2013-07-29,2013-07-30,2013-08-28,22.90526210084696,5.136950821521435,6.040097078724127,1.0862510589045231,30,0.02015995979309082
LightGBM,1,s4_i42,2013-07-29,2013-07-30,2013-08-28,27.337564111908037,10.383607591329843,11.683249691311515,1.7580253049900576,30,0.019697189331054688
LightGBM,1,s4_i43,2013-07-29,2013-07-30,2013-08-28,20.638714480041134,10.918812837213228,12.39285732446965,1.4458701928641706,30,0.020898103713989258
LightGBM,1,s4_i44,2013-07-29,2013-07-30,2013-08-28,22.633552114716522,6.623724885470255,8.09629292402045,1.3169599916582946,30,0.018978118896484375
LightGBM,1,s4_i45,2013-07-29,2013-07-30,2013-08-28,16.989293194685825,14.635614924994448,15.933235645856637,1.5441942980563417,30,0.019405126571655273
LightGBM,1,s4_i46,2013-07-29,2013-07-30,2013-08-28,17.517035558283354,10.8097094325455,12.790900043665385,1.4446155460918233,30,0.019745826721191406
LightGBM,1,s4_i47,2013-07-29,2013-07-30,2013-08-28,23.60296447084363,4.945923658128289,5.947720757028203,1.0913288069331555,30,0.020666837692260742
LightGBM,1,s4_i48,2013-07-29,2013-07-30,2013-08-28,18.191617692115965,9.511461214388389,11.423014126401046,1.3206748469581024,30,0.019919872283935547
LightGBM,1,s4_i49,2013-07-29,2013-07-30,2013-08-28,22.803998229615413,7.11749989722257,8.869089251197114,1.2520385432253187,30,0.019840002059936523
LightGBM,1,s4_i50,2013-07-29,2013-07-30,2013-08-28,17.29952375266729,11.500210433264721,13.280114416013513,1.3604561291821478,30,0.01975703239440918
LightGBM,2,s1_i1,2013-08-28,2013-08-29,2013-09-27,46.43245857574139,10.021752691834822,10.96116092917518,2.3515290802110846,30,0.020967960357666016
LightGBM,2,s1_i2,2013-08-28,2013-08-29,2013-09-27,17.381864876521718,8.475176551115386,9.871267109177536,1.0498225072648995,30,0.019793987274169922
LightGBM,2,s1_i3,2013-08-28,2013-08-29,2013-09-27,26.350015701137362,8.341068895007727,9.46946072400776,1.3667152265951867,30,0.01908087730407715
LightGBM,2,s1_i4,2013-08-28,2013-08-29,2013-09-27,44.49804887801846,9.356083523382669,10.665386191873813,2.1267975223927977,30,0.02037787437438965
LightGBM,2,s1_i5,2013-08-28,2013-08-29,2013-09-27,56.72183374098939,10.935391459063405,11.724390915128845,3.0153209577032,30,0.020349979400634766
LightGBM,2,s1_i6,2013-08-28,2013-08-29,2013-09-27,17.691001433287706,8.152214431446865,9.773865379932781,0.9836695817182415,30,0.020376205444335938
LightGBM,2,s1_i7,2013-08-28,2013-08-29,2013-09-27,20.23850997522057,9.733749353581159,11.341438532985029,1.3325285540974916,30,0.01996898651123047
LightGBM,2,s1_i8,2013-08-28,2013-08-29,2013-09-27,12.8330977088612,8.008015018467123,9.584242704736559,0.8582647189985575,30,0.020411014556884766
LightGBM,2,s1_i9,2013-08-28,2013-08-29,2013-09-27,22.4241584427544,9.138610414762349,10.91350694905103,1.1667376582837137,30,0.020490169525146484
LightGBM,2,s1_i10,2013-08-28,2013-08-29,2013-09-27,15.223952254605635,8.924576318533655,10.944329819524933,0.9978053176515609,30,0.020597219467163086
LightGBM,2,s1_i11,2013-08-28,2013-08-29,2013-09-27,13.234564616067567,7.550800013951404,9.21203804604346,0.9520218631108528,30,0.020843029022216797
LightGBM,2,s1_i12,2013-08-28,2013-08-29,2013-09-27,15.493582275843282,8.900772876583659,11.635605038432512,1.119201338361154,30,0.019078969955444336
LightGBM,2,s1_i13,2013-08-28,2013-08-29,2013-09-27,11.579619294060752,7.758449074865273,9.496276024929717,0.8632849256172221,30,0.019145965576171875
LightGBM,2,s1_i14,2013-08-28,2013-08-29,2013-09-27,18.483681345515997,8.643454289359328,10.284220118229737,1.1320544402231336,30,0.01956796646118164
LightGBM,2,s1_i15,2013-08-28,2013-08-29,2013-09-27,10.480404333072572,7.302117184229913,10.090598023787418,0.7605692014968068,30,0.020338058471679688
LightGBM,2,s1_i16,2013-08-28,2013-08-29,2013-09-27,43.631064522237324,10.452491593773694,11.250051327433242,1.8188428236934129,30,0.019759178161621094
LightGBM,2,s1_i17,2013-08-28,2013-08-29,2013-09-27,32.11336984894212,9.308140510068638,10.243672016574337,1.5750157868402426,30,0.01991724967956543
LightGBM,2,s1_i18,2013-08-28,2013-08-29,2013-09-27,13.28122723285334,8.914536666235128,10.043737961804487,0.9510471808659299,30,0.02008795738220215
LightGBM,2,s1_i19,2013-08-28,2013-08-29,2013-09-27,23.966101500822514,8.327832616845132,9.435571683455748,1.2470340613331343,30,0.020070314407348633
LightGBM,2,s1_i20,2013-08-28,2013-08-29,2013-09-27,20.71886748973387,8.432859845682708,9.995417914140742,1.242007802626222,30,0.018782854080200195
LightGBM,2,s1_i21,2013-08-28,2013-08-29,2013-09-27,27.19482403647965,8.99851344930067,10.365119893231137,1.3228098633304994,30,0.020574092864990234
LightGBM,2,s1_i22,2013-08-28,2013-08-29,2013-09-27,11.759195849671059,7.426055993650258,9.428353589105365,0.84239096705172,30,0.020325899124145508
LightGBM,2,s1_i23,2013-08-28,2013-08-29,2013-09-27,36.14298880663544,9.41145656810704,10.593859962933317,1.6340308345664762,30,0.02044200897216797
LightGBM,2,s1_i24,2013-08-28,2013-08-29,2013-09-27,16.600235595090172,8.881373072464587,10.663289684929033,1.0138951130073548,30,0.02015209197998047
LightGBM,2,s1_i25,2013-08-28,2013-08-29,2013-09-27,13.694414935564044,8.769664591921062,10.491204355859713,0.9179388363448912,30,0.021061182022094727
LightGBM,2,s1_i26,2013-08-28,2013-08-29,2013-09-27,20.963484179693033,8.572353003293632,10.016321592607195,1.184672745843053,30,0.02010488510131836
LightGBM,2,s1_i27,2013-08-28,2013-08-29,2013-09-27,44.51019884589102,9.564444274200188,10.467901406560568,1.8758548109861697,30,0.02135491371154785
LightGBM,2,s1_i28,2013-08-28,2013-08-29,2013-09-27,9.07734062352751,6.779290747795043,9.174489468873574,0.7064287764184469,30,0.019433259963989258
LightGBM,2,s1_i29,2013-08-28,2013-08-29,2013-09-27,14.55486779124314,8.168689306733551,9.996639218336409,0.9944120210225807,30,0.020247220993041992
LightGBM,2,s1_i30,2013-08-28,2013-08-29,2013-09-27,22.01251927315794,7.663270085890308,8.842359939043469,1.200767941985651,30,0.02086186408996582
LightGBM,2,s1_i31,2013-08-28,2013-08-29,2013-09-27,17.445287814012943,8.314099416788926,10.243855236068887,1.0528180238404963,30,0.021189212799072266
LightGBM,2,s1_i32,2013-08-28,2013-08-29,2013-09-27,25.948539096279966,9.27622639903108,10.889232618806417,1.3243632050647456,30,0.019655942916870117
LightGBM,2,s1_i33,2013-08-28,2013-08-29,2013-09-27,18.849825741918107,10.648411683228527,12.381305591134916,1.256242998430148,30,0.018465042114257812
LightGBM,2,s1_i34,2013-08-28,2013-08-29,2013-09-27,32.57381475063474,7.85552965535816,8.893458967637981,1.5485096525699227,30,0.019443988800048828
LightGBM,2,s1_i35,2013-08-28,2013-08-29,2013-09-27,17.001700805915114,9.194474674893979,10.278510254077753,1.111157987028733,30,0.01999068260192871
LightGBM,2,s1_i36,2013-08-28,2013-08-29,2013-09-27,14.538438984444912,9.05894048526354,10.888784019109073,1.0372152986853727,30,0.020975112915039062
LightGBM,2,s1_i37,2013-08-28,2013-08-29,2013-09-27,33.90248348364867,9.21405586414719,10.011494275146838,1.8428111724608756,30,0.022534847259521484
LightGBM,2,s1_i38,2013-08-28,2013-08-29,2013-09-27,12.399523824240571,8.444562875083355,10.219102524918151,0.8686901323143562,30,0.02485203742980957
LightGBM,2,s1_i39,2013-08-28,2013-08-29,2013-09-27,27.155530162861762,10.152177661993067,10.978038033203008,1.4503110943632507,30,0.0248110294342041
LightGBM,2,s1_i40,2013-08-28,2013-08-29,2013-09-27,37.53517139400737,10.212680030749128,11.625247742490492,1.8081720719933454,30,0.02411794662475586
LightGBM,2,s1_i41,2013-08-28,2013-08-29,2013-09-27,42.435258085827115,9.253625404806257,10.32525202565856,1.7672907532033435,30,0.023599863052368164
LightGBM,2,s1_i42,2013-08-28,2013-08-29,2013-09-27,25.537907938943643,7.850924402624012,9.156134966603043,1.4302309503347546,30,0.02339768409729004
LightGBM,2,s1_i43,2013-08-28,2013-08-29,2013-09-27,19.863158644575936,8.2986534915449,9.67712226690523,1.1202701409437652,30,0.02442193031311035
LightGBM,2,s1_i44,2013-08-28,2013-08-29,2013-09-27,30.39905907785574,8.029577246023022,9.339485570599612,1.580144846245938,30,0.023748159408569336
LightGBM,2,s1_i45,2013-08-28,2013-08-29,2013-09-27,14.592220635814257,9.291951351149912,11.853155279377917,1.0413779050386187,30,0.022701025009155273
LightGBM,2,s1_i46,2013-08-28,2013-08-29,2013-09-27,17.14665546270461,8.049353952582537,10.001288413129307,0.8956539974895147,30,0.023427963256835938
LightGBM,2,s1_i47,2013-08-28,2013-08-29,2013-09-27,53.53842904502116,11.3778627975852,12.532926632293442,2.6221978548233227,30,0.023756027221679688
LightGBM,2,s1_i48,2013-08-28,2013-08-29,2013-09-27,20.34738368891869,8.591034591807817,10.196924065393018,1.1879590858245859,30,0.024061203002929688
LightGBM,2,s1_i49,2013-08-28,2013-08-29,2013-09-27,38.791782137754325,10.493143315548483,11.399059499868939,2.0737085598300444,30,0.023134946823120117
LightGBM,2,s1_i50,2013-08-28,2013-08-29,2013-09-27,17.34081180337866,9.34896307851679,10.821566370347877,1.046760402234751,30,0.02399897575378418
LightGBM,2,s2_i1,2013-08-28,2013-08-29,2013-09-27,29.4836575750517,8.350131170497711,9.344301969182988,1.4650456042052795,30,0.0243070125579834
LightGBM,2,s2_i2,2013-08-28,2013-08-29,2013-09-27,12.16450330065446,8.309970085961345,9.986629047773427,0.8753268670095127,30,0.022676944732666016
LightGBM,2,s2_i3,2013-08-28,2013-08-29,2013-09-27,20.073278396369247,8.699780128647784,10.27885240438351,1.0742176840088187,30,0.024776935577392578
LightGBM,2,s2_i4,2013-08-28,2013-08-29,2013-09-27,30.814091394072612,8.939937120827262,10.137007277639647,1.6453438773849816,30,0.023674726486206055
LightGBM,2,s2_i5,2013-08-28,2013-08-29,2013-09-27,39.52498057818893,9.068502759484057,10.233657874202713,1.8262412640745642,30,0.023646116256713867
LightGBM,2,s2_i6,2013-08-28,2013-08-29,2013-09-27,13.978135227071936,9.010305055144837,11.118618164391988,0.985171786775787,30,0.025178909301757812
LightGBM,2,s2_i7,2013-08-28,2013-08-29,2013-09-27,12.69497862245898,8.4932308853888,9.837659277568012,0.9251625975128692,30,0.024595022201538086
LightGBM,2,s2_i8,2013-08-28,2013-08-29,2013-09-27,10.3657564742876,9.051484757126442,11.519691385365004,0.7901820712725172,30,0.0231778621673584
LightGBM,2,s2_i9,2013-08-28,2013-08-29,2013-09-27,19.7377482547751,11.141224208850296,13.61469129749877,1.18697084608393,30,0.0240480899810791
LightGBM,2,s2_i10,2013-08-28,2013-08-29,2013-09-27,9.431461776463252,7.557077105527501,9.698511982266748,0.6976224110243113,30,0.023459672927856445
LightGBM,2,s2_i11,2013-08-28,2013-08-29,2013-09-27,9.028341950499454,7.312400698919149,9.475692516951892,0.7256343111921162,30,0.02081584930419922
LightGBM,2,s2_i12,2013-08-28,2013-08-29,2013-09-27,11.020335099807674,8.757572737506244,10.822197982416597,0.8613399947818753,30,0.022327184677124023
LightGBM,2,s2_i13,2013-08-28,2013-08-29,2013-09-27,8.77214221550568,8.512148867479773,10.526823117003707,0.7799176901065932,30,0.02131509780883789
LightGBM,2,s2_i14,2013-08-28,2013-08-29,2013-09-27,12.940817571164775,8.443778946774382,10.289534192504627,0.835769114020262,30,0.021358966827392578
LightGBM,2,s2_i15,2013-08-28,2013-08-29,2013-09-27,9.626117758514184,9.628022679638454,12.053919109898505,0.8184346166235186,30,0.020952939987182617
LightGBM,2,s2_i16,2013-08-28,2013-08-29,2013-09-27,28.392210083484386,8.69373273250446,10.053633306992246,1.3585779519496917,30,0.02191162109375
LightGBM,2,s2_i17,2013-08-28,2013-08-29,2013-09-27,18.532712600325183,7.4055747255213165,8.562409404481826,0.9910964450405176,30,0.021916866302490234
LightGBM,2,s2_i18,2013-08-28,2013-08-29,2013-09-27,8.10145834658361,7.73661675941305,9.772942646900026,0.6683840210558054,30,0.022784948348999023
LightGBM,2,s2_i19,2013-08-28,2013-08-29,2013-09-27,21.67148180688914,10.056950966940263,11.87711321647937,1.3759656928810813,30,0.021499156951904297
LightGBM,2,s2_i20,2013-08-28,2013-08-29,2013-09-27,16.618555530719757,8.938115327368244,10.46477128678821,1.076825683053723,30,0.021747112274169922
LightGBM,2,s2_i21,2013-08-28,2013-08-29,2013-09-27,13.888967979122329,6.586354970850936,8.633160508075598,0.8272887913830241,30,0.023653030395507812
LightGBM,2,s2_i22,2013-08-28,2013-08-29,2013-09-27,6.579728455217654,5.532248692760215,7.5685748749553765,0.494253813381123,30,0.021206140518188477
LightGBM,2,s2_i23,2013-08-28,2013-08-29,2013-09-27,21.731707312507183,7.7877406839215215,9.302562962977357,1.2377514181891667,30,0.020808935165405273
LightGBM,2,s2_i24,2013-08-28,2013-08-29,2013-09-27,10.751869862779758,8.16663387965392,10.209184492264505,0.7547900411675912,30,0.021728038787841797
LightGBM,2,s2_i25,2013-08-28,2013-08-29,2013-09-27,6.941373177506138,6.036241019627103,7.61654152862156,0.5417735583385522,30,0.02190399169921875
LightGBM,2,s2_i26,2013-08-28,2013-08-29,2013-09-27,15.823077648102718,8.40762659448704,10.366433692363415,1.0315834630200744,30,0.020546674728393555
LightGBM,2,s2_i27,2013-08-28,2013-08-29,2013-09-27,32.027824310168604,9.19148657993962,10.192817360526735,1.768469341629957,30,0.020750045776367188
LightGBM,2,s2_i28,2013-08-28,2013-08-29,2013-09-27,7.723430102424913,7.513101462357112,9.321099848409336,0.6935628528397809,30,0.019771814346313477
LightGBM,2,s2_i29,2013-08-28,2013-08-29,2013-09-27,8.077762124745817,6.641710361819594,8.377776883523515,0.6397348136233597,30,0.019704103469848633
LightGBM,2,s2_i30,2013-08-28,2013-08-29,2013-09-27,17.00090137145063,7.641135232357594,9.244977648831444,1.0436017050973976,30,0.020093202590942383
LightGBM,2,s2_i31,2013-08-28,2013-08-29,2013-09-27,14.189642604250736,9.616370875224256,11.545417980768608,1.1059301153354244,30,0.020093917846679688
LightGBM,2,s2_i32,2013-08-28,2013-08-29,2013-09-27,20.35043727374016,10.213815179474766,11.861858387604158,1.2726304473374854,30,0.020394086837768555
LightGBM,2,s2_i33,2013-08-28,2013-08-29,2013-09-27,11.221688374439633,9.163404682709926,11.137832813864533,0.8623074680413954,30,0.01947498321533203
LightGBM,2,s2_i34,2013-08-28,2013-08-29,2013-09-27,22.147009264026824,7.0556913540926285,7.888403849921024,1.1206380949164783,30,0.01992321014404297
LightGBM,2,s2_i35,2013-08-28,2013-08-29,2013-09-27,8.410765758936673,6.255683701532274,7.546391315674374,0.6142327443379282,30,0.01986408233642578
LightGBM,2,s2_i36,2013-08-28,2013-08-29,2013-09-27,9.247789731596537,7.8784246120548875,9.638990629606939,0.7661406237188138,30,0.019814252853393555
LightGBM,2,s2_i37,2013-08-28,2013-08-29,2013-09-27,24.43011475356009,9.061583883047716,10.524692832131016,1.432394195669179,30,0.02055072784423828
LightGBM,2,s2_i38,2013-08-28,2013-08-29,2013-09-27,9.695772321244087,8.785532739171762,11.06761142336805,0.7870161968641468,30,0.019581079483032227
LightGBM,2,s2_i39,2013-08-28,2013-08-29,2013-09-27,17.686862757558,8.792807048962414,11.342295435217892,1.0973347842274042,30,0.020533084869384766
LightGBM,2,s2_i40,2013-08-28,2013-08-29,2013-09-27,23.679844813612284,8.409291209271226,9.831472821834813,1.4075896921208528,30,0.020192623138427734
LightGBM,2,s2_i41,2013-08-28,2013-08-29,2013-09-27,31.43738984452769,8.826044995881036,10.10714785863805,1.5404258304729304,30,0.021485090255737305
LightGBM,2,s2_i42,2013-08-28,2013-08-29,2013-09-27,20.973483299700714,9.214848426018596,10.650050494096998,1.1390237045076606,30,0.020379066467285156
LightGBM,2,s2_i43,2013-08-28,2013-08-29,2013-09-27,15.227621380306026,8.880204604482559,10.870134148678522,0.9909423719413538,30,0.02014899253845215
LightGBM,2,s2_i44,2013-08-28,2013-08-29,2013-09-27,26.57829918493389,9.565479869738605,10.662322317255748,1.4938048319712054,30,0.02060389518737793
LightGBM,2,s2_i45,2013-08-28,2013-08-29,2013-09-27,9.072947756707043,8.3864696370702,9.963096477215807,0.7632997754919951,30,0.02042102813720703
LightGBM,2,s2_i46,2013-08-28,2013-08-29,2013-09-27,12.839851783179387,8.735725895076728,10.98612104548523,0.9222583295595792,30,0.02146601676940918
LightGBM,2,s2_i47,2013-08-28,2013-08-29,2013-09-27,36.23661662580831,9.678270867730182,11.008438894075669,1.840846621838543,30,0.02017998695373535
LightGBM,2,s2_i48,2013-08-28,2013-08-29,2013-09-27,14.718211840889598,8.372461624047832,10.333147432876247,1.061939879235554,30,0.02033686637878418
LightGBM,2,s2_i49,2013-08-28,2013-08-29,2013-09-27,30.608732518928978,10.885966907114815,12.043572182928179,1.6063523046127117,30,0.019301891326904297
LightGBM,2,s2_i50,2013-08-28,2013-08-29,2013-09-27,9.833518918945362,7.500843556280938,9.421128029342904,0.6755688242968887,30,0.019716978073120117
LightGBM,2,s3_i1,2013-08-28,2013-08-29,2013-09-27,41.14641825226824,10.596948612303027,11.405891966235439,2.1103325010041862,30,0.019527912139892578
LightGBM,2,s3_i2,2013-08-28,2013-08-29,2013-09-27,15.179845806919884,9.13356751977805,10.801985816622382,1.1398613989516324,30,0.02011895179748535
LightGBM,2,s3_i3,2013-08-28,2013-08-29,2013-09-27,27.678777293266855,10.598121349400298,11.99587611189371,1.5501332542681032,30,0.019756078720092773
LightGBM,2,s3_i4,2013-08-28,2013-08-29,2013-09-27,36.317975448704495,9.443816471301371,10.708077591758263,1.971692865012379,30,0.020169973373413086
LightGBM,2,s3_i5,2013-08-28,2013-08-29,2013-09-27,38.862683217658805,8.965832461753868,9.758128250871655,1.888823655649688,30,0.019104957580566406
LightGBM,2,s3_i6,2013-08-28,2013-08-29,2013-09-27,12.299520789060672,7.312352167931545,10.33420341489412,0.8413718789787704,30,0.02017688751220703
LightGBM,2,s3_i7,2013-08-28,2013-08-29,2013-09-27,14.80186312629939,8.81217318662355,10.634437400420609,1.0271317419929793,30,0.019999980926513672
LightGBM,2,s3_i8,2013-08-28,2013-08-29,2013-09-27,7.592350873220696,5.877095686590334,7.172777014273391,0.5961529363677163,30,0.020252227783203125
LightGBM,2,s3_i9,2013-08-28,2013-08-29,2013-09-27,14.425046464286357,8.114123160954316,9.56760074244656,0.9505232258827971,30,0.019607067108154297
LightGBM,2,s3_i10,2013-08-28,2013-08-29,2013-09-27,12.2029606429261,8.348691552152408,11.488300820967146,0.9009935763972114,30,0.019427776336669922
LightGBM,2,s3_i11,2013-08-28,2013-08-29,2013-09-27,11.181714869475996,7.8352558075971315,10.134276198232639,0.8205009451590808,30,0.019073009490966797
LightGBM,2,s3_i12,2013-08-28,2013-08-29,2013-09-27,9.997947182874205,7.265047999408547,8.391242216782588,0.7290078310475162,30,0.0202639102935791
LightGBM,2,s3_i13,2013-08-28,2013-08-29,2013-09-27,9.084996824563344,8.051676935013088,10.516703930387473,0.6678678268787598,30,0.019765853881835938
LightGBM,2,s3_i14,2013-08-28,2013-08-29,2013-09-27,15.416490742659281,9.085393885118696,10.854480417019214,1.0883788046164855,30,0.01913595199584961
LightGBM,2,s3_i15,2013-08-28,2013-08-29,2013-09-27,9.795813302268368,8.34023243321812,9.60977971795142,0.8781175583982017,30,0.02136516571044922
LightGBM,2,s3_i16,2013-08-28,2013-08-29,2013-09-27,32.15957653487579,9.115909098674987,10.524252613185725,1.6830481930262455,30,0.01978588104248047
LightGBM,2,s3_i17,2013-08-28,2013-08-29,2013-09-27,24.281312363302632,8.598053932226746,9.785440519459007,1.3400311477569262,30,0.020015954971313477
LightGBM,2,s3_i18,2013-08-28,2013-08-29,2013-09-27,10.751698567377515,9.210866662684452,11.529534095029634,0.7742178687680681,30,0.019656896591186523
LightGBM,2,s3_i19,2013-08-28,2013-08-29,2013-09-27,20.10295741224445,8.42917086894439,9.857038697315696,1.2026924753115833,30,0.02041792869567871
LightGBM,2,s3_i20,2013-08-28,2013-08-29,2013-09-27,15.851532350636804,7.767859456065842,9.24627322165163,0.9353546527366426,30,0.019582033157348633
LightGBM,2,s3_i21,2013-08-28,2013-08-29,2013-09-27,17.32321555995137,7.401227120577036,8.615358716332036,0.9666400890522546,30,0.019895076751708984
LightGBM,2,s3_i22,2013-08-28,2013-08-29,2013-09-27,11.378100561602386,9.14029645098417,10.658201376591762,0.8978453089671642,30,0.020339012145996094
LightGBM,2,s3_i23,2013-08-28,2013-08-29,2013-09-27,34.20529380394822,10.573263741132134,11.614704223783846,1.8021729709318806,30,0.0216829776763916
LightGBM,2,s3_i24,2013-08-28,2013-08-29,2013-09-27,13.16297331892102,8.53318215595827,10.54790899610904,0.9770179076710721,30,0.020110130310058594
LightGBM,2,s3_i25,2013-08-28,2013-08-29,2013-09-27,9.750191844655,8.016823484212933,9.42994590411289,0.725969635309935,30,0.02011585235595703
LightGBM,2,s3_i26,2013-08-28,2013-08-29,2013-09-27,13.259168787233433,6.697579033151417,8.180124655521393,0.8881820799757164,30,0.020554065704345703
LightGBM,2,s3_i27,2013-08-28,2013-08-29,2013-09-27,43.442878022400464,10.750994261879374,11.980591869531732,2.0962189644598115,30,0.021333694458007812
LightGBM,2,s3_i28,2013-08-28,2013-08-29,2013-09-27,8.618489530928729,7.541114994847932,9.223214399724576,0.6752804741130776,30,0.020760059356689453
LightGBM,2,s3_i29,2013-08-28,2013-08-29,2013-09-27,10.931203151501625,7.599898578395823,10.017548013366651,0.770572832283152,30,0.020128965377807617
LightGBM,2,s3_i30,2013-08-28,2013-08-29,2013-09-27,21.028788303966028,8.883054479185954,10.355699302307464,1.172663848938865,30,0.02111983299255371
LightGBM,2,s3_i31,2013-08-28,2013-08-29,2013-09-27,13.105791413492987,8.092006412974342,9.549628801210705,0.9693766035975101,30,0.021370887756347656
LightGBM,2,s3_i32,2013-08-28,2013-08-29,2013-09-27,15.960338533821277,7.405064373486912,8.589843452626193,1.1117139167290084,30,0.020125865936279297
LightGBM,2,s3_i33,2013-08-28,2013-08-29,2013-09-27,11.069514019986594,7.915703413188965,9.927619670169229,0.927279484694305,30,0.019847869873046875
LightGBM,2,s3_i34,2013-08-28,2013-08-29,2013-09-27,34.53402739566111,9.539107589732428,11.233560676599948,1.7738324564998826,30,0.020598888397216797
LightGBM,2,s3_i35,2013-08-28,2013-08-29,2013-09-27,12.953572828913481,8.406073073869546,10.464361241477084,0.9998034844199336,30,0.020477771759033203
LightGBM,2,s3_i36,2013-08-28,2013-08-29,2013-09-27,7.475637833568831,6.2178951028834915,8.627377277837047,0.5947329880267983,30,0.020450830459594727
LightGBM,2,s3_i37,2013-08-28,2013-08-29,2013-09-27,25.95158064212233,8.27820443023965,9.582287234757251,1.321110706806863,30,0.020392894744873047
LightGBM,2,s3_i38,2013-08-28,2013-08-29,2013-09-27,7.7537669143441015,6.449217603831796,8.851026061530916,0.6240314375196883,30,0.020532846450805664
LightGBM,2,s3_i39,2013-08-28,2013-08-29,2013-09-27,19.10252750904596,8.666414923687919,10.487264264738412,1.1460128700069603,30,0.020209312438964844
LightGBM,2,s3_i40,2013-08-28,2013-08-29,2013-09-27,26.118998881960447,8.307914143119756,9.719916588494257,1.4392148661796031,30,0.02023911476135254
LightGBM,2,s3_i41,2013-08-28,2013-08-29,2013-09-27,38.85872671524913,9.52359800682712,11.126755070518705,1.8293473496821773,30,0.019241809844970703
LightGBM,2,s3_i42,2013-08-28,2013-08-29,2013-09-27,22.307341391864608,8.478634228899686,10.48335568297988,1.1648123673715953,30,0.019044876098632812
LightGBM,2,s3_i43,2013-08-28,2013-08-29,2013-09-27,15.9157736390978,8.64370852985416,10.130207901841889,1.030698099905766,30,0.02088308334350586
LightGBM,2,s3_i44,2013-08-28,2013-08-29,2013-09-27,31.906795632560346,9.950248312509167,11.125339916550505,1.5664917948984078,30,0.020792722702026367
LightGBM,2,s3_i45,2013-08-28,2013-08-29,2013-09-27,8.7678622189281,6.920820629818146,9.1183495958122,0.6804013529911791,30,0.019529104232788086
LightGBM,2,s3_i46,2013-08-28,2013-08-29,2013-09-27,13.311067539110669,7.915586242078926,9.221802158921577,0.8983592762762163,30,0.02144002914428711
LightGBM,2,s3_i47,2013-08-28,2013-08-29,2013-09-27,31.385039441575557,7.924789787187597,9.01947347697511,1.543876270948986,30,0.019728899002075195
LightGBM,2,s3_i48,2013-08-28,2013-08-29,2013-09-27,13.874398916956537,7.310280755731981,9.270822577202368,0.8585158346197164,30,0.019806861877441406
LightGBM,2,s3_i49,2013-08-28,2013-08-29,2013-09-27,30.62687550728324,9.647149990707543,10.484357995544055,1.4624501935550465,30,0.02007603645324707
LightGBM,2,s3_i50,2013-08-28,2013-08-29,2013-09-27,13.099601498985672,8.58170939901222,10.614574713742174,0.9391913056604114,30,0.019106626510620117
LightGBM,2,s4_i1,2013-08-28,2013-08-29,2013-09-27,37.57724521100892,9.131752769189944,10.255667279791657,1.8263505534727187,30,0.019287109375
LightGBM,2,s4_i2,2013-08-28,2013-08-29,2013-09-27,20.10087765790446,11.087599448739486,13.364934233731942,1.2789161738902537,30,0.019588232040405273
LightGBM,2,s4_i3,2013-08-28,2013-08-29,2013-09-27,21.318196224436544,7.761244793861631,8.918738242678634,1.2088035004599658,30,0.019108057022094727
LightGBM,2,s4_i4,2013-08-28,2013-08-29,2013-09-27,41.57807903397991,9.750327205485652,10.84161599670199,2.2382524515829005,30,0.019665956497192383
LightGBM,2,s4_i5,2013-08-28,2013-08-29,2013-09-27,44.36854280458819,9.649392409250199,10.510201147998588,2.243820789253978,30,0.0201871395111084
LightGBM,2,s4_i6,2013-08-28,2013-08-29,2013-09-27,20.110316024032432,10.823868454957221,12.907142927460498,1.2509728917229939,30,0.01988983154296875
LightGBM,2,s4_i7,2013-08-28,2013-08-29,2013-09-27,12.689003382334283,6.975699929880379,8.704940780896086,0.8434551548861459,30,0.01889514923095703
LightGBM,2,s4_i8,2013-08-28,2013-08-29,2013-09-27,10.256506795094502,7.301879482926969,8.947490351301354,0.7660233765616842,30,0.019954204559326172
LightGBM,2,s4_i9,2013-08-28,2013-08-29,2013-09-27,18.920750396868787,9.107390978775431,11.29482335880633,1.1762871938916855,30,0.020350217819213867
LightGBM,2,s4_i10,2013-08-28,2013-08-29,2013-09-27,12.71641597504587,8.587597616333957,10.10728022154967,0.8722363750665131,30,0.01968526840209961
LightGBM,2,s4_i11,2013-08-28,2013-08-29,2013-09-27,14.372849581932929,9.47943171236949,10.649979171167546,1.1385090663488755,30,0.020524024963378906
LightGBM,2,s4_i12,2013-08-28,2013-08-29,2013-09-27,14.283346776526923,9.312728798921293,11.91927345589168,1.0377167909645497,30,0.020230770111083984
LightGBM,2,s4_i13,2013-08-28,2013-08-29,2013-09-27,9.666011680184356,7.35953676759918,9.269341186910339,0.83934021862704,30,0.019923925399780273
LightGBM,2,s4_i14,2013-08-28,2013-08-29,2013-09-27,19.961116312927935,10.707888205941071,12.500357788579851,1.3406437139558838,30,0.019788742065429688
LightGBM,2,s4_i15,2013-08-28,2013-08-29,2013-09-27,8.328410244749177,6.825068620981138,8.243191429194125,0.7304735822316972,30,0.01967787742614746
LightGBM,2,s4_i16,2013-08-28,2013-08-29,2013-09-27,36.462959354295684,9.706146266728789,11.00271552038573,1.8282393530491738,30,0.01996588706970215
LightGBM,2,s4_i17,2013-08-28,2013-08-29,2013-09-27,28.380732001003274,9.619263930189222,10.929881707759591,1.520548504328223,30,0.0193631649017334
LightGBM,2,s4_i18,2013-08-28,2013-08-29,2013-09-27,10.054983051110936,7.788961687226943,9.341400583733927,0.8211891732726428,30,0.019890785217285156
LightGBM,2,s4_i19,2013-08-28,2013-08-29,2013-09-27,26.366828035614333,10.305812687999612,11.800732031843966,1.589182234238008,30,0.020362138748168945
LightGBM,2,s4_i20,2013-08-28,2013-08-29,2013-09-27,17.174056969112524,8.1399984228488,9.440851368034043,1.1336638567003148,30,0.01992511749267578
LightGBM,2,s4_i21,2013-08-28,2013-08-29,2013-09-27,25.641827118316456,10.010845838781693,11.28066972673741,1.4523829888528823,30,0.020010948181152344
LightGBM,2,s4_i22,2013-08-28,2013-08-29,2013-09-27,11.339475522554629,8.584477132107859,10.186616856433666,0.9351019969907677,30,0.020496129989624023
LightGBM,2,s4_i23,2013-08-28,2013-08-29,2013-09-27,32.76454527555419,9.627825513302513,10.811067422315675,1.5909810951977212,30,0.019837141036987305
LightGBM,2,s4_i24,2013-08-28,2013-08-29,2013-09-27,11.862012520221905,7.281945539702792,9.225325914469604,0.8391163751509576,30,0.019826889038085938
LightGBM,2,s4_i25,2013-08-28,2013-08-29,2013-09-27,8.220854020904564,6.4299615707185,7.534719253370477,0.6321439011941439,30,0.020314931869506836
LightGBM,2,s4_i26,2013-08-28,2013-08-29,2013-09-27,17.93998691323786,7.845904151353305,9.49215906428886,1.1432743383357955,30,0.01884293556213379
LightGBM,2,s4_i27,2013-08-28,2013-08-29,2013-09-27,39.30174226460756,9.338837069058767,10.828382235354692,1.85502901675914,30,0.019826889038085938
LightGBM,2,s4_i28,2013-08-28,2013-08-29,2013-09-27,10.024156213502241,8.156358375611541,9.76434578537574,0.8614830015035192,30,0.019141674041748047
LightGBM,2,s4_i29,2013-08-28,2013-08-29,2013-09-27,9.288170719653323,6.081675903388769,7.956956846202444,0.587005172059988,30,0.01995992660522461
LightGBM,2,s4_i30,2013-08-28,2013-08-29,2013-09-27,23.260802160997848,9.232807776096722,10.833102068184928,1.4634314363874537,30,0.020492076873779297
LightGBM,2,s4_i31,2013-08-28,2013-08-29,2013-09-27,14.146532137122083,7.676648901621438,9.112060986589364,0.9015419323930121,30,0.01986527442932129
LightGBM,2,s4_i32,2013-08-28,2013-08-29,2013-09-27,19.1481878137228,7.9579615971857525,9.505065928124548,1.1136366677986804,30,0.020112037658691406
LightGBM,2,s4_i33,2013-08-28,2013-08-29,2013-09-27,11.710972589941775,7.188648033122388,10.138512019696385,0.8246947274866384,30,0.020267009735107422
LightGBM,2,s4_i34,2013-08-28,2013-08-29,2013-09-27,31.66476568708751,8.736076142523185,10.36283060689609,1.6090954472988008,30,0.02048802375793457
LightGBM,2,s4_i35,2013-08-28,2013-08-29,2013-09-27,15.405327000624878,9.45033181326736,11.258798039360682,0.8713602343839604,30,0.020202159881591797
LightGBM,2,s4_i36,2013-08-28,2013-08-29,2013-09-27,10.09469063342683,6.946816410466203,8.395091791302502,0.7441876889495309,30,0.019696712493896484
LightGBM,2,s4_i37,2013-08-28,2013-08-29,2013-09-27,28.524892742946744,8.26278692083449,9.673359587885981,1.6097235386115138,30,0.02068781852722168
LightGBM,2,s4_i38,2013-08-28,2013-08-29,2013-09-27,9.351050774318105,7.4162581675977925,9.233817865899743,0.7952085379038205,30,0.018934965133666992
LightGBM,2,s4_i39,2013-08-28,2013-08-29,2013-09-27,20.33826892765637,8.710300310913851,10.350041863423444,1.1945261754941747,30,0.02076888084411621
LightGBM,2,s4_i40,2013-08-28,2013-08-29,2013-09-27,31.412200200262692,9.351503427296363,10.305356823640038,1.507889479729214,30,0.02072286605834961
LightGBM,2,s4_i41,2013-08-28,2013-08-29,2013-09-27,34.35685451414107,8.34454598576244,9.646609586582596,1.748452530823075,30,0.019637346267700195
LightGBM,2,s4_i42,2013-08-28,2013-08-29,2013-09-27,21.381440040614102,7.687621622412701,8.723408540445266,1.2404541812556327,30,0.02044224739074707
LightGBM,2,s4_i43,2013-08-28,2013-08-29,2013-09-27,21.232857587513713,10.575248568956532,12.000974914534545,1.3613441526241319,30,0.019405126571655273
LightGBM,2,s4_i44,2013-08-28,2013-08-29,2013-09-27,24.365245216282112,7.496646979085828,8.496022738383173,1.4653680753234621,30,0.020746946334838867
LightGBM,2,s4_i45,2013-08-28,2013-08-29,2013-09-27,11.716613266872656,8.469319031201335,10.485419406453573,0.8716216139871128,30,0.01912093162536621
LightGBM,2,s4_i46,2013-08-28,2013-08-29,2013-09-27,14.328097415851868,7.495609463048259,9.475967092535685,0.9611871241971864,30,0.01923394203186035
LightGBM,2,s4_i47,2013-08-28,2013-08-29,2013-09-27,31.165250165249986,7.515069663567431,8.330832027319909,1.647235400966515,30,0.0194399356842041
LightGBM,2,s4_i48,2013-08-28,2013-08-29,2013-09-27,18.413981970736284,8.800721199077822,10.282993413767697,1.1812027875057098,30,0.02035999298095703
LightGBM,2,s4_i49,2013-08-28,2013-08-29,2013-09-27,28.634338250213208,8.570243915789963,9.8259652286605,1.4672056076687747,30,0.02069687843322754
LightGBM,2,s4_i50,2013-08-28,2013-08-29,2013-09-27,12.441271103592175,7.4619722999601095,9.335590731746448,0.8611389527934918,30,0.02019786834716797
LightGBM,3,s1_i1,2013-09-27,2013-09-28,2013-10-27,23.857560936313767,3.9016905253530894,4.622554477634697,0.9072896621832407,30,0.021038055419921875
LightGBM,3,s1_i2,2013-09-27,2013-09-28,2013-10-27,16.187080147212487,6.753611008151015,8.289105618344973,0.855999852972814,30,0.020286083221435547
LightGBM,3,s1_i3,2013-09-27,2013-09-28,2013-10-27,17.333919478862033,4.519946464780346,5.275452283724639,0.7490522495527601,30,0.020984172821044922
LightGBM,3,s1_i4,2013-09-27,2013-09-28,2013-10-27,23.896201065596276,3.8058308875484084,4.6398092442503325,0.833416755375556,30,0.02014613151550293
LightGBM,3,s1_i5,2013-09-27,2013-09-28,2013-10-27,28.228881472873336,3.9791203492883613,4.622946227661332,1.050711497576809,30,0.0205538272857666
LightGBM,3,s1_i6,2013-09-27,2013-09-28,2013-10-27,12.195108420298533,5.286508608755683,6.362057656971227,0.6490904593520233,30,0.0190126895904541
LightGBM,3,s1_i7,2013-09-27,2013-09-28,2013-10-27,12.719225643295243,5.4954717923947385,6.850599462247491,0.7473159675301304,30,0.020406007766723633
LightGBM,3,s1_i8,2013-09-27,2013-09-28,2013-10-27,11.590216434574689,6.579248935462482,8.486773443596482,0.7016798336748139,30,0.0211181640625
LightGBM,3,s1_i9,2013-09-27,2013-09-28,2013-10-27,11.75741690236854,4.630795133483324,5.461683782470936,0.5906397283951387,30,0.02069711685180664
LightGBM,3,s1_i10,2013-09-27,2013-09-28,2013-10-27,9.709901034682545,5.478000569274923,7.201674974551743,0.5926425954600739,30,0.02049708366394043
LightGBM,3,s1_i11,2013-09-27,2013-09-28,2013-10-27,14.455247936158285,7.915559247178591,9.504118071186623,0.9746217611196836,30,0.0206449031829834
LightGBM,3,s1_i12,2013-09-27,2013-09-28,2013-10-27,17.208136932736,9.09354265334853,10.834198939542203,1.1087629659430036,30,0.01889801025390625
LightGBM,3,s1_i13,2013-09-27,2013-09-28,2013-10-27,12.089037740048015,7.984033223300673,9.331362310496049,0.8698428904305338,30,0.020457983016967773
LightGBM,3,s1_i14,2013-09-27,2013-09-28,2013-10-27,10.105247341331475,4.570889154084948,5.719179024051811,0.5818702068592979,30,0.02147507667541504
LightGBM,3,s1_i15,2013-09-27,2013-09-28,2013-10-27,10.708950814436752,7.1637641524104145,8.496102279742408,0.7497293958960446,30,0.019212007522583008
LightGBM,3,s1_i16,2013-09-27,2013-09-28,2013-10-27,26.93541972815708,5.067176004058064,5.780769178472126,0.9065763869583955,30,0.02056598663330078
LightGBM,3,s1_i17,2013-09-27,2013-09-28,2013-10-27,19.01290255011333,4.852097960241366,5.882081810199833,0.8154004877501781,30,0.01995086669921875
LightGBM,3,s1_i18,2013-09-27,2013-09-28,2013-10-27,14.668979431991982,9.08970314682358,11.93191829649743,0.9741613395918488,30,0.020555973052978516
LightGBM,3,s1_i19,2013-09-27,2013-09-28,2013-10-27,11.7745660514582,3.6583931446636324,4.555299828729182,0.546059816630489,30,0.02033400535583496
LightGBM,3,s1_i20,2013-09-27,2013-09-28,2013-10-27,16.61949261216408,6.143105705098771,7.666593513866847,0.908171332322725,30,0.020212888717651367
LightGBM,3,s1_i21,2013-09-27,2013-09-28,2013-10-27,19.334813412786367,5.556424179781884,6.902792262841341,0.8288936806946321,30,0.020355224609375
LightGBM,3,s1_i22,2013-09-27,2013-09-28,2013-10-27,11.721735875161091,6.961137515193087,8.503650713326383,0.7874318994790053,30,0.01962876319885254
LightGBM,3,s1_i23,2013-09-27,2013-09-28,2013-10-27,19.414452314188164,4.346615227506688,4.93727347899753,0.7272008935388073,30,0.019543170928955078
LightGBM,3,s1_i24,2013-09-27,2013-09-28,2013-10-27,19.921784509493442,10.18419934472169,12.102425809276529,1.1412204632985359,30,0.021056652069091797
LightGBM,3,s1_i25,2013-09-27,2013-09-28,2013-10-27,11.387160614046056,6.842556300385085,8.191463927237741,0.7271080027515345,30,0.01983189582824707
LightGBM,3,s1_i26,2013-09-27,2013-09-28,2013-10-27,15.211676172139816,5.245130551055725,6.16395193170496,0.7248919257682654,30,0.02012920379638672
LightGBM,3,s1_i27,2013-09-27,2013-09-28,2013-10-27,22.725879523128732,3.54926042477156,4.677614339700099,0.6945353359615011,30,0.021464824676513672
LightGBM,3,s1_i28,2013-09-27,2013-09-28,2013-10-27,15.08413645434055,9.771260852054043,11.504195456228956,1.023433533978913,30,0.019987821578979492
LightGBM,3,s1_i29,2013-09-27,2013-09-28,2013-10-27,13.775412977730776,7.237679883089956,9.320197742465353,0.8664132039257132,30,0.019363880157470703
LightGBM,3,s1_i30,2013-09-27,2013-09-28,2013-10-27,12.438857626665168,3.6019358548619325,4.269606584018676,0.5530117511285734,30,0.020308971405029297
LightGBM,3,s1_i31,2013-09-27,2013-09-28,2013-10-27,15.709756804353301,6.64215988326468,7.994605001055823,0.8390432512382049,30,0.02085566520690918
LightGBM,3,s1_i32,2013-09-27,2013-09-28,2013-10-27,14.515175409637685,4.92590816859743,6.074544570527666,0.7037011668419613,30,0.019057035446166992
LightGBM,3,s1_i33,2013-09-27,2013-09-28,2013-10-27,18.384629932299916,9.727005190270527,11.004153705284997,1.1254739836098324,30,0.019550085067749023
LightGBM,3,s1_i34,2013-09-27,2013-09-28,2013-10-27,21.094099547601456,3.9330328610126495,4.860457764738782,0.7800811781607582,30,0.01976323127746582
LightGBM,3,s1_i35,2013-09-27,2013-09-28,2013-10-27,14.896841796782931,7.560560902113584,9.648797868290114,0.930911758900301,30,0.020296096801757812
LightGBM,3,s1_i36,2013-09-27,2013-09-28,2013-10-27,10.476650649257678,6.143554397702034,7.506389062570347,0.6982518610250624,30,0.019666194915771484
LightGBM,3,s1_i37,2013-09-27,2013-09-28,2013-10-27,25.238430636029914,5.321058850147567,6.295780007378849,1.0839957221562504,30,0.02088189125061035
LightGBM,3,s1_i38,2013-09-27,2013-09-28,2013-10-27,14.071418130317944,8.656421205118571,11.190322868657491,0.8706075627981699,30,0.019808053970336914
LightGBM,3,s1_i39,2013-09-27,2013-09-28,2013-10-27,15.125704045023836,4.936246466199813,6.157855497427093,0.7140994611786263,30,0.019794940948486328
LightGBM,3,s1_i40,2013-09-27,2013-09-28,2013-10-27,16.99324684275508,3.7761676811534,4.70490085199879,0.6660845740899825,30,0.018854141235351562
LightGBM,3,s1_i41,2013-09-27,2013-09-28,2013-10-27,22.543308215986276,3.8698860009087164,4.573168647683913,0.7396657107881252,30,0.019845962524414062
LightGBM,3,s1_i42,2013-09-27,2013-09-28,2013-10-27,11.140758315889698,3.1824299785138805,4.074460069730205,0.578823709679751,30,0.01990675926208496
LightGBM,3,s1_i43,2013-09-27,2013-09-28,2013-10-27,13.538044727427536,5.194860916213005,6.3968690372057155,0.7049785452934009,30,0.020718097686767578
LightGBM,3,s1_i44,2013-09-27,2013-09-28,2013-10-27,19.11171595225435,4.25526436182311,4.869485812642128,0.8253204475976538,30,0.01978278160095215
LightGBM,3,s1_i45,2013-09-27,2013-09-28,2013-10-27,11.062342865283512,6.518449281988988,8.468857433248782,0.7197112346657514,30,0.02087092399597168
LightGBM,3,s1_i46,2013-09-27,2013-09-28,2013-10-27,16.530533803161106,6.679847371517963,8.797581157441439,0.7608487910390304,30,0.01997208595275879
LightGBM,3,s1_i47,2013-09-27,2013-09-28,2013-10-27,26.613519162385447,4.083152432063401,5.022600475691867,0.8882291889156908,30,0.019225120544433594
LightGBM,3,s1_i48,2013-09-27,2013-09-28,2013-10-27,13.2626937159073,5.167005496183013,6.213114332751413,0.7186263592316943,30,0.019749879837036133
LightGBM,3,s1_i49,2013-09-27,2013-09-28,2013-10-27,23.955879488545925,5.187794500813555,6.322491268448694,1.0320650177326263,30,0.019845962524414062
LightGBM,3,s1_i50,2013-09-27,2013-09-28,2013-10-27,14.336925100027697,7.0127516907311875,9.288447919054581,0.7984215127499209,30,0.02051997184753418
LightGBM,3,s2_i1,2013-09-27,2013-09-28,2013-10-27,20.089098951152735,4.785727469047953,5.944507577134398,0.8441625245724995,30,0.01904010772705078
LightGBM,3,s2_i2,2013-09-27,2013-09-28,2013-10-27,13.698759424380397,8.947713778167522,10.794776365751659,0.9531181544784886,30,0.01948404312133789
LightGBM,3,s2_i3,2013-09-27,2013-09-28,2013-10-27,11.91024364865104,4.7066379291822065,6.63547953593763,0.5905752744368316,30,0.020220041275024414
LightGBM,3,s2_i4,2013-09-27,2013-09-28,2013-10-27,19.980973386102335,4.718918882635473,6.100039746807677,0.8789487718852449,30,0.019655942916870117
LightGBM,3,s2_i5,2013-09-27,2013-09-28,2013-10-27,18.07270387099172,3.4102461311482375,4.283318320294622,0.6789513492153083,30,0.020868778228759766
LightGBM,3,s2_i6,2013-09-27,2013-09-28,2013-10-27,9.188952427353582,5.875074951833805,7.312706304929555,0.6374359373616523,30,0.01953291893005371
LightGBM,3,s2_i7,2013-09-27,2013-09-28,2013-10-27,11.292228888140881,6.929949505783262,8.829086648358306,0.7661104328791555,30,0.021063804626464844
LightGBM,3,s2_i8,2013-09-27,2013-09-28,2013-10-27,9.70437899528301,7.852768203624769,9.6091034917902,0.6789211168227344,30,0.02223801612854004
LightGBM,3,s2_i9,2013-09-27,2013-09-28,2013-10-27,16.202735423956792,8.798474410280862,10.541973793005386,0.8808522153301114,30,0.020460128784179688
LightGBM,3,s2_i10,2013-09-27,2013-09-28,2013-10-27,9.651887731907125,7.384704707413658,8.969229833486557,0.6755399436076956,30,0.020511150360107422
LightGBM,3,s2_i11,2013-09-27,2013-09-28,2013-10-27,9.694011121172466,7.188329417749306,8.203592495373563,0.7085946914099353,30,0.02042412757873535
LightGBM,3,s2_i12,2013-09-27,2013-09-28,2013-10-27,11.415737367253003,8.225165317015787,10.536759667395403,0.7826405492653101,30,0.019350051879882812
LightGBM,3,s2_i13,2013-09-27,2013-09-28,2013-10-27,10.721463819642647,9.235346578960472,10.959640667319968,0.8528427493126076,30,0.020480871200561523
LightGBM,3,s2_i14,2013-09-27,2013-09-28,2013-10-27,10.81352322702262,6.735628577075749,8.207296283380106,0.6917103926548231,30,0.020367145538330078
LightGBM,3,s2_i15,2013-09-27,2013-09-28,2013-10-27,6.762584160511604,6.220853821404548,8.215710427137918,0.5296486095468108,30,0.02071094512939453
LightGBM,3,s2_i16,2013-09-27,2013-09-28,2013-10-27,13.094632134144463,3.38766617855611,4.382288336919032,0.5376923384543415,30,0.02044200897216797
LightGBM,3,s2_i17,2013-09-27,2013-09-28,2013-10-27,15.388483404872938,5.317358549538368,7.197565209795116,0.7216023211242566,30,0.01891779899597168
LightGBM,3,s2_i18,2013-09-27,2013-09-28,2013-10-27,7.594052013071874,6.865593440089017,8.383255005974606,0.592599630649018,30,0.020918846130371094
LightGBM,3,s2_i19,2013-09-27,2013-09-28,2013-10-27,10.99407392328391,4.794652901226952,6.28700359824132,0.665783375315516,30,0.020286083221435547
LightGBM,3,s2_i20,2013-09-27,2013-09-28,2013-10-27,13.03019508259833,6.405528534512983,8.59896586060869,0.7731317138015515,30,0.020128965377807617
LightGBM,3,s2_i21,2013-09-27,2013-09-28,2013-10-27,14.78827606980026,6.832227833455408,8.493256612759096,0.8680559999857361,30,0.021310806274414062
LightGBM,3,s2_i22,2013-09-27,2013-09-28,2013-10-27,7.301572507426912,6.277300471670433,8.434651948222553,0.56635678349927,30,0.019403934478759766
LightGBM,3,s2_i23,2013-09-27,2013-09-28,2013-10-27,11.786764162825273,3.721167668675515,4.314098830133756,0.5989394716671599,30,0.019701004028320312
LightGBM,3,s2_i24,2013-09-27,2013-09-28,2013-10-27,10.25425683746031,7.39876349552613,9.327497908397046,0.6784779634396557,30,0.018796920776367188
LightGBM,3,s2_i25,2013-09-27,2013-09-28,2013-10-27,9.957988216178173,8.329448034815973,10.556002618093885,0.7804220993770395,30,0.021197080612182617
LightGBM,3,s2_i26,2013-09-27,2013-09-28,2013-10-27,16.34678109664624,8.329833008148814,9.884355116551898,1.0090953850196895,30,0.021138906478881836
LightGBM,3,s2_i27,2013-09-27,2013-09-28,2013-10-27,28.20262633532306,6.474395294319057,7.551049448390266,1.2197463911784518,30,0.019394874572753906
LightGBM,3,s2_i28,2013-09-27,2013-09-28,2013-10-27,9.715183585142992,8.611010886395597,10.28905788879896,0.803368521784589,30,0.021032094955444336
LightGBM,3,s2_i29,2013-09-27,2013-09-28,2013-10-27,15.476473544171812,11.568009878992761,13.931545449282464,1.1511110850822375,30,0.01982593536376953
LightGBM,3,s2_i30,2013-09-27,2013-09-28,2013-10-27,13.322773495422515,5.905763405260047,7.536739190337689,0.8085454322596278,30,0.019002914428710938
LightGBM,3,s2_i31,2013-09-27,2013-09-28,2013-10-27,9.45249968323317,6.070569828903045,7.960372502524599,0.6591906956350675,30,0.019054651260375977
LightGBM,3,s2_i32,2013-09-27,2013-09-28,2013-10-27,10.651522153699133,5.11734169246444,6.281905608754507,0.6393638313301638,30,0.02043604850769043
LightGBM,3,s2_i33,2013-09-27,2013-09-28,2013-10-27,11.997003178481123,8.428799124839163,10.574467773725981,0.7928376858455591,30,0.01966094970703125
LightGBM,3,s2_i34,2013-09-27,2013-09-28,2013-10-27,18.126273773212173,4.5529815595263665,5.617748671895842,0.7451363720967414,30,0.018301963806152344
LightGBM,3,s2_i35,2013-09-27,2013-09-28,2013-10-27,9.844037699711357,6.6891309264007015,8.145204030418117,0.6810845658011069,30,0.02034473419189453
LightGBM,3,s2_i36,2013-09-27,2013-09-28,2013-10-27,9.78519729051623,8.197038539249808,10.0620596039876,0.8065174469175403,30,0.019655942916870117
LightGBM,3,s2_i37,2013-09-27,2013-09-28,2013-10-27,17.415899292083534,5.569376578366708,6.52227546614417,0.8877248726527107,30,0.020596027374267578
LightGBM,3,s2_i38,2013-09-27,2013-09-28,2013-10-27,10.22978144029094,8.951569977748536,10.496407531749568,0.8081918654086202,30,0.02000880241394043
LightGBM,3,s2_i39,2013-09-27,2013-09-28,2013-10-27,15.461946377032367,6.972246026775873,8.577897122019147,0.8811632411390239,30,0.01994490623474121
LightGBM,3,s2_i40,2013-09-27,2013-09-28,2013-10-27,16.887872714317982,5.169697888154366,6.552336628419491,0.8671113165539209,30,0.019551992416381836
LightGBM,3,s2_i41,2013-09-27,2013-09-28,2013-10-27,18.838879753966182,4.515267462142915,5.555391285898445,0.7911494619157323,30,0.019680023193359375
LightGBM,3,s2_i42,2013-09-27,2013-09-28,2013-10-27,12.873120183978948,4.990430489376186,6.565051879504467,0.6115951624161637,30,0.018895864486694336
LightGBM,3,s2_i43,2013-09-27,2013-09-28,2013-10-27,12.978489395774764,6.997450396768879,9.067241398186258,0.7966794173769214,30,0.018876075744628906
LightGBM,3,s2_i44,2013-09-27,2013-09-28,2013-10-27,14.956891365053721,4.832364150669425,5.4574120540822495,0.7596603535124137,30,0.019856929779052734
LightGBM,3,s2_i45,2013-09-27,2013-09-28,2013-10-27,5.978894526808701,5.184916214583903,7.332072807416711,0.47168210456987686,30,0.018578052520751953
LightGBM,3,s2_i46,2013-09-27,2013-09-28,2013-10-27,14.732557723477091,9.256727913314261,11.144168445968575,0.9622606485962751,30,0.020358800888061523
LightGBM,3,s2_i47,2013-09-27,2013-09-28,2013-10-27,16.55505442858111,3.922627490900161,4.755041082639307,0.7353179115562036,30,0.01939702033996582
LightGBM,3,s2_i48,2013-09-27,2013-09-28,2013-10-27,13.931496844383712,7.697811874325491,9.810760161846853,0.9549643974983246,30,0.020371198654174805
LightGBM,3,s2_i49,2013-09-27,2013-09-28,2013-10-27,12.58930162477944,3.6684363786291936,4.516082711745395,0.5377919550936671,30,0.020246028900146484
LightGBM,3,s2_i50,2013-09-27,2013-09-28,2013-10-27,11.898047418848552,8.592438770335384,10.597482740443048,0.7822123213542694,30,0.0200347900390625
LightGBM,3,s3_i1,2013-09-27,2013-09-28,2013-10-27,21.526012345588807,4.583450511027191,5.525226358386873,0.9173877352807293,30,0.02049398422241211
LightGBM,3,s3_i2,2013-09-27,2013-09-28,2013-10-27,15.853567510769334,8.636104601673955,10.358855347276362,1.0678399200561393,30,0.019083023071289062
LightGBM,3,s3_i3,2013-09-27,2013-09-28,2013-10-27,13.606151817622031,4.898316283115667,5.692919503460697,0.720904970492346,30,0.019923925399780273
LightGBM,3,s3_i4,2013-09-27,2013-09-28,2013-10-27,21.37882902346135,4.445621752307714,5.6433142809562575,0.8918371629461292,30,0.020214080810546875
LightGBM,3,s3_i5,2013-09-27,2013-09-28,2013-10-27,26.482479974932104,4.704908395136529,5.58520044567945,0.9946872248065148,30,0.021032094955444336
LightGBM,3,s3_i6,2013-09-27,2013-09-28,2013-10-27,10.926812100450205,5.944306674341241,7.175253443404644,0.6782441020274915,30,0.0198209285736084
LightGBM,3,s3_i7,2013-09-27,2013-09-28,2013-10-27,13.037618372210769,7.19119973049074,8.634573372209013,0.8316998807829057,30,0.02123093605041504
LightGBM,3,s3_i8,2013-09-27,2013-09-28,2013-10-27,11.876120829353384,8.474632639196285,10.12013888050796,0.8702961280280105,30,0.01937699317932129
LightGBM,3,s3_i9,2013-09-27,2013-09-28,2013-10-27,13.149152511341846,6.326576387621584,7.759748057901296,0.761157177376163,30,0.01999831199645996
LightGBM,3,s3_i10,2013-09-27,2013-09-28,2013-10-27,11.512345741358066,7.93591414165173,9.580496829286917,0.8375382901421077,30,0.020306825637817383
LightGBM,3,s3_i11,2013-09-27,2013-09-28,2013-10-27,8.896353781705198,5.841303887860211,7.4751684116298875,0.5994002818375315,30,0.018831968307495117
LightGBM,3,s3_i12,2013-09-27,2013-09-28,2013-10-27,10.683936729498159,7.176266757360488,8.408864424467875,0.732385780750171,30,0.019932985305786133
LightGBM,3,s3_i13,2013-09-27,2013-09-28,2013-10-27,9.73823447356956,7.638120140513943,9.62260869008239,0.6238588809910224,30,0.019414901733398438
LightGBM,3,s3_i14,2013-09-27,2013-09-28,2013-10-27,11.62326846272362,6.360804594235543,8.459460638913244,0.7471601643981443,30,0.020623207092285156
LightGBM,3,s3_i15,2013-09-27,2013-09-28,2013-10-27,8.494605099663879,7.244085519668685,9.22531005933935,0.7853233682878501,30,0.020082950592041016
LightGBM,3,s3_i16,2013-09-27,2013-09-28,2013-10-27,19.420967284253372,4.6275388601048215,5.504141243541426,0.8273573895241149,30,0.01989006996154785
LightGBM,3,s3_i17,2013-09-27,2013-09-28,2013-10-27,16.925366345142464,5.138958948490788,6.36107901613451,0.8044917876437475,30,0.020334959030151367
LightGBM,3,s3_i18,2013-09-27,2013-09-28,2013-10-27,8.915791708506553,6.99976940965424,9.339386723753037,0.5889121415816319,30,0.01940464973449707
LightGBM,3,s3_i19,2013-09-27,2013-09-28,2013-10-27,13.998891773939745,5.111087031255481,6.286335264460683,0.7207591898287571,30,0.020207881927490234
LightGBM,3,s3_i20,2013-09-27,2013-09-28,2013-10-27,12.037033694287388,5.566921546961164,6.53078591907911,0.68066032853174,30,0.01888298988342285
LightGBM,3,s3_i21,2013-09-27,2013-09-28,2013-10-27,14.620760050917534,5.428299398944634,6.756918425520964,0.7239567655841979,30,0.019143104553222656
LightGBM,3,s3_i22,2013-09-27,2013-09-28,2013-10-27,10.121587461160429,7.907691807974014,10.42397665334314,0.7842092553887324,30,0.019731998443603516
LightGBM,3,s3_i23,2013-09-27,2013-09-28,2013-10-27,17.20606630534603,4.584474435409089,5.716069714317964,0.7849718595743117,30,0.019504070281982422
LightGBM,3,s3_i24,2013-09-27,2013-09-28,2013-10-27,13.487266287295846,8.099202996357098,10.323106522940472,0.9060358944294469,30,0.019552946090698242
LightGBM,3,s3_i25,2013-09-27,2013-09-28,2013-10-27,10.392880814291832,8.343872046167794,10.355144821493175,0.7781696269281814,30,0.01964092254638672
LightGBM,3,s3_i26,2013-09-27,2013-09-28,2013-10-27,18.533905695626647,8.581040050729952,10.004261928514627,1.123351683945513,30,0.019626855850219727
LightGBM,3,s3_i27,2013-09-27,2013-09-28,2013-10-27,20.798149541965387,4.058501274415026,5.09078383962529,0.7848425257093664,30,0.020421981811523438
LightGBM,3,s3_i28,2013-09-27,2013-09-28,2013-10-27,10.603270121522705,8.253206024495464,9.8003419003276,0.7568316541991842,30,0.01916813850402832
LightGBM,3,s3_i29,2013-09-27,2013-09-28,2013-10-27,12.7069129318602,8.235987778318181,10.728949270274487,0.8595495180442938,30,0.0214688777923584
LightGBM,3,s3_i30,2013-09-27,2013-09-28,2013-10-27,14.549663134554477,5.434706267231283,6.618129592177747,0.7344952456776234,30,0.019224166870117188
LightGBM,3,s3_i31,2013-09-27,2013-09-28,2013-10-27,16.128209946075255,8.820798678712979,10.969694896066473,1.0554458836323617,30,0.018374204635620117
LightGBM,3,s3_i32,2013-09-27,2013-09-28,2013-10-27,16.086382063937137,6.753446735015318,8.25149632421502,1.0137879515082207,30,0.019944190979003906
LightGBM,3,s3_i33,2013-09-27,2013-09-28,2013-10-27,10.834721269160093,7.2827274949178475,8.93140587569246,0.8345783577097602,30,0.019853830337524414
LightGBM,3,s3_i34,2013-09-27,2013-09-28,2013-10-27,20.509374203976133,4.710490394016668,5.962425650606617,0.8912654484834396,30,0.019385099411010742
LightGBM,3,s3_i35,2013-09-27,2013-09-28,2013-10-27,11.339638363720844,7.461841721748077,9.447194918589378,0.8859884300617289,30,0.021094322204589844
LightGBM,3,s3_i36,2013-09-27,2013-09-28,2013-10-27,9.732464544470277,6.855414107865959,8.48131224868036,0.6680155280448534,30,0.019305944442749023
LightGBM,3,s3_i37,2013-09-27,2013-09-28,2013-10-27,15.183625887556806,4.237770050994495,5.321681655527614,0.6829249529607494,30,0.01917266845703125
LightGBM,3,s3_i38,2013-09-27,2013-09-28,2013-10-27,8.90004747776271,7.0914552949074965,9.0075240076497,0.6943606635808097,30,0.020102977752685547
LightGBM,3,s3_i39,2013-09-27,2013-09-28,2013-10-27,17.99834480083551,7.447634952657306,8.936710780089577,0.9749766014397474,30,0.02041912078857422
LightGBM,3,s3_i40,2013-09-27,2013-09-28,2013-10-27,13.30233011050766,4.0321246468455,5.316135291380866,0.6728735926036807,30,0.020190954208374023
LightGBM,3,s3_i41,2013-09-27,2013-09-28,2013-10-27,21.616427251037667,4.3056029438007135,5.306688425399238,0.8387952399992478,30,0.019901037216186523
LightGBM,3,s3_i42,2013-09-27,2013-09-28,2013-10-27,17.29828760966102,6.045676548287999,6.933908764077249,0.8493658824660046,30,0.01883220672607422
LightGBM,3,s3_i43,2013-09-27,2013-09-28,2013-10-27,16.86881335447189,8.182801370268749,10.240479503630125,0.9768845937919929,30,0.020502805709838867
LightGBM,3,s3_i44,2013-09-27,2013-09-28,2013-10-27,13.223022882342613,3.6537262451087567,4.692421240285614,0.5771351365236135,30,0.020180940628051758
LightGBM,3,s3_i45,2013-09-27,2013-09-28,2013-10-27,8.657528044525993,6.755395794339697,8.79140804343582,0.6607174019105883,30,0.019324064254760742
LightGBM,3,s3_i46,2013-09-27,2013-09-28,2013-10-27,7.806829252732718,4.631162831582299,5.755569636319129,0.5375091900109354,30,0.01941990852355957
LightGBM,3,s3_i47,2013-09-27,2013-09-28,2013-10-27,19.641115737442057,3.939152338862407,5.113022906930737,0.7612028397653318,30,0.02047586441040039
LightGBM,3,s3_i48,2013-09-27,2013-09-28,2013-10-27,17.808230495409685,8.470938438760257,9.848511623691113,1.009450298653585,30,0.020112037658691406
LightGBM,3,s3_i49,2013-09-27,2013-09-28,2013-10-27,16.33994935135509,4.505992471997674,5.3315702957899225,0.6930269122532877,30,0.01929497718811035
LightGBM,3,s3_i50,2013-09-27,2013-09-28,2013-10-27,11.442773842081499,7.285335417516868,8.880209820325891,0.7852636125411524,30,0.01876378059387207
LightGBM,3,s4_i1,2013-09-27,2013-09-28,2013-10-27,23.713198723952942,4.179995876704876,5.3570217075220405,0.8372725935667781,30,0.020260095596313477
LightGBM,3,s4_i2,2013-09-27,2013-09-28,2013-10-27,13.74064507312179,7.193779790750331,9.292295395258602,0.8316325647246672,30,0.01866912841796875
LightGBM,3,s4_i3,2013-09-27,2013-09-28,2013-10-27,19.52765945337694,5.8473176346884745,6.902284499639355,0.951636471332171,30,0.019885778427124023
LightGBM,3,s4_i4,2013-09-27,2013-09-28,2013-10-27,19.37725132383435,3.5081882555505057,4.175557385904682,0.7879193091396757,30,0.019484996795654297
LightGBM,3,s4_i5,2013-09-27,2013-09-28,2013-10-27,28.095032090244924,4.449034396553603,5.429296487430071,1.0069673373741526,30,0.02083897590637207
LightGBM,3,s4_i6,2013-09-27,2013-09-28,2013-10-27,16.17438696946033,8.782226720223159,10.121329226144981,1.004665344564795,30,0.018815994262695312
LightGBM,3,s4_i7,2013-09-27,2013-09-28,2013-10-27,16.649545025634627,8.70625097045968,10.17365400632524,1.0600666689593048,30,0.02065110206604004
LightGBM,3,s4_i8,2013-09-27,2013-09-28,2013-10-27,10.251556636314097,6.755693518905634,8.922173989990975,0.7011631394190118,30,0.019052982330322266
LightGBM,3,s4_i9,2013-09-27,2013-09-28,2013-10-27,12.755448412445746,5.801771052189278,7.393354316732547,0.7269489216458278,30,0.020874977111816406
LightGBM,3,s4_i10,2013-09-27,2013-09-28,2013-10-27,10.894719003295169,6.955434962970504,9.06789593383596,0.7221789952906867,30,0.019732952117919922
LightGBM,3,s4_i11,2013-09-27,2013-09-28,2013-10-27,13.213787618019223,7.923383774311854,9.496338651979686,0.958973737870137,30,0.019919157028198242
LightGBM,3,s4_i12,2013-09-27,2013-09-28,2013-10-27,8.164313019376644,4.989708568477571,6.3458716656398915,0.5593748309303007,30,0.0195310115814209
LightGBM,3,s4_i13,2013-09-27,2013-09-28,2013-10-27,11.677288211005772,8.533315427459616,11.031763289780242,0.9677714347422833,30,0.018930912017822266
LightGBM,3,s4_i14,2013-09-27,2013-09-28,2013-10-27,14.286720323603284,7.546264750560004,9.512257381034233,0.9287167193041781,30,0.019577980041503906
LightGBM,3,s4_i15,2013-09-27,2013-09-28,2013-10-27,10.195597859532942,7.948664286071302,9.929695909092215,0.8439639511565562,30,0.018784761428833008
LightGBM,3,s4_i16,2013-09-27,2013-09-28,2013-10-27,24.139584133564483,5.512766981999873,6.618899834589747,1.0217461000685322,30,0.019669055938720703
LightGBM,3,s4_i17,2013-09-27,2013-09-28,2013-10-27,16.74139643459663,4.672363537600246,5.486042435730595,0.745650248903373,30,0.020546913146972656
LightGBM,3,s4_i18,2013-09-27,2013-09-28,2013-10-27,9.124015266568675,6.520066810646259,8.064867630056199,0.6853627382173125,30,0.018783092498779297
LightGBM,3,s4_i19,2013-09-27,2013-09-28,2013-10-27,13.665549515727898,5.01847410522322,5.914638310423447,0.7581037848789922,30,0.020474910736083984
LightGBM,3,s4_i20,2013-09-27,2013-09-28,2013-10-27,15.696728261847731,6.693499174688139,7.89691190280766,0.9373750174102506,30,0.020093917846679688
LightGBM,3,s4_i21,2013-09-27,2013-09-28,2013-10-27,13.591845492406676,4.970685959199388,5.959559064206961,0.7116442063594319,30,0.02007913589477539
LightGBM,3,s4_i22,2013-09-27,2013-09-28,2013-10-27,9.00557858690262,6.205243896478951,8.105281551481843,0.677450869487669,30,0.01996612548828125
LightGBM,3,s4_i23,2013-09-27,2013-09-28,2013-10-27,18.778681424503638,4.502374401161546,5.862778957789064,0.7619848566956786,30,0.01933908462524414
LightGBM,3,s4_i24,2013-09-27,2013-09-28,2013-10-27,10.039951220585447,5.888692151364783,7.011527666440973,0.6783732087737738,30,0.020409107208251953
LightGBM,3,s4_i25,2013-09-27,2013-09-28,2013-10-27,13.27539399397623,8.780633958717411,11.459150131981625,0.8714365022315063,30,0.01974201202392578
LightGBM,3,s4_i26,2013-09-27,2013-09-28,2013-10-27,14.374088434171641,5.8391128583856675,6.9761485668014895,0.8269718263532241,30,0.020179033279418945
LightGBM,3,s4_i27,2013-09-27,2013-09-28,2013-10-27,23.512345690413035,4.563050838958317,5.40291579617479,0.8817651509288266,30,0.019814014434814453
LightGBM,3,s4_i28,2013-09-27,2013-09-28,2013-10-27,8.752229678624273,7.05781630114944,8.494782681308266,0.7245143196767196,30,0.021145105361938477
LightGBM,3,s4_i29,2013-09-27,2013-09-28,2013-10-27,12.033518762636099,7.228747924148056,8.3368135789014,0.7206826019186502,30,0.021322011947631836
LightGBM,3,s4_i30,2013-09-27,2013-09-28,2013-10-27,16.32867063587634,5.561051430549173,6.628956044732,0.8623564422214816,30,0.019927024841308594
LightGBM,3,s4_i31,2013-09-27,2013-09-28,2013-10-27,15.033663079522375,7.742000265014624,9.07414989687968,0.9167699547310831,30,0.01961493492126465
LightGBM,3,s4_i32,2013-09-27,2013-09-28,2013-10-27,13.709902401616208,5.36925235617824,6.689158234263831,0.7401013466877518,30,0.020505905151367188
LightGBM,3,s4_i33,2013-09-27,2013-09-28,2013-10-27,13.311646611633826,8.000162149552452,9.356430488720699,0.9318169375939889,30,0.02060389518737793
LightGBM,3,s4_i34,2013-09-27,2013-09-28,2013-10-27,18.998541360714338,4.162195105684194,5.233078548909908,0.7607069580228473,30,0.021350860595703125
LightGBM,3,s4_i35,2013-09-27,2013-09-28,2013-10-27,12.890556384434865,7.431627028266632,9.014173577966929,0.6958055921150329,30,0.020255327224731445
LightGBM,3,s4_i36,2013-09-27,2013-09-28,2013-10-27,9.284112678002863,6.2470636859243545,7.40703942198967,0.6845740621741926,30,0.019739151000976562
LightGBM,3,s4_i37,2013-09-27,2013-09-28,2013-10-27,19.271335285151128,4.781202606016963,5.6596498763545675,0.9125227032964208,30,0.0211026668548584
LightGBM,3,s4_i38,2013-09-27,2013-09-28,2013-10-27,10.331285290663693,6.878803870824537,8.548660616654084,0.736614583808275,30,0.019445180892944336
LightGBM,3,s4_i39,2013-09-27,2013-09-28,2013-10-27,11.958049787108054,4.5732200753587335,6.249936863896897,0.6171148689877094,30,0.01998114585876465
LightGBM,3,s4_i40,2013-09-27,2013-09-28,2013-10-27,19.546354334802366,4.696700842508962,5.812247962578062,0.7677018777986025,30,0.021201133728027344
LightGBM,3,s4_i41,2013-09-27,2013-09-28,2013-10-27,22.337906786658106,4.265086902912566,5.048128266100035,0.8790892282404423,30,0.01988506317138672
LightGBM,3,s4_i42,2013-09-27,2013-09-28,2013-10-27,14.741832542671357,4.519141048475287,5.658921841538472,0.719451631694785,30,0.01897287368774414
LightGBM,3,s4_i43,2013-09-27,2013-09-28,2013-10-27,14.151727292812794,6.3468989926448,7.8471939226359035,0.8110954493937144,30,0.020199298858642578
LightGBM,3,s4_i44,2013-09-27,2013-09-28,2013-10-27,18.835231952674356,4.9153937089140305,5.784749831164584,0.9498519803046134,30,0.019262075424194336
LightGBM,3,s4_i45,2013-09-27,2013-09-28,2013-10-27,10.93497086701358,7.129661019156497,9.472911906745768,0.7379381534215196,30,0.019871950149536133
LightGBM,3,s4_i46,2013-09-27,2013-09-28,2013-10-27,16.844822395876015,8.578930265922876,11.055285830675386,1.1186210508892014,30,0.020093917846679688
LightGBM,3,s4_i47,2013-09-27,2013-09-28,2013-10-27,20.95140243089123,4.1243454703571185,4.999110566742315,0.9263047467637097,30,0.019814014434814453
LightGBM,3,s4_i48,2013-09-27,2013-09-28,2013-10-27,10.913030398088587,4.887190262640606,5.999849923949379,0.6577947998472258,30,0.01942586898803711
LightGBM,3,s4_i49,2013-09-27,2013-09-28,2013-10-27,18.949609078336945,4.746616034991423,5.802423439341925,0.8043556810510301,30,0.02017688751220703
LightGBM,3,s4_i50,2013-09-27,2013-09-28,2013-10-27,11.907016536102661,6.976328205354628,8.851431862851747,0.8015615193523182,30,0.01904582977294922
LightGBM,4,s1_i1,2013-10-27,2013-10-28,2013-11-26,18.397044454552024,3.264242184550434,4.235854304647649,0.7682112127294708,30,0.022938013076782227
LightGBM,4,s1_i2,2013-10-27,2013-10-28,2013-11-26,12.11664062158589,5.448884092321101,7.3252567162481235,0.6828584426219012,30,0.019178152084350586
LightGBM,4,s1_i3,2013-10-27,2013-10-28,2013-11-26,19.643499656839378,5.277225158770474,6.5516997855944235,0.8876159421697344,30,0.019549846649169922
LightGBM,4,s1_i4,2013-10-27,2013-10-28,2013-11-26,23.682760751980993,3.791575788133687,4.511057857203515,0.8241333128202517,30,0.02034306526184082
LightGBM,4,s1_i5,2013-10-27,2013-10-28,2013-11-26,24.842158462419693,3.2704026028715183,3.935970651140928,0.8310736881160886,30,0.01971888542175293
LightGBM,4,s1_i6,2013-10-27,2013-10-28,2013-11-26,12.744352141906365,5.697462944990027,6.502170416317068,0.7031830845307689,30,0.021620988845825195
LightGBM,4,s1_i7,2013-10-27,2013-10-28,2013-11-26,13.84227124848537,5.969167753484977,7.23956686890155,0.813472628619884,30,0.019987821578979492
LightGBM,4,s1_i8,2013-10-27,2013-10-28,2013-11-26,11.504395482475891,7.104478196634266,9.250940495390685,0.7689738128513227,30,0.020296096801757812
LightGBM,4,s1_i9,2013-10-27,2013-10-28,2013-11-26,16.12464006519297,5.928890409432502,6.806143423592431,0.780748265049422,30,0.020112991333007812
LightGBM,4,s1_i10,2013-10-27,2013-10-28,2013-11-26,10.451827117908383,5.930163317022505,7.529214537818137,0.6456848204007463,30,0.021497249603271484
LightGBM,4,s1_i11,2013-10-27,2013-10-28,2013-11-26,11.758650370092123,6.356439775199637,7.6088315989165505,0.7884999381466822,30,0.019017934799194336
LightGBM,4,s1_i12,2013-10-27,2013-10-28,2013-11-26,14.604094381951485,7.923487530712242,9.874510434265378,0.9491340336143053,30,0.04012799263000488
LightGBM,4,s1_i13,2013-10-27,2013-10-28,2013-11-26,8.230350820761117,5.260367732103502,6.722048433144932,0.5719063990125259,30,0.01871490478515625
LightGBM,4,s1_i14,2013-10-27,2013-10-28,2013-11-26,8.918447583160724,3.8799696457780177,4.693050069432417,0.50413796277838,30,0.020462751388549805
LightGBM,4,s1_i15,2013-10-27,2013-10-28,2013-11-26,13.811526098387775,9.356768450709819,11.62345348118578,0.9925898464037465,30,0.020090818405151367
LightGBM,4,s1_i16,2013-10-27,2013-10-28,2013-11-26,14.37784087829527,2.7445266670408945,3.5532497752880814,0.4915319763441096,30,0.02004694938659668
LightGBM,4,s1_i17,2013-10-27,2013-10-28,2013-11-26,16.09444893273207,3.958248348896757,5.213074148596106,0.6723285600172507,30,0.01929616928100586
LightGBM,4,s1_i18,2013-10-27,2013-10-28,2013-11-26,12.66804066564671,7.872088203735384,9.700997099023427,0.8293857761421997,30,0.020129919052124023
LightGBM,4,s1_i19,2013-10-27,2013-10-28,2013-11-26,15.947884590955471,5.194160149127057,6.453711430112941,0.7988918233386626,30,0.019639253616333008
LightGBM,4,s1_i20,2013-10-27,2013-10-28,2013-11-26,15.712180062161382,5.859270442887265,7.487659402998723,0.8427914774271138,30,0.019656896591186523
LightGBM,4,s1_i21,2013-10-27,2013-10-28,2013-11-26,16.013336698860545,4.822925358614863,6.343735762656961,0.7176826459440699,30,0.019764184951782227
LightGBM,4,s1_i22,2013-10-27,2013-10-28,2013-11-26,8.308783120829629,4.916586076896165,6.650014889774328,0.5487846553789647,30,0.02028679847717285
LightGBM,4,s1_i23,2013-10-27,2013-10-28,2013-11-26,17.244793932453984,3.912513305067632,4.848501965043391,0.6645602308348406,30,0.01876974105834961
LightGBM,4,s1_i24,2013-10-27,2013-10-28,2013-11-26,13.967002795226433,7.018998087309387,8.54906179861248,0.7813702277175946,30,0.020935773849487305
LightGBM,4,s1_i25,2013-10-27,2013-10-28,2013-11-26,14.06248098895084,9.140897097956621,11.310871691809659,0.970040872661017,30,0.01922464370727539
LightGBM,4,s1_i26,2013-10-27,2013-10-28,2013-11-26,16.3149620445839,5.740962413285744,6.64564351874787,0.8122172799878046,30,0.01976490020751953
LightGBM,4,s1_i27,2013-10-27,2013-10-28,2013-11-26,22.824956080432944,3.921156399851669,4.659009601349928,0.773669242377006,30,0.01995110511779785
LightGBM,4,s1_i28,2013-10-27,2013-10-28,2013-11-26,9.201612056317789,6.2907446393367925,8.011744173795675,0.647414183047414,30,0.02020406723022461
LightGBM,4,s1_i29,2013-10-27,2013-10-28,2013-11-26,11.517301434855606,5.943119145871626,7.340417888083245,0.7261609297446293,30,0.01957392692565918
LightGBM,4,s1_i30,2013-10-27,2013-10-28,2013-11-26,12.73228444076891,3.744304021607832,5.188508553660367,0.5943017758163404,30,0.019952058792114258
LightGBM,4,s1_i31,2013-10-27,2013-10-28,2013-11-26,18.551270659336325,8.495854479411888,10.198471135952875,1.0865496997596351,30,0.019652128219604492
LightGBM,4,s1_i32,2013-10-27,2013-10-28,2013-11-26,18.48244019299054,5.905095589717621,6.952039256658538,0.8407157471044379,30,0.018713951110839844
LightGBM,4,s1_i33,2013-10-27,2013-10-28,2013-11-26,13.488965143711754,7.197408453757688,8.574098288617535,0.8192854221876269,30,0.019130945205688477
LightGBM,4,s1_i34,2013-10-27,2013-10-28,2013-11-26,21.17428252188068,3.991946696543272,4.967578835150478,0.7913669701321435,30,0.018741130828857422
LightGBM,4,s1_i35,2013-10-27,2013-10-28,2013-11-26,11.308886748027813,5.635844872196483,7.59864861219385,0.7041801907664156,30,0.018696069717407227
LightGBM,4,s1_i36,2013-10-27,2013-10-28,2013-11-26,11.52843448681069,6.507793726384469,7.901340563247508,0.7439654941914428,30,0.019874095916748047
LightGBM,4,s1_i37,2013-10-27,2013-10-28,2013-11-26,21.281707411600507,4.531959075344082,5.741023212926742,0.9164002821306492,30,0.019275188446044922
LightGBM,4,s1_i38,2013-10-27,2013-10-28,2013-11-26,11.816025460406575,6.681027323896091,8.67702496472901,0.6827837480647013,30,0.019307851791381836
LightGBM,4,s1_i39,2013-10-27,2013-10-28,2013-11-26,17.30905627680271,5.597269073545898,6.663428225412373,0.8015639483451075,30,0.019670963287353516
LightGBM,4,s1_i40,2013-10-27,2013-10-28,2013-11-26,20.41482998469816,4.269907084411173,5.32901033131893,0.7433646913337302,30,0.019419193267822266
LightGBM,4,s1_i41,2013-10-27,2013-10-28,2013-11-26,17.86424130457427,3.0585170073501637,3.719868357753468,0.5966348089073129,30,0.021137237548828125
LightGBM,4,s1_i42,2013-10-27,2013-10-28,2013-11-26,14.237671964794037,3.7455695355963807,4.323522578073315,0.6829196476226784,30,0.019459247589111328
LightGBM,4,s1_i43,2013-10-27,2013-10-28,2013-11-26,12.169384208256588,4.88766583853736,6.3400421775223395,0.6691991077081173,30,0.019541025161743164
LightGBM,4,s1_i44,2013-10-27,2013-10-28,2013-11-26,20.639749825340786,4.987479647295134,6.253183362643567,0.969052742953277,30,0.018934011459350586
LightGBM,4,s1_i45,2013-10-27,2013-10-28,2013-11-26,10.70748880346439,6.7984681601975785,8.93948845176094,0.733954005424776,30,0.018481969833374023
LightGBM,4,s1_i46,2013-10-27,2013-10-28,2013-11-26,15.722894139485266,7.102465786638008,9.120836389410892,0.8138531385398816,30,0.01918792724609375
LightGBM,4,s1_i47,2013-10-27,2013-10-28,2013-11-26,16.93766943236528,2.83642683242097,3.850050229048078,0.6156096753473856,30,0.019109249114990234
LightGBM,4,s1_i48,2013-10-27,2013-10-28,2013-11-26,14.658012534720385,5.638648744999125,6.9736740126365415,0.7958208487724318,30,0.01875901222229004
LightGBM,4,s1_i49,2013-10-27,2013-10-28,2013-11-26,15.611961857930904,3.2842675487433497,4.281819981852239,0.6318387338126544,30,0.019037961959838867
LightGBM,4,s1_i50,2013-10-27,2013-10-28,2013-11-26,9.958383530595501,5.1253903461631065,6.479113006600544,0.5841071066723637,30,0.018763065338134766
LightGBM,4,s2_i1,2013-10-27,2013-10-28,2013-11-26,19.37674922920742,4.649955991979434,5.698704583058098,0.8080884373743797,30,0.01964879035949707
LightGBM,4,s2_i2,2013-10-27,2013-10-28,2013-11-26,10.200058616447917,6.327118043275817,7.8855425771578025,0.6805600537740125,30,0.020000934600830078
LightGBM,4,s2_i3,2013-10-27,2013-10-28,2013-11-26,16.670079310745763,6.414690434967577,8.375788318909976,0.8129343846052379,30,0.020022153854370117
LightGBM,4,s2_i4,2013-10-27,2013-10-28,2013-11-26,15.374499129828381,3.739866017537389,4.777874582569253,0.6935321157818038,30,0.019530057907104492
LightGBM,4,s2_i5,2013-10-27,2013-10-28,2013-11-26,16.21674235437152,3.244040431945517,4.129293531749789,0.6470414202657954,30,0.019534826278686523
LightGBM,4,s2_i6,2013-10-27,2013-10-28,2013-11-26,10.999889613738056,7.360720749251135,9.936665175582755,0.8068429402522176,30,0.01952219009399414
LightGBM,4,s2_i7,2013-10-27,2013-10-28,2013-11-26,13.230086882239284,8.604143992006023,10.563097830445885,0.959290026399046,30,0.019923925399780273
LightGBM,4,s2_i8,2013-10-27,2013-10-28,2013-11-26,16.101976531961526,13.523913956149574,16.581230859317955,1.173380748832699,30,0.02015519142150879
LightGBM,4,s2_i9,2013-10-27,2013-10-28,2013-11-26,12.913674100056857,7.09379035327237,9.029231745152677,0.7184516326644652,30,0.01957416534423828
LightGBM,4,s2_i10,2013-10-27,2013-10-28,2013-11-26,13.874108127196342,10.947770910267886,13.213954350497538,1.0170250083736532,30,0.019470930099487305
LightGBM,4,s2_i11,2013-10-27,2013-10-28,2013-11-26,9.38446559470961,6.972497496248617,8.913058547969607,0.6989195231597883,30,0.018352031707763672
LightGBM,4,s2_i12,2013-10-27,2013-10-28,2013-11-26,7.7598040359459635,5.888432664357456,8.019239680683977,0.5581723618548011,30,0.019647836685180664
LightGBM,4,s2_i13,2013-10-27,2013-10-28,2013-11-26,8.93580630943551,8.050280537525792,10.678421961925501,0.7373342285961294,30,0.019479036331176758
LightGBM,4,s2_i14,2013-10-27,2013-10-28,2013-11-26,12.572874360392996,7.997749312841728,9.402304790544694,0.8390048508474035,30,0.019845008850097656
LightGBM,4,s2_i15,2013-10-27,2013-10-28,2013-11-26,12.039174849656838,11.230683443648786,14.229106210545945,0.9712485976105426,30,0.01898026466369629
LightGBM,4,s2_i16,2013-10-27,2013-10-28,2013-11-26,13.659761204346143,3.600110980499373,4.319629845267067,0.5824585958672865,30,0.01877880096435547
LightGBM,4,s2_i17,2013-10-27,2013-10-28,2013-11-26,15.141927111895697,5.701681205247777,7.337030113456525,0.7744981886465789,30,0.020501136779785156
LightGBM,4,s2_i18,2013-10-27,2013-10-28,2013-11-26,8.788704447636118,8.073929491756553,10.15487650037604,0.7053253848771645,30,0.019737958908081055
LightGBM,4,s2_i19,2013-10-27,2013-10-28,2013-11-26,15.044993928518766,6.574083615700369,7.477809667669829,0.8975799157209772,30,0.019509553909301758
LightGBM,4,s2_i20,2013-10-27,2013-10-28,2013-11-26,13.285790432447333,6.692969317370402,8.342153982108963,0.8302455587410101,30,0.020986080169677734
LightGBM,4,s2_i21,2013-10-27,2013-10-28,2013-11-26,12.565305599419036,5.501644342421842,6.540512203187583,0.6821759594285748,30,0.018996000289916992
LightGBM,4,s2_i22,2013-10-27,2013-10-28,2013-11-26,12.589920486545934,10.81625771272026,13.273204364552978,0.9991057722365378,30,0.019469022750854492
LightGBM,4,s2_i23,2013-10-27,2013-10-28,2013-11-26,15.605295867294746,4.974684283401244,6.277515142163829,0.8295859389832076,30,0.019846200942993164
LightGBM,4,s2_i24,2013-10-27,2013-10-28,2013-11-26,9.499996664908323,6.756506667239063,8.14925586457562,0.6205819602881552,30,0.020461082458496094
LightGBM,4,s2_i25,2013-10-27,2013-10-28,2013-11-26,10.237340882199184,8.87582100216465,10.538802047128755,0.8348685564653695,30,0.01960301399230957
LightGBM,4,s2_i26,2013-10-27,2013-10-28,2013-11-26,14.510737869213663,7.695078984989307,9.302174394837447,0.9320620679325229,30,0.019428014755249023
LightGBM,4,s2_i27,2013-10-27,2013-10-28,2013-11-26,17.506462991405204,4.300590473706698,5.441193103080137,0.7939968547973668,30,0.019450902938842773
LightGBM,4,s2_i28,2013-10-27,2013-10-28,2013-11-26,15.667598817441691,15.13514367985875,17.92776592157584,1.4222569268062517,30,0.020968914031982422
LightGBM,4,s2_i29,2013-10-27,2013-10-28,2013-11-26,11.934861011237752,8.870385364750994,10.723347099387418,0.8807261645591286,30,0.01962423324584961
LightGBM,4,s2_i30,2013-10-27,2013-10-28,2013-11-26,14.253852519449522,5.920978201636895,7.1378179413887635,0.8061554892395012,30,0.020580291748046875
LightGBM,4,s2_i31,2013-10-27,2013-10-28,2013-11-26,10.164764362276522,6.40431246450888,8.429194262470078,0.6952439984799539,30,0.02112603187561035
LightGBM,4,s2_i32,2013-10-27,2013-10-28,2013-11-26,14.31391984665144,7.062442017646316,8.56798345752786,0.877191823193452,30,0.019761085510253906
LightGBM,4,s2_i33,2013-10-27,2013-10-28,2013-11-26,10.444111336120377,8.018201357654679,10.712410714992624,0.7425199107380729,30,0.01909613609313965
LightGBM,4,s2_i34,2013-10-27,2013-10-28,2013-11-26,16.54965833418801,4.788595312787494,6.1467695715586705,0.7833938729297606,30,0.019383907318115234
LightGBM,4,s2_i35,2013-10-27,2013-10-28,2013-11-26,12.039920819732107,8.60013461778925,11.171223890457687,0.8935600860817152,30,0.019516944885253906
LightGBM,4,s2_i36,2013-10-27,2013-10-28,2013-11-26,11.922191737225202,9.943851509830646,12.263823865614635,0.9954043362107025,30,0.019210100173950195
LightGBM,4,s2_i37,2013-10-27,2013-10-28,2013-11-26,17.10424334237407,5.270400945712573,6.595290364675778,0.833366150485487,30,0.019542932510375977
LightGBM,4,s2_i38,2013-10-27,2013-10-28,2013-11-26,14.455700730860821,12.777987691130413,15.564400948215907,1.172916789836324,30,0.020247220993041992
LightGBM,4,s2_i39,2013-10-27,2013-10-28,2013-11-26,14.438242644170051,6.914711147020861,8.63260935769369,0.8595716443891632,30,0.020485877990722656
LightGBM,4,s2_i40,2013-10-27,2013-10-28,2013-11-26,15.159444903300551,4.907133195290086,6.195857856255692,0.8045831147085912,30,0.019926786422729492
LightGBM,4,s2_i41,2013-10-27,2013-10-28,2013-11-26,14.039172986355366,3.310936562379192,3.9672457348496835,0.5788212485724992,30,0.019611120223999023
LightGBM,4,s2_i42,2013-10-27,2013-10-28,2013-11-26,17.207044527133856,7.002484665077033,8.452134176730391,0.8805699599182677,30,0.020427942276000977
LightGBM,4,s2_i43,2013-10-27,2013-10-28,2013-11-26,10.670889333405603,6.1125211450393895,8.076364295848368,0.7115489452872695,30,0.020929813385009766
LightGBM,4,s2_i44,2013-10-27,2013-10-28,2013-11-26,15.292207834625767,5.090754895796706,6.934214125196693,0.7854613924372272,30,0.02074289321899414
LightGBM,4,s2_i45,2013-10-27,2013-10-28,2013-11-26,9.274881008291409,7.7171203663201835,9.28895085107516,0.7155431225070125,30,0.019794940948486328
LightGBM,4,s2_i46,2013-10-27,2013-10-28,2013-11-26,12.801111281815725,8.032306803469329,9.844419318728924,0.8411243363724317,30,0.019496917724609375
LightGBM,4,s2_i47,2013-10-27,2013-10-28,2013-11-26,19.11991557448807,4.738356502344038,6.241475721914573,0.8951247291583052,30,0.020539045333862305
LightGBM,4,s2_i48,2013-10-27,2013-10-28,2013-11-26,11.080876509420289,6.203806132645913,7.75215482458397,0.7480309451218433,30,0.020348072052001953
LightGBM,4,s2_i49,2013-10-27,2013-10-28,2013-11-26,15.637462429344406,5.159032965273466,6.428053397813275,0.7893455136260299,30,0.01951003074645996
LightGBM,4,s2_i50,2013-10-27,2013-10-28,2013-11-26,9.416887016194348,6.704520708993939,9.168429676519011,0.6100697414771658,30,0.018317222595214844
LightGBM,4,s3_i1,2013-10-27,2013-10-28,2013-11-26,22.580122074597263,4.884833011414126,5.61194578999459,0.9677187775935072,30,0.01885509490966797
LightGBM,4,s3_i2,2013-10-27,2013-10-28,2013-11-26,11.036260059287057,6.29514157397328,8.459695071991664,0.7736897990551509,30,0.0206451416015625
LightGBM,4,s3_i3,2013-10-27,2013-10-28,2013-11-26,15.069297886882982,5.201599782893434,6.6186258938864215,0.7917240187822343,30,0.020026206970214844
LightGBM,4,s3_i4,2013-10-27,2013-10-28,2013-11-26,21.18064128648842,4.425652189484875,5.016409163464453,0.8821197899732024,30,0.020030975341796875
LightGBM,4,s3_i5,2013-10-27,2013-10-28,2013-11-26,14.626194667278098,2.4565124658750332,2.9865250726092287,0.5339452168730999,30,0.020416975021362305
LightGBM,4,s3_i6,2013-10-27,2013-10-28,2013-11-26,12.124517216647996,6.869622644055449,8.063044839754664,0.7971482908810622,30,0.01828598976135254
LightGBM,4,s3_i7,2013-10-27,2013-10-28,2013-11-26,11.769776106469125,6.589220106344775,8.036553067523228,0.7627979023846382,30,0.02037215232849121
LightGBM,4,s3_i8,2013-10-27,2013-10-28,2013-11-26,11.690579765765818,8.417600948697567,10.620087273564797,0.8650849097561969,30,0.01938486099243164
LightGBM,4,s3_i9,2013-10-27,2013-10-28,2013-11-26,13.866243000964932,6.380564402492788,8.357240204127674,0.7770180256453536,30,0.01996302604675293
LightGBM,4,s3_i10,2013-10-27,2013-10-28,2013-11-26,12.153337791755515,8.772747820131153,11.189235917076687,0.9357171863939799,30,0.02099895477294922
LightGBM,4,s3_i11,2013-10-27,2013-10-28,2013-11-26,11.311393242503435,7.55897758638281,9.320824107359579,0.8103843514719067,30,0.019914865493774414
LightGBM,4,s3_i12,2013-10-27,2013-10-28,2013-11-26,10.234181793459339,6.925341994780653,9.025015228819672,0.71599336777027,30,0.02104330062866211
LightGBM,4,s3_i13,2013-10-27,2013-10-28,2013-11-26,10.496263610216776,8.655168634695723,10.402110467745247,0.7163741270497033,30,0.020004987716674805
LightGBM,4,s3_i14,2013-10-27,2013-10-28,2013-11-26,12.891611093982085,6.893015137491476,8.062667536256553,0.8117578115141307,30,0.018883228302001953
LightGBM,4,s3_i15,2013-10-27,2013-10-28,2013-11-26,10.543279519239917,8.653825172514296,10.830890238971582,0.919018041057418,30,0.020152807235717773
LightGBM,4,s3_i16,2013-10-27,2013-10-28,2013-11-26,18.96604117815592,4.704571573475033,5.701118083896414,0.8259074120947837,30,0.019306182861328125
LightGBM,4,s3_i17,2013-10-27,2013-10-28,2013-11-26,14.467252849185558,4.546765416550911,5.506557888139357,0.7170087550265518,30,0.018211841583251953
LightGBM,4,s3_i18,2013-10-27,2013-10-28,2013-11-26,13.334140583318854,9.915531138591943,11.782633604338564,0.8399105589364977,30,0.020161151885986328
LightGBM,4,s3_i19,2013-10-27,2013-10-28,2013-11-26,13.389960499300047,5.042398011882968,6.293623144722361,0.7154588945627506,30,0.020215988159179688
LightGBM,4,s3_i20,2013-10-27,2013-10-28,2013-11-26,11.29454604755346,5.177739066870923,6.305335494512727,0.6477700881312484,30,0.018867969512939453
LightGBM,4,s3_i21,2013-10-27,2013-10-28,2013-11-26,14.057009182524316,5.719553557848724,7.071627179600695,0.7481380322457463,30,0.019722938537597656
LightGBM,4,s3_i22,2013-10-27,2013-10-28,2013-11-26,12.907310350917406,9.87147824850401,12.138166101820914,0.9735251183192298,30,0.0195770263671875
LightGBM,4,s3_i23,2013-10-27,2013-10-28,2013-11-26,14.844456595257638,4.277257573506828,5.3303540504912945,0.7316033092954705,30,0.020281314849853516
LightGBM,4,s3_i24,2013-10-27,2013-10-28,2013-11-26,11.488280098672046,7.2431142366392836,8.61061538379888,0.8066257966928805,30,0.019733905792236328
LightGBM,4,s3_i25,2013-10-27,2013-10-28,2013-11-26,10.264854760509653,7.09952272764389,8.67213336028453,0.6740635641614255,30,0.019947052001953125
LightGBM,4,s3_i26,2013-10-27,2013-10-28,2013-11-26,14.964445541492227,6.814897347359663,7.934390918676612,0.8677813657201744,30,0.02001214027404785
LightGBM,4,s3_i27,2013-10-27,2013-10-28,2013-11-26,17.385315513072186,3.595378880671428,4.581246767647932,0.7113072328347841,30,0.020159006118774414
LightGBM,4,s3_i28,2013-10-27,2013-10-28,2013-11-26,11.622664099024306,9.976073947569308,11.948328677618045,0.9162977010562169,30,0.019736766815185547
LightGBM,4,s3_i29,2013-10-27,2013-10-28,2013-11-26,9.774419201268543,6.5124752757848965,8.900155452954074,0.690360078003871,30,0.019568920135498047
LightGBM,4,s3_i30,2013-10-27,2013-10-28,2013-11-26,12.747752713191138,4.946951829887409,5.84358059297423,0.6811357546792473,30,0.019815921783447266
LightGBM,4,s3_i31,2013-10-27,2013-10-28,2013-11-26,15.098623510184364,8.383622606618086,9.702971437560578,0.9798170815524583,30,0.02020406723022461
LightGBM,4,s3_i32,2013-10-27,2013-10-28,2013-11-26,13.411515015817823,5.7416698229922405,6.644649785870711,0.8307700038979313,30,0.019089937210083008
LightGBM,4,s3_i33,2013-10-27,2013-10-28,2013-11-26,11.249035590549923,7.5982209384484936,9.137234009023196,0.8733929912551998,30,0.020450115203857422
LightGBM,4,s3_i34,2013-10-27,2013-10-28,2013-11-26,17.02763899291796,4.125595674364719,5.262097795363971,0.7670047794188645,30,0.019092082977294922
LightGBM,4,s3_i35,2013-10-27,2013-10-28,2013-11-26,11.728134977251408,7.622167314515403,9.735634906764355,0.9016128473511669,30,0.02003788948059082
LightGBM,4,s3_i36,2013-10-27,2013-10-28,2013-11-26,13.332632267835681,9.843464701208328,12.23045773020096,0.987717519576931,30,0.02122187614440918
LightGBM,4,s3_i37,2013-10-27,2013-10-28,2013-11-26,17.61398350737936,5.109699638269234,7.222815689056664,0.8221537582493105,30,0.020058870315551758
LightGBM,4,s3_i38,2013-10-27,2013-10-28,2013-11-26,10.895155630284181,8.232251128533624,10.477488124296856,0.8069754367426926,30,0.019537925720214844
LightGBM,4,s3_i39,2013-10-27,2013-10-28,2013-11-26,11.465146561451268,4.981083245305318,6.110797714520396,0.6591948467395276,30,0.018731117248535156
LightGBM,4,s3_i40,2013-10-27,2013-10-28,2013-11-26,16.73302660606189,4.433762009655284,5.341370061355729,0.7377014586103644,30,0.01994776725769043
LightGBM,4,s3_i41,2013-10-27,2013-10-28,2013-11-26,15.982117164484006,3.0785185896986706,3.7566904283974645,0.5880090916619451,30,0.0215609073638916
LightGBM,4,s3_i42,2013-10-27,2013-10-28,2013-11-26,16.8791387427538,6.348576319100223,7.555415997794741,0.9029771171028121,30,0.019429922103881836
LightGBM,4,s3_i43,2013-10-27,2013-10-28,2013-11-26,12.336547502636614,5.9424867784498385,7.686927483404677,0.7029263729833852,30,0.02009892463684082
LightGBM,4,s3_i44,2013-10-27,2013-10-28,2013-11-26,14.680865584142941,4.057161499327365,5.0004666357990875,0.6460588690834905,30,0.019378185272216797
LightGBM,4,s3_i45,2013-10-27,2013-10-28,2013-11-26,10.555442393048944,8.003785000339656,10.931486748905701,0.7882719344095985,30,0.021107912063598633
LightGBM,4,s3_i46,2013-10-27,2013-10-28,2013-11-26,11.058324332952498,6.4709505871846025,8.197388293181696,0.7745051151217968,30,0.019796371459960938
LightGBM,4,s3_i47,2013-10-27,2013-10-28,2013-11-26,16.148327431688216,3.4819601436229566,4.347117344700011,0.6751914770904667,30,0.01954197883605957
LightGBM,4,s3_i48,2013-10-27,2013-10-28,2013-11-26,14.987785862986735,7.507870304098065,9.141227847963583,0.9063889570808246,30,0.020812034606933594
LightGBM,4,s3_i49,2013-10-27,2013-10-28,2013-11-26,17.48122325782374,5.064970058483679,6.265402592723254,0.7782046286878364,30,0.019311189651489258
LightGBM,4,s3_i50,2013-10-27,2013-10-28,2013-11-26,9.87811937355285,6.489022535336099,8.258891790351946,0.6933929987783781,30,0.02017378807067871
LightGBM,4,s4_i1,2013-10-27,2013-10-28,2013-11-26,21.375856849292056,4.025454974154739,4.815635513637687,0.8078481556100267,30,0.019801855087280273
LightGBM,4,s4_i2,2013-10-27,2013-10-28,2013-11-26,14.60600212676377,8.123559031615653,10.546119356808324,0.9456506936775172,30,0.0203399658203125
LightGBM,4,s4_i3,2013-10-27,2013-10-28,2013-11-26,17.32133056363116,5.707308314251594,7.3509453058496765,0.9173018846993678,30,0.018259048461914062
LightGBM,4,s4_i4,2013-10-27,2013-10-28,2013-11-26,24.865044593271605,5.012166678511224,5.996973683926718,1.1410760190127842,30,0.01992011070251465
LightGBM,4,s4_i5,2013-10-27,2013-10-28,2013-11-26,23.83734781888247,4.028086509643724,5.050495106417831,0.9113740131726474,30,0.019763946533203125
LightGBM,4,s4_i6,2013-10-27,2013-10-28,2013-11-26,13.074026692799471,6.6953090587005395,7.878381128125659,0.7609486245059349,30,0.020076990127563477
LightGBM,4,s4_i7,2013-10-27,2013-10-28,2013-11-26,12.647171472495577,6.860479669196642,9.077357290726477,0.8316593060947206,30,0.019608020782470703
LightGBM,4,s4_i8,2013-10-27,2013-10-28,2013-11-26,12.787415451113809,8.884980377965949,10.814750767883664,0.9277616715866674,30,0.019427061080932617
LightGBM,4,s4_i9,2013-10-27,2013-10-28,2013-11-26,12.087755970404213,5.465149974415019,6.295529440426285,0.6722455677189894,30,0.019610881805419922
LightGBM,4,s4_i10,2013-10-27,2013-10-28,2013-11-26,9.083741006709738,6.131831526427636,8.151394024035481,0.6306165802241231,30,0.02090287208557129
LightGBM,4,s4_i11,2013-10-27,2013-10-28,2013-11-26,12.237119709584437,7.888296921714017,10.417739917249945,0.9484082879705881,30,0.0203859806060791
LightGBM,4,s4_i12,2013-10-27,2013-10-28,2013-11-26,13.618020753084531,8.739153423137743,10.715283791790506,0.9951698222649724,30,0.01956009864807129
LightGBM,4,s4_i13,2013-10-27,2013-10-28,2013-11-26,9.636980852405001,7.319618869381443,9.2726314025864,0.8044442342434585,30,0.020095109939575195
LightGBM,4,s4_i14,2013-10-27,2013-10-28,2013-11-26,9.77290916839653,5.139676112955011,6.2708765509372695,0.6285163192452684,30,0.020107030868530273
LightGBM,4,s4_i15,2013-10-27,2013-10-28,2013-11-26,10.990897350162795,8.814605717542866,11.718865877385069,0.9533700535107872,30,0.018798112869262695
LightGBM,4,s4_i16,2013-10-27,2013-10-28,2013-11-26,14.20840533151306,3.245128588069539,4.105139648344847,0.5883803688935516,30,0.018893957138061523
LightGBM,4,s4_i17,2013-10-27,2013-10-28,2013-11-26,14.30681252302941,4.084942787025743,5.028881252968273,0.6587166958753653,30,0.02008676528930664
LightGBM,4,s4_i18,2013-10-27,2013-10-28,2013-11-26,8.410001030395469,6.1816661381542595,7.597064663095712,0.6571945494508853,30,0.020582914352416992
LightGBM,4,s4_i19,2013-10-27,2013-10-28,2013-11-26,15.601583134723313,5.594772556431946,6.968030028817178,0.8476051493206886,30,0.019939184188842773
LightGBM,4,s4_i20,2013-10-27,2013-10-28,2013-11-26,15.217320494541731,6.210684289575761,6.971951653215805,0.8731912171736339,30,0.020518064498901367
LightGBM,4,s4_i21,2013-10-27,2013-10-28,2013-11-26,15.031917230745151,4.917215014971952,6.008235381445776,0.720732365770689,30,0.01957988739013672
LightGBM,4,s4_i22,2013-10-27,2013-10-28,2013-11-26,10.98588893394028,7.496141358902709,9.282026253371823,0.8348040356951335,30,0.01848602294921875
LightGBM,4,s4_i23,2013-10-27,2013-10-28,2013-11-26,17.396102222997627,4.566443633786424,6.016703029131012,0.7774363651781716,30,0.021529197692871094
LightGBM,4,s4_i24,2013-10-27,2013-10-28,2013-11-26,10.177523882443062,6.084985047868944,7.535145574011686,0.7163120204161193,30,0.018837928771972656
LightGBM,4,s4_i25,2013-10-27,2013-10-28,2013-11-26,11.068797360799358,7.9082511261255695,10.32914315105943,0.7886717425880568,30,0.018552064895629883
LightGBM,4,s4_i26,2013-10-27,2013-10-28,2013-11-26,12.311317852337648,5.054367032830294,6.187204183445189,0.7130137411701315,30,0.018802165985107422
LightGBM,4,s4_i27,2013-10-27,2013-10-28,2013-11-26,15.136452805725067,2.8655051894755386,3.530431209267368,0.5340922521373052,30,0.019710063934326172
LightGBM,4,s4_i28,2013-10-27,2013-10-28,2013-11-26,12.608268452499495,9.609436563004826,12.051170163917666,0.9742439144204016,30,0.018511056900024414
LightGBM,4,s4_i29,2013-10-27,2013-10-28,2013-11-26,11.07135560558233,7.091017685850317,9.06144065904822,0.7074117064170484,30,0.019526958465576172
LightGBM,4,s4_i30,2013-10-27,2013-10-28,2013-11-26,16.412448331413824,5.777550718504923,6.985050360447415,0.9009166366460744,30,0.02045917510986328
LightGBM,4,s4_i31,2013-10-27,2013-10-28,2013-11-26,9.951651834843831,5.286717027678549,7.0319899268095645,0.6294222222370557,30,0.01894211769104004
LightGBM,4,s4_i32,2013-10-27,2013-10-28,2013-11-26,12.363029284563567,4.8153315952886775,6.071345912420073,0.6648879157515412,30,0.019229888916015625
LightGBM,4,s4_i33,2013-10-27,2013-10-28,2013-11-26,13.0812324003065,8.494223073729353,10.254221124779647,0.9817780514063271,30,0.020078182220458984
LightGBM,4,s4_i34,2013-10-27,2013-10-28,2013-11-26,17.42179411152972,4.094357681057119,5.166128535297094,0.7493109308745707,30,0.020418882369995117
LightGBM,4,s4_i35,2013-10-27,2013-10-28,2013-11-26,11.918993787371617,6.872464849157041,7.864725830273907,0.6539890226084424,30,0.0207822322845459
LightGBM,4,s4_i36,2013-10-27,2013-10-28,2013-11-26,14.977250353741752,10.639193188289797,13.43184183430891,1.1911668337103165,30,0.020029067993164062
LightGBM,4,s4_i37,2013-10-27,2013-10-28,2013-11-26,16.319676272180978,4.144254195078145,5.147354239447954,0.7748988378627001,30,0.020314931869506836
LightGBM,4,s4_i38,2013-10-27,2013-10-28,2013-11-26,10.81179564985618,7.749273641119141,9.313076186568653,0.8301781267293112,30,0.02189803123474121
LightGBM,4,s4_i39,2013-10-27,2013-10-28,2013-11-26,14.845372669567578,6.194019974942379,8.191525900476389,0.8390420029645297,30,0.020221948623657227
LightGBM,4,s4_i40,2013-10-27,2013-10-28,2013-11-26,18.941815325095988,5.158809382551934,6.620254403478735,0.8411414295165621,30,0.019750118255615234
LightGBM,4,s4_i41,2013-10-27,2013-10-28,2013-11-26,22.827751303253258,4.793342147272863,6.057879832535638,0.9876576996213539,30,0.019629955291748047
LightGBM,4,s4_i42,2013-10-27,2013-10-28,2013-11-26,13.31949673889964,4.669700747735973,6.449713086061525,0.7435990863417204,30,0.021062850952148438
LightGBM,4,s4_i43,2013-10-27,2013-10-28,2013-11-26,12.534736787212239,5.670852881334691,7.577026996140623,0.721789702006768,30,0.019716978073120117
LightGBM,4,s4_i44,2013-10-27,2013-10-28,2013-11-26,18.494445379907507,4.501050350847313,5.448166726037533,0.8619658513370633,30,0.019032716751098633
LightGBM,4,s4_i45,2013-10-27,2013-10-28,2013-11-26,12.595501536391703,8.796051005164736,10.641381083823115,0.8868695609956693,30,0.01912403106689453
LightGBM,4,s4_i46,2013-10-27,2013-10-28,2013-11-26,11.58613430425531,6.138957472757926,7.667722557839476,0.7851220162758759,30,0.019696950912475586
LightGBM,4,s4_i47,2013-10-27,2013-10-28,2013-11-26,19.496458978078472,3.823511363463006,4.932535209460077,0.8604368888191649,30,0.02112603187561035
LightGBM,4,s4_i48,2013-10-27,2013-10-28,2013-11-26,14.535619759565508,6.636649634439864,7.912215169843358,0.8899488982288902,30,0.018218040466308594
LightGBM,4,s4_i49,2013-10-27,2013-10-28,2013-11-26,15.389943112138482,3.998131810211687,5.296437822244529,0.6771402428864868,30,0.01822209358215332
LightGBM,4,s4_i50,2013-10-27,2013-10-28,2013-11-26,9.411336941051923,5.349489830502223,6.588350305750223,0.6129841690096,30,0.01912212371826172
LightGBM,5,s1_i1,2013-11-26,2013-11-27,2013-12-26,47.91330235232027,7.196444415947608,8.173532539492305,1.695442411235193,30,0.022517919540405273
LightGBM,5,s1_i2,2013-11-26,2013-11-27,2013-12-26,30.758948493545763,11.463441812359152,12.8835732518765,1.4486274275915882,30,0.02057814598083496
LightGBM,5,s1_i3,2013-11-26,2013-11-27,2013-12-26,26.114733914393163,6.429415313536221,7.352006847492917,1.097042338044297,30,0.02015399932861328
LightGBM,5,s1_i4,2013-11-26,2013-11-27,2013-12-26,42.538069822454275,6.258078509920016,7.030037168718614,1.3151329591928282,30,0.01954197883605957
LightGBM,5,s1_i5,2013-11-26,2013-11-27,2013-12-26,37.42848362803033,4.928828535350516,5.6208180839908755,1.2418187336326905,30,0.018831968307495117
LightGBM,5,s1_i6,2013-11-26,2013-11-27,2013-12-26,24.130222909796966,8.656207260760057,10.280982697595286,1.0807711422019364,30,0.021504878997802734
LightGBM,5,s1_i7,2013-11-26,2013-11-27,2013-12-26,26.03764403100209,9.41874287064667,10.755624981590897,1.2918275782597086,30,0.020465850830078125
LightGBM,5,s1_i8,2013-11-26,2013-11-27,2013-12-26,28.134043323937192,14.08088504625889,15.808900856742055,1.5089999566868662,30,0.019346952438354492
LightGBM,5,s1_i9,2013-11-26,2013-11-27,2013-12-26,31.121360495611505,10.326409134275119,11.217882130839833,1.3580741652818427,30,0.020895004272460938
LightGBM,5,s1_i10,2013-11-26,2013-11-27,2013-12-26,29.161548782823658,13.946139775489758,15.313063577572535,1.5384573589433983,30,0.019755125045776367
LightGBM,5,s1_i11,2013-11-26,2013-11-27,2013-12-26,24.623524319715955,11.291692346890029,12.319731026828178,1.3851943135579419,30,0.020753860473632812
LightGBM,5,s1_i12,2013-11-26,2013-11-27,2013-12-26,28.31115272810843,13.233414012910433,14.586821524355265,1.5691603251333448,30,0.019021272659301758
LightGBM,5,s1_i13,2013-11-26,2013-11-27,2013-12-26,23.959730646476984,12.650815361475475,14.98398244132616,1.3889236442243222,30,0.020113229751586914
LightGBM,5,s1_i14,2013-11-26,2013-11-27,2013-12-26,20.667393454671686,7.623273946246686,9.148720799100248,1.0099743577979727,30,0.020753145217895508
LightGBM,5,s1_i15,2013-11-26,2013-11-27,2013-12-26,24.06451035694604,13.353199476418247,14.880306999134886,1.3828417539071611,30,0.019212007522583008
LightGBM,5,s1_i16,2013-11-26,2013-11-27,2013-12-26,33.21240999439068,5.661602725650395,6.668313503298588,1.031996433437778,30,0.019242048263549805
LightGBM,5,s1_i17,2013-11-26,2013-11-27,2013-12-26,29.606615140086834,6.284468311837757,7.178834526319075,1.0826044076660875,30,0.019276857376098633
LightGBM,5,s1_i18,2013-11-26,2013-11-27,2013-12-26,22.217253482820134,11.73147272040252,12.756244632262463,1.2079265821803806,30,0.019593000411987305
LightGBM,5,s1_i19,2013-11-26,2013-11-27,2013-12-26,29.73510433468512,7.459162138935374,9.183913488915156,1.1461985587563768,30,0.01972794532775879
LightGBM,5,s1_i20,2013-11-26,2013-11-27,2013-12-26,27.516989026530837,8.59492910161475,9.832459643629468,1.2371488856604123,30,0.01949906349182129
LightGBM,5,s1_i21,2013-11-26,2013-11-27,2013-12-26,27.55424162511575,6.462539528492016,7.606812643060044,0.9570840290663838,30,0.019881248474121094
LightGBM,5,s1_i22,2013-11-26,2013-11-27,2013-12-26,22.987862108104153,11.987440818906988,13.5566691168004,1.3590534868613489,30,0.020040035247802734
LightGBM,5,s1_i23,2013-11-26,2013-11-27,2013-12-26,37.71419107575687,6.935756479482813,7.829930012818647,1.1846902921683202,30,0.01935887336730957
LightGBM,5,s1_i24,2013-11-26,2013-11-27,2013-12-26,26.86525123141118,11.57380988909344,13.146490162162769,1.3116984539485972,30,0.019150972366333008
LightGBM,5,s1_i25,2013-11-26,2013-11-27,2013-12-26,23.802670076790438,12.396866469007055,14.02206830567843,1.3189024601657684,30,0.020201921463012695
LightGBM,5,s1_i26,2013-11-26,2013-11-27,2013-12-26,33.527648000916805,10.364340521228511,11.323078215015755,1.5032249608761867,30,0.019325733184814453
LightGBM,5,s1_i27,2013-11-26,2013-11-27,2013-12-26,44.55150574664223,6.666813284032458,7.447836059673789,1.3074563997086677,30,0.020168066024780273
LightGBM,5,s1_i28,2013-11-26,2013-11-27,2013-12-26,21.594033237550153,12.162455000149313,14.311818656048297,1.2475303158606783,30,0.019771099090576172
LightGBM,5,s1_i29,2013-11-26,2013-11-27,2013-12-26,23.59649572888685,10.4769661659239,11.865428530709647,1.2693398616591984,30,0.019839048385620117
LightGBM,5,s1_i30,2013-11-26,2013-11-27,2013-12-26,25.677471770291195,6.314472008159999,7.375672398045585,0.9958859659736369,30,0.020324230194091797
LightGBM,5,s1_i31,2013-11-26,2013-11-27,2013-12-26,26.235472105198177,10.127448349158993,11.27569717234045,1.281804786976619,30,0.01989912986755371
LightGBM,5,s1_i32,2013-11-26,2013-11-27,2013-12-26,25.511953272975692,7.295916216298152,8.159145536374224,1.018401442322973,30,0.020080089569091797
LightGBM,5,s1_i33,2013-11-26,2013-11-27,2013-12-26,26.6436617554005,12.01719723267868,13.182237063307047,1.3562385414804852,30,0.019498586654663086
LightGBM,5,s1_i34,2013-11-26,2013-11-27,2013-12-26,33.790368350649715,5.52825922415025,6.538327149526712,1.0868093299144803,30,0.019459009170532227
LightGBM,5,s1_i35,2013-11-26,2013-11-27,2013-12-26,22.758414867025156,9.587814444818537,11.206555779549014,1.1929368510366212,30,0.020294189453125
LightGBM,5,s1_i36,2013-11-26,2013-11-27,2013-12-26,27.305547753494487,12.54340987914258,13.948051425359651,1.4402848881968864,30,0.019352197647094727
LightGBM,5,s1_i37,2013-11-26,2013-11-27,2013-12-26,31.32241035391304,6.054728880050025,7.2254065879431035,1.1968650109360897,30,0.020476818084716797
LightGBM,5,s1_i38,2013-11-26,2013-11-27,2013-12-26,21.156725383575694,10.968142704656241,12.373434040175447,1.1200474528113153,30,0.020763874053955078
LightGBM,5,s1_i39,2013-11-26,2013-11-27,2013-12-26,33.200554595566885,9.160690706786792,10.269683052215587,1.2954917241128239,30,0.019819021224975586
LightGBM,5,s1_i40,2013-11-26,2013-11-27,2013-12-26,35.537031207279206,6.551232659497306,7.535291303909936,1.1658667485625647,30,0.019793033599853516
LightGBM,5,s1_i41,2013-11-26,2013-11-27,2013-12-26,38.80331969074035,5.904196981055806,6.67497438323392,1.177921942248645,30,0.01901984214782715
LightGBM,5,s1_i42,2013-11-26,2013-11-27,2013-12-26,29.299549232188,6.76110087293252,7.521912753654974,1.2543570255899177,30,0.019162893295288086
LightGBM,5,s1_i43,2013-11-26,2013-11-27,2013-12-26,23.131788616476186,7.727401358012993,9.179620364922105,1.0634642685533438,30,0.0184478759765625
LightGBM,5,s1_i44,2013-11-26,2013-11-27,2013-12-26,33.69329750075418,6.49000584386901,7.7066450620657,1.2462971980779645,30,0.020289897918701172
LightGBM,5,s1_i45,2013-11-26,2013-11-27,2013-12-26,24.964087388291556,12.8017011495393,14.153044832782582,1.3988327032643337,30,0.02133011817932129
LightGBM,5,s1_i46,2013-11-26,2013-11-27,2013-12-26,25.876928852646603,9.475680368409998,10.515114257510433,1.1009513520290728,30,0.018825054168701172
LightGBM,5,s1_i47,2013-11-26,2013-11-27,2013-12-26,40.07918081622555,6.021175172143032,6.70906813784428,1.324822602298557,30,0.021010875701904297
LightGBM,5,s1_i48,2013-11-26,2013-11-27,2013-12-26,28.572822861292973,9.250703676820061,10.841915943994495,1.2873663451947697,30,0.020720958709716797
LightGBM,5,s1_i49,2013-11-26,2013-11-27,2013-12-26,41.00510248809073,7.475651278127993,8.17087925073276,1.4581131415243787,30,0.019936084747314453
LightGBM,5,s1_i50,2013-11-26,2013-11-27,2013-12-26,25.8183848540188,10.9830529659899,12.13496724663452,1.262914242651056,30,0.020954132080078125
LightGBM,5,s2_i1,2013-11-26,2013-11-27,2013-12-26,32.75280318134095,6.003228868966963,7.031027942783157,1.0232416487313045,30,0.01979804039001465
LightGBM,5,s2_i2,2013-11-26,2013-11-27,2013-12-26,19.428960226079802,10.404959472017168,12.807482528120577,1.1501717690246542,30,0.019984960556030273
LightGBM,5,s2_i3,2013-11-26,2013-11-27,2013-12-26,25.515898070136373,8.122699674913367,9.224508838075831,1.0141600288633337,30,0.019613981246948242
LightGBM,5,s2_i4,2013-11-26,2013-11-27,2013-12-26,38.32313097892122,7.568299974132829,8.49194463938393,1.4033070557931318,30,0.020698070526123047
LightGBM,5,s2_i5,2013-11-26,2013-11-27,2013-12-26,43.17790631885629,6.867815099891018,7.845127538854692,1.3812604463378904,30,0.021863937377929688
LightGBM,5,s2_i6,2013-11-26,2013-11-27,2013-12-26,27.48270055025766,15.308473366957154,16.82151148780712,1.6951103520670687,30,0.021009206771850586
LightGBM,5,s2_i7,2013-11-26,2013-11-27,2013-12-26,28.816519166492487,15.310128337423514,17.045014807013402,1.6786053810066548,30,0.02007126808166504
LightGBM,5,s2_i8,2013-11-26,2013-11-27,2013-12-26,28.194030343505837,19.890943997132542,21.7358141904322,1.6744266120753117,30,0.020500898361206055
LightGBM,5,s2_i9,2013-11-26,2013-11-27,2013-12-26,26.808992894707156,12.514109497051498,13.427932661059604,1.2848243379315434,30,0.01976919174194336
LightGBM,5,s2_i10,2013-11-26,2013-11-27,2013-12-26,23.55527431401067,16.11954782759268,18.56801941783434,1.5126711062823481,30,0.019634008407592773
LightGBM,5,s2_i11,2013-11-26,2013-11-27,2013-12-26,21.82227608600481,13.812903574231346,16.023516400755256,1.3968590651300998,30,0.021296977996826172
LightGBM,5,s2_i12,2013-11-26,2013-11-27,2013-12-26,21.399813298345087,13.33653396474948,14.710609580643569,1.3217859681457946,30,0.020928621292114258
LightGBM,5,s2_i13,2013-11-26,2013-11-27,2013-12-26,21.826643708909913,16.779596727030256,19.784522941615375,1.5551821355318363,30,0.01949310302734375
LightGBM,5,s2_i14,2013-11-26,2013-11-27,2013-12-26,21.5532604826445,11.39892945983456,13.324549969494146,1.1888454036624365,30,0.019968032836914062
LightGBM,5,s2_i15,2013-11-26,2013-11-27,2013-12-26,21.25700061270322,16.267706058609704,17.656332863374168,1.3794878069008558,30,0.01875591278076172
LightGBM,5,s2_i16,2013-11-26,2013-11-27,2013-12-26,30.873978745167317,6.865852440649793,7.714342959501745,1.126292705924881,30,0.020570039749145508
LightGBM,5,s2_i17,2013-11-26,2013-11-27,2013-12-26,35.58263107428694,10.606813359251516,11.663420625080953,1.4286908734682122,30,0.01947331428527832
LightGBM,5,s2_i18,2013-11-26,2013-11-27,2013-12-26,22.189341642432858,16.789928343949782,18.8150198620336,1.4764897507810708,30,0.020320892333984375
LightGBM,5,s2_i19,2013-11-26,2013-11-27,2013-12-26,27.44147718479829,10.084188105540386,11.676944538637535,1.3588622268046024,30,0.019827842712402344
LightGBM,5,s2_i20,2013-11-26,2013-11-27,2013-12-26,31.495213680924643,12.87741606138857,13.867768390987303,1.5936419108481847,30,0.019157886505126953
LightGBM,5,s2_i21,2013-11-26,2013-11-27,2013-12-26,25.507732932712507,8.870835583987331,10.644359440519107,1.0948719500474835,30,0.02056598663330078
LightGBM,5,s2_i22,2013-11-26,2013-11-27,2013-12-26,24.333677865043,18.14294897236335,20.06789223303828,1.6854105601176226,30,0.02036309242248535
LightGBM,5,s2_i23,2013-11-26,2013-11-27,2013-12-26,28.63249757562254,7.424623410851443,8.64883994006223,1.2124132261442906,30,0.020589113235473633
LightGBM,5,s2_i24,2013-11-26,2013-11-27,2013-12-26,21.257978502281595,12.644177888804847,14.569097182235137,1.1773045424340434,30,0.020565271377563477
LightGBM,5,s2_i25,2013-11-26,2013-11-27,2013-12-26,26.199649707031426,18.851512499360034,20.560704945374056,1.7935312331999942,30,0.02069711685180664
LightGBM,5,s2_i26,2013-11-26,2013-11-27,2013-12-26,23.11238711027937,9.785853254714231,11.122333868813579,1.1719802005540034,30,0.020767927169799805
LightGBM,5,s2_i27,2013-11-26,2013-11-27,2013-12-26,39.96462164276029,7.836537077728847,9.091285103015215,1.4365502131909262,30,0.020098209381103516
LightGBM,5,s2_i28,2013-11-26,2013-11-27,2013-12-26,25.29723751674145,20.6165961574302,22.1999117523691,1.883779507281894,30,0.019811153411865234
LightGBM,5,s2_i29,2013-11-26,2013-11-27,2013-12-26,21.906096905585127,13.737457040434101,15.477378600151363,1.339329497020106,30,0.019688844680786133
LightGBM,5,s2_i30,2013-11-26,2013-11-27,2013-12-26,25.1503633803925,9.115523170378117,10.970421766565952,1.2365871413829121,30,0.01953291893005371
LightGBM,5,s2_i31,2013-11-26,2013-11-27,2013-12-26,22.602334415595877,12.005734399790603,14.43208714646493,1.284907955837422,30,0.020147085189819336
LightGBM,5,s2_i32,2013-11-26,2013-11-27,2013-12-26,29.150978686011758,11.829903338088785,13.653025560190029,1.4321809511769428,30,0.01920008659362793
LightGBM,5,s2_i33,2013-11-26,2013-11-27,2013-12-26,17.342754707232974,11.43226863001421,13.77388327714629,1.0712569675510804,30,0.019835948944091797
LightGBM,5,s2_i34,2013-11-26,2013-11-27,2013-12-26,27.26646046136857,6.59980196355184,8.035318291140896,1.0920778862062006,30,0.019501209259033203
LightGBM,5,s2_i35,2013-11-26,2013-11-27,2013-12-26,24.316114959340553,14.221201816990147,16.57354009055678,1.443572654437946,30,0.018944978713989258
LightGBM,5,s2_i36,2013-11-26,2013-11-27,2013-12-26,29.453153330367034,21.01622540544287,22.679683434033645,2.1055337485353474,30,0.019598960876464844
LightGBM,5,s2_i37,2013-11-26,2013-11-27,2013-12-26,31.128506069434042,8.056152976217986,9.396192676710562,1.277436136919881,30,0.02009296417236328
LightGBM,5,s2_i38,2013-11-26,2013-11-27,2013-12-26,26.376897314894215,19.372964161714822,21.94082293239448,1.7601877422406038,30,0.019440889358520508
LightGBM,5,s2_i39,2013-11-26,2013-11-27,2013-12-26,31.566594608657923,12.630727746526635,13.797836668726411,1.5733609956112256,30,0.020651578903198242
LightGBM,5,s2_i40,2013-11-26,2013-11-27,2013-12-26,32.578318747401866,8.173664591968373,9.746650267892663,1.3063303625847797,30,0.02007603645324707
LightGBM,5,s2_i41,2013-11-26,2013-11-27,2013-12-26,29.219566416608284,6.042911716771738,7.3156870706606725,1.067757376461918,30,0.020674705505371094
LightGBM,5,s2_i42,2013-11-26,2013-11-27,2013-12-26,25.717089492910244,8.685346554508296,10.319869274534632,1.1031722126424912,30,0.019559860229492188
LightGBM,5,s2_i43,2013-11-26,2013-11-27,2013-12-26,25.745430703563017,11.90970716417228,14.10645802328181,1.3626763774663484,30,0.01986098289489746
LightGBM,5,s2_i44,2013-11-26,2013-11-27,2013-12-26,32.456856178391405,8.992624692734141,9.895682051114612,1.3726927104488411,30,0.0212247371673584
LightGBM,5,s2_i45,2013-11-26,2013-11-27,2013-12-26,22.46308041932546,16.536462118014118,18.232170491092827,1.556769823263108,30,0.018665075302124023
LightGBM,5,s2_i46,2013-11-26,2013-11-27,2013-12-26,24.54191716189083,12.916580886087852,14.64660484441452,1.3506169070152565,30,0.019333839416503906
LightGBM,5,s2_i47,2013-11-26,2013-11-27,2013-12-26,33.36563486954682,6.897294869709173,7.682477051115902,1.262224500004739,30,0.019881010055541992
LightGBM,5,s2_i48,2013-11-26,2013-11-27,2013-12-26,27.920086588034792,12.984674246670632,14.496045757345989,1.5971248214618214,30,0.02086472511291504
LightGBM,5,s2_i49,2013-11-26,2013-11-27,2013-12-26,29.691549410745026,8.160453251016031,9.227674025592796,1.2575507632022849,30,0.01920008659362793
LightGBM,5,s2_i50,2013-11-26,2013-11-27,2013-12-26,18.822268573382065,11.377998804279871,13.870274336600398,1.045843373205632,30,0.01903986930847168
LightGBM,5,s3_i1,2013-11-26,2013-11-27,2013-12-26,38.054943319649155,7.25422592789471,7.85179110355117,1.4098164706706502,30,0.019074201583862305
LightGBM,5,s3_i2,2013-11-26,2013-11-27,2013-12-26,28.845907172490204,13.154418612674723,15.274445233829804,1.6155426659209564,30,0.020025014877319336
LightGBM,5,s3_i3,2013-11-26,2013-11-27,2013-12-26,28.9566097161955,8.809553826490044,10.241714457383104,1.3504916400190201,30,0.019882917404174805
LightGBM,5,s3_i4,2013-11-26,2013-11-27,2013-12-26,34.65804202172417,6.076626625587132,7.063728233925358,1.1830924651491892,30,0.022077322006225586
LightGBM,5,s3_i5,2013-11-26,2013-11-27,2013-12-26,35.335502358840515,5.589184810003847,6.460472972230054,1.2441810428872306,30,0.01980113983154297
LightGBM,5,s3_i6,2013-11-26,2013-11-27,2013-12-26,27.461562778084282,13.532939731328097,14.498859060514437,1.5667166783917297,30,0.02021193504333496
LightGBM,5,s3_i7,2013-11-26,2013-11-27,2013-12-26,26.854592923149458,12.822740004068779,14.719653159650123,1.472358699196105,30,0.018963098526000977
LightGBM,5,s3_i8,2013-11-26,2013-11-27,2013-12-26,19.210485001434588,12.23068730442632,14.072884925785877,1.243863979511314,30,0.01985788345336914
LightGBM,5,s3_i9,2013-11-26,2013-11-27,2013-12-26,25.049952051428427,9.839359997858644,11.384769666248799,1.1814547505303836,30,0.020999908447265625
LightGBM,5,s3_i10,2013-11-26,2013-11-27,2013-12-26,22.132905653257886,13.289230660114738,15.166606854554754,1.384652097667683,30,0.019561052322387695
LightGBM,5,s3_i11,2013-11-26,2013-11-27,2013-12-26,27.173856258125735,15.209235984136038,17.098237668801094,1.6380737653707378,30,0.020244121551513672
LightGBM,5,s3_i12,2013-11-26,2013-11-27,2013-12-26,22.992055495141134,12.842917637295026,14.550590478456,1.3437843849731945,30,0.018976211547851562
LightGBM,5,s3_i13,2013-11-26,2013-11-27,2013-12-26,27.56333482372894,18.557608625370356,20.54068790238686,1.55812518468712,30,0.020353078842163086
LightGBM,5,s3_i14,2013-11-26,2013-11-27,2013-12-26,27.38679737076602,12.787665323702642,14.317368166681028,1.5102069100797648,30,0.01849222183227539
LightGBM,5,s3_i15,2013-11-26,2013-11-27,2013-12-26,22.688286865885036,16.157890068580464,17.995041930005264,1.6706141138322284,30,0.02061009407043457
LightGBM,5,s3_i16,2013-11-26,2013-11-27,2013-12-26,24.28131115056781,5.142917857394542,5.994446584575744,0.8883221752147106,30,0.02008199691772461
LightGBM,5,s3_i17,2013-11-26,2013-11-27,2013-12-26,28.16746541255816,7.07798520589626,8.018816987436194,1.1245397054310209,30,0.02078390121459961
LightGBM,5,s3_i18,2013-11-26,2013-11-27,2013-12-26,20.390581188832844,14.082020924472083,15.612545725053597,1.1944571318851558,30,0.01840686798095703
LightGBM,5,s3_i19,2013-11-26,2013-11-27,2013-12-26,30.073942407057146,9.82071688771976,11.14670428544911,1.4017196439596673,30,0.018544912338256836
LightGBM,5,s3_i20,2013-11-26,2013-11-27,2013-12-26,27.268433004484237,10.185150477738741,11.472780320662746,1.2820746702632515,30,0.01934218406677246
LightGBM,5,s3_i21,2013-11-26,2013-11-27,2013-12-26,30.171066674972536,9.803121556169451,11.046244519358462,1.2696103697805325,30,0.019250869750976562
LightGBM,5,s3_i22,2013-11-26,2013-11-27,2013-12-26,23.71043514790891,15.393925192428652,16.753990601819655,1.4940618499615002,30,0.019786834716796875
LightGBM,5,s3_i23,2013-11-26,2013-11-27,2013-12-26,29.0303332679208,6.794070574929494,7.727510036108375,1.162333048372242,30,0.018134117126464844
LightGBM,5,s3_i24,2013-11-26,2013-11-27,2013-12-26,22.335507663135402,11.946605956678479,13.417594037710115,1.3435772018012442,30,0.019266843795776367
LightGBM,5,s3_i25,2013-11-26,2013-11-27,2013-12-26,18.1089134243017,11.771768428799449,13.02697467451502,1.1279386538528322,30,0.02035999298095703
LightGBM,5,s3_i26,2013-11-26,2013-11-27,2013-12-26,27.554221937040456,10.673133551184266,11.97677444346578,1.3138041679146948,30,0.019945859909057617
LightGBM,5,s3_i27,2013-11-26,2013-11-27,2013-12-26,35.28012575540128,6.333998497181503,7.196254720832745,1.2444534757832524,30,0.019938945770263672
LightGBM,5,s3_i28,2013-11-26,2013-11-27,2013-12-26,22.60512672532568,16.180493593769867,18.670901284315484,1.4932284086586725,30,0.019388914108276367
LightGBM,5,s3_i29,2013-11-26,2013-11-27,2013-12-26,17.7904681587678,9.898009375660616,11.93426621919148,1.0646210549432256,30,0.02070474624633789
LightGBM,5,s3_i30,2013-11-26,2013-11-27,2013-12-26,30.888563296893523,9.680181842322801,11.476416354220893,1.3541354415906794,30,0.019215106964111328
LightGBM,5,s3_i31,2013-11-26,2013-11-27,2013-12-26,25.899013636577127,12.435138939182801,13.579045801366185,1.4108007997542522,30,0.019706249237060547
LightGBM,5,s3_i32,2013-11-26,2013-11-27,2013-12-26,32.02386896695048,11.157253190646909,12.137310164889232,1.5974258776874926,30,0.01988387107849121
LightGBM,5,s3_i33,2013-11-26,2013-11-27,2013-12-26,26.115860446612523,14.426679203474045,16.7553339826784,1.672583410689832,30,0.02026081085205078
LightGBM,5,s3_i34,2013-11-26,2013-11-27,2013-12-26,27.46022335657775,5.654816568706583,6.866956323410404,1.0570056431428319,30,0.019776105880737305
LightGBM,5,s3_i35,2013-11-26,2013-11-27,2013-12-26,22.453869628957822,11.526963936439614,14.17227035604748,1.3450900834665938,30,0.019046783447265625
LightGBM,5,s3_i36,2013-11-26,2013-11-27,2013-12-26,26.26770319037715,15.931239633134092,17.545074467481477,1.5891878940670179,30,0.019585847854614258
LightGBM,5,s3_i37,2013-11-26,2013-11-27,2013-12-26,28.86872192585332,6.884980159396192,7.678438206070163,1.0869250201045422,30,0.019430160522460938
LightGBM,5,s3_i38,2013-11-26,2013-11-27,2013-12-26,24.282225980858538,16.155500462798884,17.724023594183162,1.5822397358923517,30,0.019306182861328125
LightGBM,5,s3_i39,2013-11-26,2013-11-27,2013-12-26,34.73551245441676,12.298220378770871,14.014482449651931,1.6414566866995044,30,0.01958298683166504
LightGBM,5,s3_i40,2013-11-26,2013-11-27,2013-12-26,24.87555032784891,5.900164030925436,6.981355494113222,0.9708369748728147,30,0.0203092098236084
LightGBM,5,s3_i41,2013-11-26,2013-11-27,2013-12-26,28.28982022693131,5.108586632118618,6.224326102768604,1.0018661091989742,30,0.01962590217590332
LightGBM,5,s3_i42,2013-11-26,2013-11-27,2013-12-26,35.02646026019228,10.689570914617569,11.881029063029871,1.5223683443252864,30,0.01910090446472168
LightGBM,5,s3_i43,2013-11-26,2013-11-27,2013-12-26,26.11202897399454,10.73671422647382,12.854831376958948,1.268920122481223,30,0.01988673210144043
LightGBM,5,s3_i44,2013-11-26,2013-11-27,2013-12-26,31.002028529577842,7.118208002282965,8.259579978382522,1.1542074218697733,30,0.018442153930664062
LightGBM,5,s3_i45,2013-11-26,2013-11-27,2013-12-26,26.49643043246926,17.001092149372553,19.069423138580046,1.6696116642468988,30,0.020660877227783203
LightGBM,5,s3_i46,2013-11-26,2013-11-27,2013-12-26,28.31897208100332,13.490752630579237,14.77443427862898,1.6150901034675387,30,0.019761085510253906
LightGBM,5,s3_i47,2013-11-26,2013-11-27,2013-12-26,29.823721113064682,5.721864702197797,6.789166724318961,1.1221386147221843,30,0.019659042358398438
LightGBM,5,s3_i48,2013-11-26,2013-11-27,2013-12-26,24.131186661271816,9.93462012203313,11.510983512563707,1.1911218630408196,30,0.019665002822875977
LightGBM,5,s3_i49,2013-11-26,2013-11-27,2013-12-26,29.903653602049147,6.983020764396385,7.908721740916102,1.0684584114424065,30,0.01959705352783203
LightGBM,5,s3_i50,2013-11-26,2013-11-27,2013-12-26,21.81694208599452,11.901434329408902,14.030721797975293,1.2908540255144827,30,0.018394947052001953
LightGBM,5,s4_i1,2013-11-26,2013-11-27,2013-12-26,31.647240941795545,5.454237857552239,6.195347736990204,1.0854706270109464,30,0.019062042236328125
LightGBM,5,s4_i2,2013-11-26,2013-11-27,2013-12-26,24.78334424104576,11.060926212656124,12.264989949745727,1.2375057728743382,30,0.02032613754272461
LightGBM,5,s4_i3,2013-11-26,2013-11-27,2013-12-26,26.734043942377262,7.406741814897404,8.340144182065494,1.192610970003314,30,0.021100997924804688
LightGBM,5,s4_i4,2013-11-26,2013-11-27,2013-12-26,37.43862215909572,6.627758026544802,7.598656356747938,1.4723286396825372,30,0.019973039627075195
LightGBM,5,s4_i5,2013-11-26,2013-11-27,2013-12-26,45.64062270478749,6.567290333894184,7.449526384503868,1.4761550294857504,30,0.019814252853393555
LightGBM,5,s4_i6,2013-11-26,2013-11-27,2013-12-26,30.898441083790573,13.414178030585049,14.531169907548572,1.5424633333502153,30,0.019024133682250977
LightGBM,5,s4_i7,2013-11-26,2013-11-27,2013-12-26,27.78333456999096,12.011912318501937,13.520686958936924,1.4253665240322309,30,0.020142316818237305
LightGBM,5,s4_i8,2013-11-26,2013-11-27,2013-12-26,23.801157675431224,13.506397871220857,15.250885981259666,1.4100085688264072,30,0.019815921783447266
LightGBM,5,s4_i9,2013-11-26,2013-11-27,2013-12-26,31.221736697096098,11.631211728598267,12.796803278525406,1.461252970776062,30,0.02066493034362793
LightGBM,5,s4_i10,2013-11-26,2013-11-27,2013-12-26,25.29957898764409,13.224761958684866,15.128289308501573,1.3846347203267342,30,0.020256996154785156
LightGBM,5,s4_i11,2013-11-26,2013-11-27,2013-12-26,27.07365331799255,14.171017194146653,16.299785918811505,1.6711349226614067,30,0.019881248474121094
LightGBM,5,s4_i12,2013-11-26,2013-11-27,2013-12-26,24.472332646912776,12.57900873220751,15.094611004301866,1.436711393224529,30,0.02077007293701172
LightGBM,5,s4_i13,2013-11-26,2013-11-27,2013-12-26,22.466752981512762,14.711992308560257,16.51670220008068,1.608657249541424,30,0.02039813995361328
LightGBM,5,s4_i14,2013-11-26,2013-11-27,2013-12-26,26.594910289074715,11.401871938095002,12.612852906265262,1.4126600059640955,30,0.020159006118774414
LightGBM,5,s4_i15,2013-11-26,2013-11-27,2013-12-26,22.023649869642544,14.466368573524228,16.537775699560168,1.4923784889065117,30,0.019160032272338867
LightGBM,5,s4_i16,2013-11-26,2013-11-27,2013-12-26,38.29528252390906,7.2042264122284045,8.078747886898984,1.2956376006298906,30,0.019714832305908203
LightGBM,5,s4_i17,2013-11-26,2013-11-27,2013-12-26,37.79245993186555,8.772195319710148,9.930199628687493,1.4138817803441588,30,0.020425796508789062
LightGBM,5,s4_i18,2013-11-26,2013-11-27,2013-12-26,21.41883721908138,12.933099626784836,15.297204945912346,1.3938575839176797,30,0.019724607467651367
LightGBM,5,s4_i19,2013-11-26,2013-11-27,2013-12-26,26.735662471616155,8.025881604011301,9.78055402654351,1.233282472738963,30,0.01971888542175293
LightGBM,5,s4_i20,2013-11-26,2013-11-27,2013-12-26,23.637226411883784,8.490078983035927,9.162098528361346,1.2059347014648583,30,0.020488977432250977
LightGBM,5,s4_i21,2013-11-26,2013-11-27,2013-12-26,21.551299963403547,5.878003542249372,7.568199647786901,0.849483285848843,30,0.019021987915039062
LightGBM,5,s4_i22,2013-11-26,2013-11-27,2013-12-26,24.71303967965121,14.3110025643368,16.68405794548959,1.5819486063551735,30,0.019811153411865234
LightGBM,5,s4_i23,2013-11-26,2013-11-27,2013-12-26,31.92701562442208,6.824705760172501,7.863598663407132,1.1374509598391749,30,0.019601821899414062
LightGBM,5,s4_i24,2013-11-26,2013-11-27,2013-12-26,27.64804058651459,13.350545711430517,15.552826876315947,1.5871278116597034,30,0.01990509033203125
LightGBM,5,s4_i25,2013-11-26,2013-11-27,2013-12-26,20.362712606411606,11.938665992546031,13.869144390570959,1.183969639303023,30,0.01976799964904785
LightGBM,5,s4_i26,2013-11-26,2013-11-27,2013-12-26,20.2915282317636,7.042663873211387,8.308399707188222,0.9868895577997886,30,0.018847942352294922
LightGBM,5,s4_i27,2013-11-26,2013-11-27,2013-12-26,38.30336544154365,6.261866210601322,7.103062275420867,1.1960868040436965,30,0.01908707618713379
LightGBM,5,s4_i28,2013-11-26,2013-11-27,2013-12-26,28.560867724500106,18.344789774889158,19.723692675718635,1.8441852152796532,30,0.020060062408447266
LightGBM,5,s4_i29,2013-11-26,2013-11-27,2013-12-26,25.137556792435266,12.9165475393703,15.518115160096784,1.28806571620888,30,0.019974231719970703
LightGBM,5,s4_i30,2013-11-26,2013-11-27,2013-12-26,22.20810830167167,6.982893026105831,8.210552373549131,1.0922394416849346,30,0.020117998123168945
LightGBM,5,s4_i31,2013-11-26,2013-11-27,2013-12-26,25.30769786837283,10.981056212476059,12.46010953223658,1.3294157257122812,30,0.019542932510375977
LightGBM,5,s4_i32,2013-11-26,2013-11-27,2013-12-26,23.118968495951506,7.536118387345038,8.699739859010814,1.0366977166855171,30,0.019232988357543945
LightGBM,5,s4_i33,2013-11-26,2013-11-27,2013-12-26,24.17749986032174,12.687525599505635,14.28489515652912,1.4767822587975925,30,0.01891303062438965
LightGBM,5,s4_i34,2013-11-26,2013-11-27,2013-12-26,35.72726885509036,6.653668575058244,7.539910744639998,1.2190215254396306,30,0.018934011459350586
LightGBM,5,s4_i35,2013-11-26,2013-11-27,2013-12-26,32.48105462310273,15.734130446803603,16.899738658453145,1.5367777846450512,30,0.019582033157348633
LightGBM,5,s4_i36,2013-11-26,2013-11-27,2013-12-26,27.751124214136464,16.26039225911125,17.482831275579624,1.7913051497661465,30,0.020592212677001953
LightGBM,5,s4_i37,2013-11-26,2013-11-27,2013-12-26,24.746611567108737,5.324026797308772,6.331961413215638,0.9628559099774529,30,0.019910097122192383
LightGBM,5,s4_i38,2013-11-26,2013-11-27,2013-12-26,27.217802997350326,16.180058247921135,17.910128823477425,1.7351124878878106,30,0.019886016845703125
LightGBM,5,s4_i39,2013-11-26,2013-11-27,2013-12-26,29.47889654227619,9.596567629163633,10.929867029101604,1.2877820290003739,30,0.020129919052124023
LightGBM,5,s4_i40,2013-11-26,2013-11-27,2013-12-26,44.85662403329712,9.586203810050932,10.72731168536754,1.5838075857467424,30,0.01961493492126465
LightGBM,5,s4_i41,2013-11-26,2013-11-27,2013-12-26,32.1185030585563,5.559446009760455,6.252251853033577,1.1216121553968432,30,0.018996000289916992
LightGBM,5,s4_i42,2013-11-26,2013-11-27,2013-12-26,25.602441684701123,7.282803339659247,8.808961976235574,1.1732396400653269,30,0.019031047821044922
LightGBM,5,s4_i43,2013-11-26,2013-11-27,2013-12-26,30.212786872524273,11.466503702490538,13.316280130836788,1.4288891571924816,30,0.019876956939697266
LightGBM,5,s4_i44,2013-11-26,2013-11-27,2013-12-26,36.99128979154002,8.13761724538114,9.389184349761242,1.4968396183226818,30,0.020006895065307617
LightGBM,5,s4_i45,2013-11-26,2013-11-27,2013-12-26,23.997418235606716,14.597761087524216,16.686351272626286,1.4634006302910127,30,0.019016265869140625
LightGBM,5,s4_i46,2013-11-26,2013-11-27,2013-12-26,30.41840118651547,13.108099216910924,14.625427396899122,1.6861473701782568,30,0.02020096778869629
LightGBM,5,s4_i47,2013-11-26,2013-11-27,2013-12-26,40.86138392247237,6.975083156260907,7.875440763159557,1.5294988859322773,30,0.02020716667175293
LightGBM,5,s4_i48,2013-11-26,2013-11-27,2013-12-26,28.502887174861613,10.517600645190111,12.699358890922225,1.3951478472056562,30,0.01976299285888672
LightGBM,5,s4_i49,2013-11-26,2013-11-27,2013-12-26,31.457987599018715,6.536517510393946,7.804524882637079,1.1159065303894327,30,0.020175933837890625
LightGBM,5,s4_i50,2013-11-26,2013-11-27,2013-12-26,28.848622145867463,13.78559613334596,15.524763651194137,1.5846076692380489,30,0.019247055053710938
